account_id,customer_id,account_type,currency,opened_date,status,dormant_flag,dormant_since,data_class
A0000001,C001267,SAVINGS,TRY,2020-09-27,OPEN,False,,CONTROLLED_SYNTHETIC
A0000002,C000640,CURRENT,TRY,2023-12-12,OPEN,False,,CONTROLLED_SYNTHETIC
A0000003,C000494,BUSINESS,TRY,2025-03-07,OPEN,False,,CONTROLLED_SYNTHETIC
A0000004,C000609,SAVINGS,TRY,2014-12-30,OPEN,False,,CONTROLLED_SYNTHETIC
A0000005,C001130,CURRENT,TRY,2023-05-16,OPEN,False,,CONTROLLED_SYNTHETIC
A0000006,C001203,PAYMENT,USD,2016-10-09,OPEN,False,,CONTROLLED_SYNTHETIC
A0000007,C000616,CURRENT,TRY,2026-01-02,OPEN,False,,CONTROLLED_SYNTHETIC
A0000008,C001737,CURRENT,TRY,2017-07-20,OPEN,False,,CONTROLLED_SYNTHETIC
A0000009,C000788,SAVINGS,TRY,2018-11-18,OPEN,False,,CONTROLLED_SYNTHETIC
A0000010,C001678,SAVINGS,TRY,2015-11-14,OPEN,False,,CONTROLLED_SYNTHETIC
A0000011,C000106,CURRENT,USD,2024-08-20,OPEN,True,1718150400000000000,CONTROLLED_SYNTHETIC
A0000012,C000290,SAVINGS,TRY,2018-11-08,OPEN,False,,CONTROLLED_SYNTHETIC
A0000013,C001392,CURRENT,TRY,2023-08-29,OPEN,False,,CONTROLLED_SYNTHETIC
A0000014,C001488,PAYMENT,USD,2023-09-15,OPEN,False,,CONTROLLED_SYNTHETIC
A0000015,C001005,PAYMENT,TRY,2022-05-26,OPEN,False,,CONTROLLED_SYNTHETIC
A0000016,C000800,SAVINGS,TRY,2017-02-28,OPEN,False,,CONTROLLED_SYNTHETIC
A0000017,C001209,BUSINESS,TRY,2015-08-13,OPEN,True,1733702400000000000,CONTROLLED_SYNTHETIC
A0000018,C001560,BUSINESS,TRY,2021-11-18,OPEN,False,,CONTROLLED_SYNTHETIC
A0000019,C001446,CURRENT,TRY,2021-09-01,OPEN,True,2025-06-26 00:00:00,CONTROLLED_SYNTHETIC
A0000020,C001116,BUSINESS,TRY,2024-10-07,OPEN,True,1732406400000000000,CONTROLLED_SYNTHETIC
A0000021,C001479,PAYMENT,TRY,2024-02-27,OPEN,False,,CONTROLLED_SYNTHETIC
A0000022,C000894,SAVINGS,TRY,2023-10-06,OPEN,False,,CONTROLLED_SYNTHETIC
A0000023,C000912,CURRENT,TRY,2016-12-12,OPEN,False,,CONTROLLED_SYNTHETIC
A0000024,C001474,CURRENT,USD,2015-09-16,OPEN,False,,CONTROLLED_SYNTHETIC
A0000025,C000282,BUSINESS,TRY,2019-10-30,OPEN,False,,CONTROLLED_SYNTHETIC
A0000026,C000884,SAVINGS,TRY,2022-12-18,OPEN,False,,CONTROLLED_SYNTHETIC
A0000027,C001566,SAVINGS,TRY,2024-07-28,OPEN,False,,CONTROLLED_SYNTHETIC
A0000028,C000456,SAVINGS,TRY,2025-11-29,OPEN,False,,CONTROLLED_SYNTHETIC
A0000029,C000755,BUSINESS,TRY,2016-07-31,OPEN,False,,CONTROLLED_SYNTHETIC
A0000030,C001598,SAVINGS,TRY,2025-10-07,OPEN,False,,CONTROLLED_SYNTHETIC
A0000031,C000240,CURRENT,TRY,2017-02-28,OPEN,False,,CONTROLLED_SYNTHETIC
A0000032,C000961,CURRENT,TRY,2024-09-03,OPEN,False,,CONTROLLED_SYNTHETIC
A0000033,C001582,CURRENT,TRY,2019-04-27,OPEN,False,,CONTROLLED_SYNTHETIC
A0000034,C000664,BUSINESS,TRY,2024-01-11,OPEN,False,,CONTROLLED_SYNTHETIC
A0000035,C000693,PAYMENT,TRY,2023-09-06,OPEN,False,,CONTROLLED_SYNTHETIC
A0000036,C000793,CURRENT,TRY,2021-06-28,OPEN,False,,CONTROLLED_SYNTHETIC
A0000037,C001563,SAVINGS,USD,2016-11-28,OPEN,False,,CONTROLLED_SYNTHETIC
A0000038,C001057,SAVINGS,USD,2018-12-30,OPEN,False,,CONTROLLED_SYNTHETIC
A0000039,C001202,SAVINGS,USD,2016-03-19,OPEN,False,,CONTROLLED_SYNTHETIC
A0000040,C000562,PAYMENT,TRY,2024-12-23,OPEN,False,,CONTROLLED_SYNTHETIC
A0000041,C000976,PAYMENT,TRY,2026-01-05,OPEN,False,,CONTROLLED_SYNTHETIC
A0000042,C000129,CURRENT,TRY,2024-11-11,OPEN,False,,CONTROLLED_SYNTHETIC
A0000043,C001256,CURRENT,TRY,2023-10-16,OPEN,False,,CONTROLLED_SYNTHETIC
A0000044,C000508,PAYMENT,TRY,2015-06-09,OPEN,True,1747699200000000000,CONTROLLED_SYNTHETIC
A0000045,C001187,SAVINGS,TRY,2024-03-19,OPEN,True,1724976000000000000,CONTROLLED_SYNTHETIC
A0000046,C001308,PAYMENT,TRY,2025-04-15,OPEN,False,,CONTROLLED_SYNTHETIC
A0000047,C000032,PAYMENT,TRY,2018-01-12,OPEN,False,,CONTROLLED_SYNTHETIC
A0000048,C000824,CURRENT,TRY,2022-06-29,OPEN,False,,CONTROLLED_SYNTHETIC
A0000049,C000198,CURRENT,USD,2025-05-30,OPEN,False,,CONTROLLED_SYNTHETIC
A0000050,C000165,PAYMENT,USD,2021-09-20,OPEN,False,,CONTROLLED_SYNTHETIC
A0000051,C000695,CURRENT,TRY,2023-02-11,OPEN,False,,CONTROLLED_SYNTHETIC
A0000052,C000199,PAYMENT,TRY,2022-01-13,OPEN,False,,CONTROLLED_SYNTHETIC
A0000053,C000048,CURRENT,TRY,2017-03-05,OPEN,False,,CONTROLLED_SYNTHETIC
A0000054,C000256,CURRENT,TRY,2025-08-19,OPEN,False,,CONTROLLED_SYNTHETIC
A0000055,C001388,BUSINESS,USD,2018-03-22,OPEN,False,,CONTROLLED_SYNTHETIC
A0000056,C001090,CURRENT,TRY,2017-06-04,OPEN,False,,CONTROLLED_SYNTHETIC
A0000057,C000900,SAVINGS,TRY,2023-06-12,OPEN,False,,CONTROLLED_SYNTHETIC
A0000058,C000272,PAYMENT,TRY,2018-10-28,OPEN,False,,CONTROLLED_SYNTHETIC
A0000059,C000064,PAYMENT,TRY,2018-02-27,OPEN,False,,CONTROLLED_SYNTHETIC
A0000060,C000090,CURRENT,TRY,2018-06-06,OPEN,False,,CONTROLLED_SYNTHETIC
A0000061,C001369,PAYMENT,TRY,2020-07-08,OPEN,False,,CONTROLLED_SYNTHETIC
A0000062,C000523,PAYMENT,TRY,2017-12-23,OPEN,False,,CONTROLLED_SYNTHETIC
A0000063,C000670,CURRENT,TRY,2016-10-08,OPEN,False,,CONTROLLED_SYNTHETIC
A0000064,C000414,SAVINGS,TRY,2015-12-12,OPEN,True,1739145600000000000,CONTROLLED_SYNTHETIC
A0000065,C001257,CURRENT,TRY,2017-01-24,OPEN,False,,CONTROLLED_SYNTHETIC
A0000066,C001770,CURRENT,TRY,2017-11-19,OPEN,True,1738627200000000000,CONTROLLED_SYNTHETIC
A0000067,C001675,SAVINGS,TRY,2015-06-27,OPEN,False,,CONTROLLED_SYNTHETIC
A0000068,C001710,PAYMENT,EUR,2020-02-17,OPEN,False,,CONTROLLED_SYNTHETIC
A0000069,C000395,CURRENT,TRY,2023-02-28,OPEN,False,,CONTROLLED_SYNTHETIC
A0000070,C001046,CURRENT,TRY,2022-12-25,OPEN,False,,CONTROLLED_SYNTHETIC
A0000071,C000023,SAVINGS,TRY,2025-03-04,OPEN,False,,CONTROLLED_SYNTHETIC
A0000072,C000962,SAVINGS,TRY,2019-04-12,OPEN,False,,CONTROLLED_SYNTHETIC
A0000073,C001430,PAYMENT,TRY,2019-01-30,OPEN,False,,CONTROLLED_SYNTHETIC
A0000074,C001419,CURRENT,TRY,2020-09-27,OPEN,False,,CONTROLLED_SYNTHETIC
A0000075,C000747,PAYMENT,EUR,2021-02-24,OPEN,False,,CONTROLLED_SYNTHETIC
A0000076,C000515,PAYMENT,TRY,2015-03-04,OPEN,False,,CONTROLLED_SYNTHETIC
A0000077,C000887,CURRENT,TRY,2025-11-10,OPEN,False,,CONTROLLED_SYNTHETIC
A0000078,C000619,BUSINESS,TRY,2019-12-15,OPEN,True,1722384000000000000,CONTROLLED_SYNTHETIC
A0000079,C001215,CURRENT,USD,2017-02-19,OPEN,False,,CONTROLLED_SYNTHETIC
A0000080,C000374,PAYMENT,TRY,2019-05-24,OPEN,False,,CONTROLLED_SYNTHETIC
A0000081,C001607,CURRENT,TRY,2022-04-07,OPEN,False,,CONTROLLED_SYNTHETIC
A0000082,C000936,CURRENT,TRY,2021-01-24,OPEN,False,,CONTROLLED_SYNTHETIC
A0000083,C001788,PAYMENT,TRY,2023-07-03,OPEN,False,,CONTROLLED_SYNTHETIC
A0000084,C000217,CURRENT,EUR,2016-02-23,OPEN,False,,CONTROLLED_SYNTHETIC
A0000085,C000304,CURRENT,TRY,2015-10-13,OPEN,False,,CONTROLLED_SYNTHETIC
A0000086,C000880,PAYMENT,TRY,2023-06-02,OPEN,False,,CONTROLLED_SYNTHETIC
A0000087,C001747,BUSINESS,TRY,2018-01-02,OPEN,False,,CONTROLLED_SYNTHETIC
A0000088,C000968,PAYMENT,USD,2019-05-15,OPEN,False,,CONTROLLED_SYNTHETIC
A0000089,C000863,CURRENT,USD,2019-05-20,OPEN,False,,CONTROLLED_SYNTHETIC
A0000090,C001022,SAVINGS,TRY,2021-01-17,OPEN,False,,CONTROLLED_SYNTHETIC
A0000091,C000386,SAVINGS,TRY,2016-05-17,OPEN,False,,CONTROLLED_SYNTHETIC
A0000092,C001009,CURRENT,TRY,2020-03-28,OPEN,False,,CONTROLLED_SYNTHETIC
A0000093,C001054,SAVINGS,TRY,2014-12-24,OPEN,False,,CONTROLLED_SYNTHETIC
A0000094,C000575,BUSINESS,TRY,2022-04-12,OPEN,False,,CONTROLLED_SYNTHETIC
A0000095,C001732,CURRENT,TRY,2021-12-09,OPEN,False,,CONTROLLED_SYNTHETIC
A0000096,C000771,PAYMENT,TRY,2018-09-28,OPEN,False,,CONTROLLED_SYNTHETIC
A0000097,C000358,PAYMENT,TRY,2020-08-23,OPEN,False,,CONTROLLED_SYNTHETIC
A0000098,C001644,CURRENT,TRY,2022-09-08,OPEN,False,,CONTROLLED_SYNTHETIC
A0000099,C000569,CURRENT,TRY,2023-05-10,OPEN,False,,CONTROLLED_SYNTHETIC
A0000100,C001588,SAVINGS,TRY,2022-04-03,OPEN,False,,CONTROLLED_SYNTHETIC
A0000101,C001782,CURRENT,TRY,2021-01-07,OPEN,False,,CONTROLLED_SYNTHETIC
A0000102,C000873,CURRENT,TRY,2025-12-23,OPEN,False,,CONTROLLED_SYNTHETIC
A0000103,C000372,CURRENT,TRY,2025-05-28,OPEN,False,,CONTROLLED_SYNTHETIC
A0000104,C000602,SAVINGS,TRY,2021-11-09,OPEN,False,,CONTROLLED_SYNTHETIC
A0000105,C000786,BUSINESS,TRY,2015-05-05,OPEN,False,,CONTROLLED_SYNTHETIC
A0000106,C000149,CURRENT,TRY,2016-07-01,OPEN,False,,CONTROLLED_SYNTHETIC
A0000107,C001218,CURRENT,TRY,2016-09-11,OPEN,False,,CONTROLLED_SYNTHETIC
A0000108,C000547,CURRENT,TRY,2023-05-29,OPEN,False,,CONTROLLED_SYNTHETIC
A0000109,C000922,PAYMENT,TRY,2017-12-11,OPEN,True,2025-06-26 00:00:00,CONTROLLED_SYNTHETIC
A0000110,C001606,PAYMENT,TRY,2023-04-11,OPEN,False,,CONTROLLED_SYNTHETIC
A0000111,C000218,CURRENT,EUR,2014-11-27,OPEN,False,,CONTROLLED_SYNTHETIC
A0000112,C000114,SAVINGS,TRY,2020-09-29,OPEN,False,,CONTROLLED_SYNTHETIC
A0000113,C000688,SAVINGS,TRY,2018-05-24,OPEN,False,,CONTROLLED_SYNTHETIC
A0000114,C000174,BUSINESS,EUR,2016-02-29,OPEN,False,,CONTROLLED_SYNTHETIC
A0000115,C001074,SAVINGS,TRY,2019-10-11,OPEN,False,,CONTROLLED_SYNTHETIC
A0000116,C001556,CURRENT,TRY,2025-02-18,OPEN,False,,CONTROLLED_SYNTHETIC
A0000117,C000909,SAVINGS,TRY,2025-02-14,OPEN,False,,CONTROLLED_SYNTHETIC
A0000118,C000264,SAVINGS,USD,2021-03-07,OPEN,True,1769212800000000000,CONTROLLED_SYNTHETIC
A0000119,C001353,BUSINESS,TRY,2025-05-17,OPEN,True,1757635200000000000,CONTROLLED_SYNTHETIC
A0000120,C000860,PAYMENT,USD,2021-12-12,OPEN,False,,CONTROLLED_SYNTHETIC
A0000121,C000993,PAYMENT,TRY,2018-03-22,OPEN,False,,CONTROLLED_SYNTHETIC
A0000122,C000322,BUSINESS,TRY,2017-10-15,OPEN,False,,CONTROLLED_SYNTHETIC
A0000123,C001494,SAVINGS,TRY,2018-01-23,OPEN,False,,CONTROLLED_SYNTHETIC
A0000124,C001557,CURRENT,TRY,2025-09-04,OPEN,False,,CONTROLLED_SYNTHETIC
A0000125,C001656,SAVINGS,TRY,2017-05-10,OPEN,False,,CONTROLLED_SYNTHETIC
A0000126,C001555,CURRENT,EUR,2017-11-01,OPEN,False,,CONTROLLED_SYNTHETIC
A0000127,C001216,CURRENT,TRY,2015-12-14,OPEN,False,,CONTROLLED_SYNTHETIC
A0000128,C000849,CURRENT,TRY,2023-06-08,OPEN,False,,CONTROLLED_SYNTHETIC
A0000129,C000975,PAYMENT,EUR,2019-04-29,OPEN,False,,CONTROLLED_SYNTHETIC
A0000130,C000478,CURRENT,TRY,2019-02-06,OPEN,False,,CONTROLLED_SYNTHETIC
A0000131,C001244,CURRENT,TRY,2021-01-24,OPEN,False,,CONTROLLED_SYNTHETIC
A0000132,C001338,CURRENT,TRY,2024-05-05,OPEN,False,,CONTROLLED_SYNTHETIC
A0000133,C001359,CURRENT,TRY,2025-11-04,OPEN,False,,CONTROLLED_SYNTHETIC
A0000134,C001654,PAYMENT,TRY,2020-03-22,OPEN,False,,CONTROLLED_SYNTHETIC
A0000135,C001340,PAYMENT,USD,2015-11-22,OPEN,False,,CONTROLLED_SYNTHETIC
A0000136,C001274,PAYMENT,TRY,2015-01-21,OPEN,False,,CONTROLLED_SYNTHETIC
A0000137,C001449,PAYMENT,TRY,2024-10-11,OPEN,False,,CONTROLLED_SYNTHETIC
A0000138,C000045,SAVINGS,TRY,2023-08-27,OPEN,False,,CONTROLLED_SYNTHETIC
A0000139,C000769,SAVINGS,TRY,2020-02-26,OPEN,False,,CONTROLLED_SYNTHETIC
A0000140,C000411,CURRENT,TRY,2018-05-15,OPEN,False,,CONTROLLED_SYNTHETIC
A0000141,C000409,CURRENT,TRY,2021-08-31,OPEN,False,,CONTROLLED_SYNTHETIC
A0000142,C000142,CURRENT,TRY,2016-06-22,OPEN,False,,CONTROLLED_SYNTHETIC
A0000143,C001653,CURRENT,TRY,2024-11-24,OPEN,True,1753056000000000000,CONTROLLED_SYNTHETIC
A0000144,C000587,PAYMENT,TRY,2022-12-04,OPEN,False,,CONTROLLED_SYNTHETIC
A0000145,C000983,PAYMENT,TRY,2020-04-11,OPEN,False,,CONTROLLED_SYNTHETIC
A0000146,C000631,SAVINGS,TRY,2018-09-27,OPEN,False,,CONTROLLED_SYNTHETIC
A0000147,C001308,SAVINGS,USD,2021-04-07,OPEN,False,,CONTROLLED_SYNTHETIC
A0000148,C000573,PAYMENT,TRY,2015-03-12,OPEN,False,,CONTROLLED_SYNTHETIC
A0000149,C000546,CURRENT,TRY,2017-03-06,OPEN,False,,CONTROLLED_SYNTHETIC
A0000150,C000473,CURRENT,TRY,2015-07-02,OPEN,False,,CONTROLLED_SYNTHETIC
A0000151,C000107,PAYMENT,TRY,2015-02-19,OPEN,False,,CONTROLLED_SYNTHETIC
A0000152,C000692,SAVINGS,TRY,2023-06-23,OPEN,False,,CONTROLLED_SYNTHETIC
A0000153,C000329,SAVINGS,TRY,2023-09-06,OPEN,False,,CONTROLLED_SYNTHETIC
A0000154,C000949,SAVINGS,TRY,2023-06-05,OPEN,False,,CONTROLLED_SYNTHETIC
A0000155,C001318,CURRENT,TRY,2018-04-19,OPEN,False,,CONTROLLED_SYNTHETIC
A0000156,C001460,SAVINGS,TRY,2019-03-13,OPEN,False,,CONTROLLED_SYNTHETIC
A0000157,C001698,PAYMENT,TRY,2015-07-23,OPEN,False,,CONTROLLED_SYNTHETIC
A0000158,C001006,SAVINGS,TRY,2019-01-18,OPEN,False,,CONTROLLED_SYNTHETIC
A0000159,C001432,CURRENT,TRY,2018-07-22,OPEN,False,,CONTROLLED_SYNTHETIC
A0000160,C000479,CURRENT,TRY,2022-05-13,OPEN,True,1761955200000000000,CONTROLLED_SYNTHETIC
A0000161,C000421,CURRENT,TRY,2025-05-23,OPEN,False,,CONTROLLED_SYNTHETIC
A0000162,C000898,SAVINGS,TRY,2026-01-08,OPEN,False,,CONTROLLED_SYNTHETIC
A0000163,C001656,CURRENT,TRY,2024-01-02,OPEN,False,,CONTROLLED_SYNTHETIC
A0000164,C001519,SAVINGS,USD,2022-10-13,OPEN,False,,CONTROLLED_SYNTHETIC
A0000165,C000368,SAVINGS,TRY,2019-06-19,OPEN,False,,CONTROLLED_SYNTHETIC
A0000166,C001367,CURRENT,TRY,2020-03-27,OPEN,False,,CONTROLLED_SYNTHETIC
A0000167,C001303,CURRENT,TRY,2023-01-16,OPEN,False,,CONTROLLED_SYNTHETIC
A0000168,C001329,CURRENT,TRY,2019-07-08,OPEN,False,,CONTROLLED_SYNTHETIC
A0000169,C001252,PAYMENT,TRY,2023-09-07,OPEN,False,,CONTROLLED_SYNTHETIC
A0000170,C001511,SAVINGS,TRY,2025-09-07,OPEN,False,,CONTROLLED_SYNTHETIC
A0000171,C001603,CURRENT,TRY,2018-04-12,OPEN,False,,CONTROLLED_SYNTHETIC
A0000172,C000623,BUSINESS,TRY,2023-01-18,OPEN,False,,CONTROLLED_SYNTHETIC
A0000173,C000617,SAVINGS,TRY,2024-03-19,OPEN,False,,CONTROLLED_SYNTHETIC
A0000174,C000062,CURRENT,TRY,2025-04-06,OPEN,False,,CONTROLLED_SYNTHETIC
A0000175,C001441,PAYMENT,TRY,2017-11-24,OPEN,False,,CONTROLLED_SYNTHETIC
A0000176,C000442,BUSINESS,TRY,2015-03-27,OPEN,False,,CONTROLLED_SYNTHETIC
A0000177,C000921,CURRENT,TRY,2023-07-21,OPEN,False,,CONTROLLED_SYNTHETIC
A0000178,C001773,CURRENT,TRY,2015-03-29,OPEN,False,,CONTROLLED_SYNTHETIC
A0000179,C000061,CURRENT,TRY,2021-08-16,OPEN,False,,CONTROLLED_SYNTHETIC
A0000180,C001124,CURRENT,TRY,2015-11-12,OPEN,False,,CONTROLLED_SYNTHETIC
A0000181,C001198,CURRENT,USD,2019-02-10,OPEN,False,,CONTROLLED_SYNTHETIC
A0000182,C000530,CURRENT,TRY,2021-11-14,OPEN,False,,CONTROLLED_SYNTHETIC
A0000183,C000586,SAVINGS,USD,2017-10-27,OPEN,False,,CONTROLLED_SYNTHETIC
A0000184,C001301,CURRENT,TRY,2016-11-29,OPEN,False,,CONTROLLED_SYNTHETIC
A0000185,C001769,CURRENT,TRY,2025-08-04,OPEN,False,,CONTROLLED_SYNTHETIC
A0000186,C001648,BUSINESS,TRY,2021-12-10,OPEN,False,,CONTROLLED_SYNTHETIC
A0000187,C000328,PAYMENT,TRY,2018-07-12,OPEN,False,,CONTROLLED_SYNTHETIC
A0000188,C000008,CURRENT,TRY,2017-12-28,OPEN,False,,CONTROLLED_SYNTHETIC
A0000189,C001793,SAVINGS,EUR,2020-11-27,OPEN,False,,CONTROLLED_SYNTHETIC
A0000190,C001026,CURRENT,TRY,2026-01-17,OPEN,True,1754611200000000000,CONTROLLED_SYNTHETIC
A0000191,C001484,SAVINGS,EUR,2019-11-07,OPEN,False,,CONTROLLED_SYNTHETIC
A0000192,C000893,BUSINESS,TRY,2020-12-16,OPEN,False,,CONTROLLED_SYNTHETIC
A0000193,C000622,SAVINGS,TRY,2022-03-21,OPEN,False,,CONTROLLED_SYNTHETIC
A0000194,C001147,CURRENT,TRY,2019-11-08,OPEN,False,,CONTROLLED_SYNTHETIC
A0000195,C000152,PAYMENT,TRY,2024-09-18,OPEN,False,,CONTROLLED_SYNTHETIC
A0000196,C000674,SAVINGS,TRY,2023-05-25,OPEN,False,,CONTROLLED_SYNTHETIC
A0000197,C000457,CURRENT,TRY,2019-07-28,OPEN,False,,CONTROLLED_SYNTHETIC
A0000198,C001698,SAVINGS,TRY,2019-12-07,OPEN,True,1735776000000000000,CONTROLLED_SYNTHETIC
A0000199,C000791,CURRENT,TRY,2016-08-23,OPEN,False,,CONTROLLED_SYNTHETIC
A0000200,C000656,CURRENT,TRY,2026-02-09,OPEN,False,,CONTROLLED_SYNTHETIC
A0000201,C000119,CURRENT,TRY,2019-12-22,OPEN,False,,CONTROLLED_SYNTHETIC
A0000202,C001447,SAVINGS,TRY,2022-05-05,OPEN,False,,CONTROLLED_SYNTHETIC
A0000203,C001652,CURRENT,TRY,2016-07-06,OPEN,False,,CONTROLLED_SYNTHETIC
A0000204,C000262,BUSINESS,TRY,2025-07-10,OPEN,False,,CONTROLLED_SYNTHETIC
A0000205,C000502,SAVINGS,TRY,2024-05-29,OPEN,False,,CONTROLLED_SYNTHETIC
A0000206,C001325,SAVINGS,USD,2017-02-13,OPEN,False,,CONTROLLED_SYNTHETIC
A0000207,C001386,PAYMENT,TRY,2019-08-23,OPEN,False,,CONTROLLED_SYNTHETIC
A0000208,C000441,PAYMENT,USD,2024-07-01,OPEN,False,,CONTROLLED_SYNTHETIC
A0000209,C001456,CURRENT,TRY,2021-10-18,OPEN,False,,CONTROLLED_SYNTHETIC
A0000210,C001693,SAVINGS,TRY,2015-04-10,OPEN,False,,CONTROLLED_SYNTHETIC
A0000211,C000345,SAVINGS,TRY,2021-08-16,OPEN,False,,CONTROLLED_SYNTHETIC
A0000212,C000366,SAVINGS,TRY,2015-02-21,OPEN,False,,CONTROLLED_SYNTHETIC
A0000213,C000286,SAVINGS,TRY,2023-07-24,OPEN,False,,CONTROLLED_SYNTHETIC
A0000214,C001126,CURRENT,TRY,2019-02-07,OPEN,True,1755129600000000000,CONTROLLED_SYNTHETIC
A0000215,C000946,CURRENT,TRY,2015-12-21,OPEN,False,,CONTROLLED_SYNTHETIC
A0000216,C001204,SAVINGS,TRY,2024-03-21,OPEN,False,,CONTROLLED_SYNTHETIC
A0000217,C000467,SAVINGS,TRY,2023-11-23,OPEN,False,,CONTROLLED_SYNTHETIC
A0000218,C001743,PAYMENT,TRY,2022-01-22,OPEN,False,,CONTROLLED_SYNTHETIC
A0000219,C000969,PAYMENT,TRY,2015-02-22,OPEN,False,,CONTROLLED_SYNTHETIC
A0000220,C000326,CURRENT,TRY,2025-12-11,OPEN,False,,CONTROLLED_SYNTHETIC
A0000221,C000446,PAYMENT,TRY,2017-08-20,OPEN,False,,CONTROLLED_SYNTHETIC
A0000222,C000811,PAYMENT,TRY,2017-05-31,OPEN,False,,CONTROLLED_SYNTHETIC
A0000223,C000926,PAYMENT,TRY,2025-02-17,OPEN,False,,CONTROLLED_SYNTHETIC
A0000224,C000470,BUSINESS,TRY,2016-03-14,OPEN,False,,CONTROLLED_SYNTHETIC
A0000225,C000223,PAYMENT,TRY,2021-08-10,OPEN,False,,CONTROLLED_SYNTHETIC
A0000226,C000468,BUSINESS,TRY,2015-03-12,OPEN,False,,CONTROLLED_SYNTHETIC
A0000227,C000979,CURRENT,TRY,2022-10-11,OPEN,True,1723334400000000000,CONTROLLED_SYNTHETIC
A0000228,C001259,SAVINGS,TRY,2021-12-27,OPEN,False,,CONTROLLED_SYNTHETIC
A0000229,C000766,CURRENT,TRY,2015-05-06,OPEN,False,,CONTROLLED_SYNTHETIC
A0000230,C000497,PAYMENT,TRY,2023-05-24,OPEN,False,,CONTROLLED_SYNTHETIC
A0000231,C000574,CURRENT,TRY,2024-03-25,OPEN,False,,CONTROLLED_SYNTHETIC
A0000232,C000060,CURRENT,TRY,2025-05-06,OPEN,False,,CONTROLLED_SYNTHETIC
A0000233,C001164,CURRENT,TRY,2018-03-23,OPEN,False,,CONTROLLED_SYNTHETIC
A0000234,C000965,SAVINGS,TRY,2019-09-17,OPEN,False,,CONTROLLED_SYNTHETIC
A0000235,C000944,CURRENT,TRY,2017-05-16,OPEN,False,,CONTROLLED_SYNTHETIC
A0000236,C000482,CURRENT,EUR,2026-01-07,OPEN,True,1748563200000000000,CONTROLLED_SYNTHETIC
A0000237,C000838,SAVINGS,TRY,2018-01-08,OPEN,False,,CONTROLLED_SYNTHETIC
A0000238,C000367,CURRENT,TRY,2016-02-13,OPEN,False,,CONTROLLED_SYNTHETIC
A0000239,C000769,CURRENT,TRY,2015-11-10,OPEN,False,,CONTROLLED_SYNTHETIC
A0000240,C001783,PAYMENT,TRY,2020-08-31,OPEN,False,,CONTROLLED_SYNTHETIC
A0000241,C000279,SAVINGS,TRY,2023-10-06,OPEN,False,,CONTROLLED_SYNTHETIC
A0000242,C000642,CURRENT,TRY,2017-04-26,OPEN,False,,CONTROLLED_SYNTHETIC
A0000243,C001245,CURRENT,TRY,2019-06-11,OPEN,False,,CONTROLLED_SYNTHETIC
A0000244,C000588,BUSINESS,TRY,2016-12-25,OPEN,False,,CONTROLLED_SYNTHETIC
A0000245,C000198,CURRENT,TRY,2025-02-21,OPEN,False,,CONTROLLED_SYNTHETIC
A0000246,C000847,CURRENT,EUR,2017-01-14,OPEN,False,,CONTROLLED_SYNTHETIC
A0000247,C000797,CURRENT,TRY,2024-05-10,OPEN,False,,CONTROLLED_SYNTHETIC
A0000248,C000384,SAVINGS,EUR,2019-10-14,OPEN,False,,CONTROLLED_SYNTHETIC
A0000249,C000382,PAYMENT,TRY,2019-06-02,OPEN,True,1743984000000000000,CONTROLLED_SYNTHETIC
A0000250,C001593,CURRENT,EUR,2018-12-23,OPEN,False,,CONTROLLED_SYNTHETIC
A0000251,C000342,PAYMENT,TRY,2024-07-28,OPEN,False,,CONTROLLED_SYNTHETIC
A0000252,C000724,CURRENT,TRY,2014-12-11,OPEN,False,,CONTROLLED_SYNTHETIC
A0000253,C000837,CURRENT,EUR,2024-09-11,OPEN,False,,CONTROLLED_SYNTHETIC
A0000254,C001624,SAVINGS,TRY,2017-12-30,OPEN,False,,CONTROLLED_SYNTHETIC
A0000255,C000100,CURRENT,TRY,2022-06-07,OPEN,True,1722470400000000000,CONTROLLED_SYNTHETIC
A0000256,C000625,BUSINESS,TRY,2020-11-28,OPEN,False,,CONTROLLED_SYNTHETIC
A0000257,C001317,PAYMENT,TRY,2023-11-03,OPEN,False,,CONTROLLED_SYNTHETIC
A0000258,C001169,CURRENT,TRY,2016-10-20,OPEN,False,,CONTROLLED_SYNTHETIC
A0000259,C001024,CURRENT,TRY,2023-11-27,OPEN,False,,CONTROLLED_SYNTHETIC
A0000260,C000885,SAVINGS,TRY,2018-06-16,OPEN,False,,CONTROLLED_SYNTHETIC
A0000261,C000591,SAVINGS,TRY,2022-11-22,OPEN,False,,CONTROLLED_SYNTHETIC
A0000262,C000044,PAYMENT,TRY,2023-06-08,OPEN,False,,CONTROLLED_SYNTHETIC
A0000263,C000779,SAVINGS,TRY,2018-04-27,OPEN,False,,CONTROLLED_SYNTHETIC
A0000264,C000572,CURRENT,TRY,2021-03-21,OPEN,True,1733616000000000000,CONTROLLED_SYNTHETIC
A0000265,C000859,PAYMENT,TRY,2015-05-22,OPEN,False,,CONTROLLED_SYNTHETIC
A0000266,C000956,CURRENT,USD,2026-02-01,OPEN,True,2025-06-26 00:00:00,CONTROLLED_SYNTHETIC
A0000267,C001067,PAYMENT,TRY,2025-10-13,OPEN,False,,CONTROLLED_SYNTHETIC
A0000268,C000899,PAYMENT,USD,2022-06-03,OPEN,False,,CONTROLLED_SYNTHETIC
A0000269,C000194,SAVINGS,TRY,2019-01-22,OPEN,False,,CONTROLLED_SYNTHETIC
A0000270,C001387,CURRENT,TRY,2017-01-30,OPEN,False,,CONTROLLED_SYNTHETIC
A0000271,C001486,CURRENT,TRY,2015-11-25,OPEN,False,,CONTROLLED_SYNTHETIC
A0000272,C000981,CURRENT,EUR,2025-02-18,OPEN,True,1724457600000000000,CONTROLLED_SYNTHETIC
A0000273,C001229,SAVINGS,USD,2021-08-08,OPEN,False,,CONTROLLED_SYNTHETIC
A0000274,C000829,PAYMENT,TRY,2015-05-02,OPEN,False,,CONTROLLED_SYNTHETIC
A0000275,C001761,CURRENT,TRY,2017-02-04,OPEN,False,,CONTROLLED_SYNTHETIC
A0000276,C001399,SAVINGS,TRY,2023-04-30,OPEN,False,,CONTROLLED_SYNTHETIC
A0000277,C001389,PAYMENT,USD,2023-02-04,OPEN,False,,CONTROLLED_SYNTHETIC
A0000278,C000016,SAVINGS,TRY,2026-01-06,OPEN,False,,CONTROLLED_SYNTHETIC
A0000279,C001000,PAYMENT,USD,2023-11-19,OPEN,False,,CONTROLLED_SYNTHETIC
A0000280,C000964,PAYMENT,TRY,2019-04-16,OPEN,False,,CONTROLLED_SYNTHETIC
A0000281,C000130,PAYMENT,TRY,2023-08-29,OPEN,False,,CONTROLLED_SYNTHETIC
A0000282,C000548,CURRENT,TRY,2021-01-03,OPEN,False,,CONTROLLED_SYNTHETIC
A0000283,C001127,CURRENT,TRY,2017-07-08,OPEN,False,,CONTROLLED_SYNTHETIC
A0000284,C000139,SAVINGS,TRY,2022-04-06,OPEN,False,,CONTROLLED_SYNTHETIC
A0000285,C000664,CURRENT,TRY,2018-05-21,OPEN,False,,CONTROLLED_SYNTHETIC
A0000286,C000241,PAYMENT,TRY,2018-01-30,OPEN,False,,CONTROLLED_SYNTHETIC
A0000287,C000202,SAVINGS,TRY,2021-06-16,OPEN,False,,CONTROLLED_SYNTHETIC
A0000288,C000469,PAYMENT,TRY,2021-12-15,OPEN,False,,CONTROLLED_SYNTHETIC
A0000289,C000504,CURRENT,TRY,2017-04-23,OPEN,False,,CONTROLLED_SYNTHETIC
A0000290,C000858,CURRENT,TRY,2020-07-07,OPEN,False,,CONTROLLED_SYNTHETIC
A0000291,C000080,CURRENT,TRY,2021-01-21,OPEN,False,,CONTROLLED_SYNTHETIC
A0000292,C000249,SAVINGS,USD,2025-02-07,OPEN,False,,CONTROLLED_SYNTHETIC
A0000293,C000102,CURRENT,TRY,2024-02-06,OPEN,False,,CONTROLLED_SYNTHETIC
A0000294,C000682,PAYMENT,TRY,2022-09-04,OPEN,False,,CONTROLLED_SYNTHETIC
A0000295,C000005,PAYMENT,TRY,2021-06-06,OPEN,False,,CONTROLLED_SYNTHETIC
A0000296,C001629,PAYMENT,TRY,2024-01-13,OPEN,False,,CONTROLLED_SYNTHETIC
A0000297,C001102,SAVINGS,TRY,2019-03-16,OPEN,False,,CONTROLLED_SYNTHETIC
A0000298,C000925,CURRENT,TRY,2018-12-08,OPEN,False,,CONTROLLED_SYNTHETIC
A0000299,C001739,SAVINGS,TRY,2020-11-15,OPEN,False,,CONTROLLED_SYNTHETIC
A0000300,C001655,PAYMENT,TRY,2015-11-09,OPEN,False,,CONTROLLED_SYNTHETIC
A0000301,C000743,SAVINGS,TRY,2022-06-29,OPEN,False,,CONTROLLED_SYNTHETIC
A0000302,C000132,BUSINESS,TRY,2018-01-13,OPEN,False,,CONTROLLED_SYNTHETIC
A0000303,C000823,SAVINGS,TRY,2016-11-13,OPEN,False,,CONTROLLED_SYNTHETIC
A0000304,C001569,PAYMENT,TRY,2018-11-30,OPEN,False,,CONTROLLED_SYNTHETIC
A0000305,C000572,SAVINGS,TRY,2017-06-11,OPEN,False,,CONTROLLED_SYNTHETIC
A0000306,C000643,SAVINGS,TRY,2022-05-12,OPEN,False,,CONTROLLED_SYNTHETIC
A0000307,C001341,PAYMENT,TRY,2015-09-03,OPEN,False,,CONTROLLED_SYNTHETIC
A0000308,C001631,BUSINESS,TRY,2015-01-23,OPEN,False,,CONTROLLED_SYNTHETIC
A0000309,C001108,CURRENT,TRY,2021-10-14,OPEN,False,,CONTROLLED_SYNTHETIC
A0000310,C000606,CURRENT,TRY,2017-08-15,OPEN,False,,CONTROLLED_SYNTHETIC
A0000311,C001177,PAYMENT,TRY,2018-11-01,OPEN,False,,CONTROLLED_SYNTHETIC
A0000312,C000008,PAYMENT,TRY,2024-01-12,OPEN,False,,CONTROLLED_SYNTHETIC
A0000313,C000049,SAVINGS,TRY,2016-11-27,OPEN,False,,CONTROLLED_SYNTHETIC
A0000314,C001196,PAYMENT,TRY,2025-12-22,OPEN,False,,CONTROLLED_SYNTHETIC
A0000315,C001162,CURRENT,TRY,2020-08-11,OPEN,False,,CONTROLLED_SYNTHETIC
A0000316,C001646,SAVINGS,TRY,2023-03-31,OPEN,False,,CONTROLLED_SYNTHETIC
A0000317,C001290,CURRENT,EUR,2020-09-26,OPEN,False,,CONTROLLED_SYNTHETIC
A0000318,C000001,SAVINGS,TRY,2021-05-25,OPEN,False,,CONTROLLED_SYNTHETIC
A0000319,C001284,BUSINESS,TRY,2019-04-22,OPEN,True,1746403200000000000,CONTROLLED_SYNTHETIC
A0000320,C001390,CURRENT,TRY,2025-09-12,OPEN,False,,CONTROLLED_SYNTHETIC
A0000321,C000121,CURRENT,USD,2021-03-25,OPEN,False,,CONTROLLED_SYNTHETIC
A0000322,C000351,CURRENT,TRY,2022-01-22,OPEN,False,,CONTROLLED_SYNTHETIC
A0000323,C001570,CURRENT,USD,2019-10-23,OPEN,False,,CONTROLLED_SYNTHETIC
A0000324,C000697,CURRENT,TRY,2019-02-04,OPEN,False,,CONTROLLED_SYNTHETIC
A0000325,C001625,CURRENT,TRY,2019-09-30,OPEN,False,,CONTROLLED_SYNTHETIC
A0000326,C000308,BUSINESS,TRY,2018-07-08,OPEN,False,,CONTROLLED_SYNTHETIC
A0000327,C000211,SAVINGS,TRY,2016-06-15,OPEN,False,,CONTROLLED_SYNTHETIC
A0000328,C000730,SAVINGS,USD,2025-09-18,OPEN,False,,CONTROLLED_SYNTHETIC
A0000329,C001422,PAYMENT,TRY,2015-02-11,OPEN,False,,CONTROLLED_SYNTHETIC
A0000330,C000325,CURRENT,TRY,2019-02-14,OPEN,False,,CONTROLLED_SYNTHETIC
A0000331,C001486,PAYMENT,TRY,2024-04-26,OPEN,False,,CONTROLLED_SYNTHETIC
A0000332,C001343,BUSINESS,TRY,2017-04-30,OPEN,False,,CONTROLLED_SYNTHETIC
A0000333,C001298,CURRENT,TRY,2015-08-15,OPEN,False,,CONTROLLED_SYNTHETIC
A0000334,C000459,PAYMENT,TRY,2017-02-09,OPEN,False,,CONTROLLED_SYNTHETIC
A0000335,C001080,SAVINGS,TRY,2014-11-20,OPEN,False,,CONTROLLED_SYNTHETIC
A0000336,C001749,CURRENT,TRY,2025-08-09,OPEN,False,,CONTROLLED_SYNTHETIC
A0000337,C001483,BUSINESS,TRY,2017-11-21,OPEN,False,,CONTROLLED_SYNTHETIC
A0000338,C000834,PAYMENT,USD,2021-09-24,OPEN,False,,CONTROLLED_SYNTHETIC
A0000339,C001645,CURRENT,TRY,2021-06-21,OPEN,False,,CONTROLLED_SYNTHETIC
A0000340,C000036,SAVINGS,USD,2015-08-15,OPEN,False,,CONTROLLED_SYNTHETIC
A0000341,C000854,CURRENT,TRY,2025-05-01,OPEN,False,,CONTROLLED_SYNTHETIC
A0000342,C000278,CURRENT,TRY,2025-07-08,OPEN,False,,CONTROLLED_SYNTHETIC
A0000343,C001050,SAVINGS,TRY,2015-02-18,OPEN,True,1753488000000000000,CONTROLLED_SYNTHETIC
A0000344,C000420,SAVINGS,TRY,2016-08-28,OPEN,False,,CONTROLLED_SYNTHETIC
A0000345,C001415,PAYMENT,TRY,2020-06-20,OPEN,False,,CONTROLLED_SYNTHETIC
A0000346,C001444,CURRENT,TRY,2022-06-19,OPEN,False,,CONTROLLED_SYNTHETIC
A0000347,C001105,CURRENT,TRY,2024-12-24,OPEN,False,,CONTROLLED_SYNTHETIC
A0000348,C000053,SAVINGS,TRY,2023-05-11,OPEN,False,,CONTROLLED_SYNTHETIC
A0000349,C000007,CURRENT,TRY,2017-05-31,OPEN,False,,CONTROLLED_SYNTHETIC
A0000350,C000977,CURRENT,TRY,2019-04-17,OPEN,False,,CONTROLLED_SYNTHETIC
A0000351,C000755,SAVINGS,TRY,2016-10-25,OPEN,False,,CONTROLLED_SYNTHETIC
A0000352,C000084,CURRENT,TRY,2023-08-31,OPEN,False,,CONTROLLED_SYNTHETIC
A0000353,C001697,BUSINESS,TRY,2024-06-25,OPEN,True,1713830400000000000,CONTROLLED_SYNTHETIC
A0000354,C001507,CURRENT,EUR,2017-07-04,OPEN,False,,CONTROLLED_SYNTHETIC
A0000355,C001178,PAYMENT,TRY,2019-12-21,OPEN,False,,CONTROLLED_SYNTHETIC
A0000356,C001437,CURRENT,TRY,2017-04-28,OPEN,False,,CONTROLLED_SYNTHETIC
A0000357,C000093,PAYMENT,TRY,2015-11-30,OPEN,False,,CONTROLLED_SYNTHETIC
A0000358,C001502,SAVINGS,TRY,2019-08-24,OPEN,False,,CONTROLLED_SYNTHETIC
A0000359,C001056,CURRENT,TRY,2016-04-01,OPEN,False,,CONTROLLED_SYNTHETIC
A0000360,C000733,BUSINESS,TRY,2016-08-09,OPEN,False,,CONTROLLED_SYNTHETIC
A0000361,C000839,CURRENT,TRY,2019-01-17,OPEN,True,1713571200000000000,CONTROLLED_SYNTHETIC
A0000362,C001738,CURRENT,TRY,2015-04-16,OPEN,False,,CONTROLLED_SYNTHETIC
A0000363,C001265,BUSINESS,TRY,2018-06-20,OPEN,False,,CONTROLLED_SYNTHETIC
A0000364,C000511,SAVINGS,TRY,2025-02-05,OPEN,False,,CONTROLLED_SYNTHETIC
A0000365,C000866,BUSINESS,TRY,2015-11-03,OPEN,False,,CONTROLLED_SYNTHETIC
A0000366,C001567,BUSINESS,TRY,2017-09-01,OPEN,False,,CONTROLLED_SYNTHETIC
A0000367,C001404,CURRENT,TRY,2019-05-03,OPEN,False,,CONTROLLED_SYNTHETIC
A0000368,C000098,CURRENT,TRY,2018-05-19,OPEN,False,,CONTROLLED_SYNTHETIC
A0000369,C000913,BUSINESS,TRY,2016-01-03,OPEN,False,,CONTROLLED_SYNTHETIC
A0000370,C001198,CURRENT,TRY,2021-02-23,OPEN,False,,CONTROLLED_SYNTHETIC
A0000371,C001020,CURRENT,TRY,2017-06-14,OPEN,False,,CONTROLLED_SYNTHETIC
A0000372,C000157,CURRENT,TRY,2017-04-14,OPEN,False,,CONTROLLED_SYNTHETIC
A0000373,C001766,SAVINGS,TRY,2023-01-23,OPEN,False,,CONTROLLED_SYNTHETIC
A0000374,C000721,PAYMENT,EUR,2018-05-13,OPEN,False,,CONTROLLED_SYNTHETIC
A0000375,C001002,CURRENT,TRY,2017-02-09,OPEN,True,1757808000000000000,CONTROLLED_SYNTHETIC
A0000376,C000342,SAVINGS,TRY,2016-08-31,OPEN,False,,CONTROLLED_SYNTHETIC
A0000377,C000671,PAYMENT,TRY,2021-03-08,OPEN,False,,CONTROLLED_SYNTHETIC
A0000378,C001777,CURRENT,TRY,2023-12-12,OPEN,False,,CONTROLLED_SYNTHETIC
A0000379,C000910,SAVINGS,TRY,2016-08-23,OPEN,False,,CONTROLLED_SYNTHETIC
A0000380,C000264,SAVINGS,TRY,2016-11-09,OPEN,False,,CONTROLLED_SYNTHETIC
A0000381,C000396,PAYMENT,TRY,2016-01-11,OPEN,False,,CONTROLLED_SYNTHETIC
A0000382,C000809,SAVINGS,TRY,2017-10-25,OPEN,False,,CONTROLLED_SYNTHETIC
A0000383,C000567,CURRENT,TRY,2022-08-30,OPEN,False,,CONTROLLED_SYNTHETIC
A0000384,C000758,PAYMENT,TRY,2017-10-07,OPEN,False,,CONTROLLED_SYNTHETIC
A0000385,C000143,CURRENT,TRY,2022-09-02,OPEN,False,,CONTROLLED_SYNTHETIC
A0000386,C000167,PAYMENT,TRY,2016-10-29,OPEN,False,,CONTROLLED_SYNTHETIC
A0000387,C001140,SAVINGS,USD,2021-01-31,OPEN,False,,CONTROLLED_SYNTHETIC
A0000388,C001009,SAVINGS,TRY,2017-05-07,OPEN,False,,CONTROLLED_SYNTHETIC
A0000389,C000621,SAVINGS,TRY,2015-08-06,OPEN,False,,CONTROLLED_SYNTHETIC
A0000390,C001389,SAVINGS,TRY,2021-03-08,OPEN,False,,CONTROLLED_SYNTHETIC
A0000391,C000994,PAYMENT,TRY,2023-07-25,OPEN,False,,CONTROLLED_SYNTHETIC
A0000392,C000211,BUSINESS,TRY,2023-07-01,OPEN,False,,CONTROLLED_SYNTHETIC
A0000393,C001181,SAVINGS,TRY,2024-09-03,OPEN,False,,CONTROLLED_SYNTHETIC
A0000394,C000868,SAVINGS,TRY,2017-10-26,OPEN,False,,CONTROLLED_SYNTHETIC
A0000395,C001129,PAYMENT,EUR,2023-08-26,OPEN,False,,CONTROLLED_SYNTHETIC
A0000396,C000176,SAVINGS,TRY,2024-08-30,OPEN,False,,CONTROLLED_SYNTHETIC
A0000397,C000517,CURRENT,USD,2025-05-16,OPEN,True,1713571200000000000,CONTROLLED_SYNTHETIC
A0000398,C000996,CURRENT,TRY,2023-11-13,OPEN,True,1766793600000000000,CONTROLLED_SYNTHETIC
A0000399,C001028,SAVINGS,TRY,2023-12-24,OPEN,False,,CONTROLLED_SYNTHETIC
A0000400,C001355,CURRENT,TRY,2018-10-25,OPEN,False,,CONTROLLED_SYNTHETIC
A0000401,C000448,CURRENT,TRY,2021-05-15,OPEN,False,,CONTROLLED_SYNTHETIC
A0000402,C001179,CURRENT,TRY,2025-04-02,OPEN,False,,CONTROLLED_SYNTHETIC
A0000403,C000026,CURRENT,TRY,2023-06-04,OPEN,False,,CONTROLLED_SYNTHETIC
A0000404,C000268,PAYMENT,TRY,2023-01-28,OPEN,False,,CONTROLLED_SYNTHETIC
A0000405,C000855,CURRENT,TRY,2022-06-09,OPEN,False,,CONTROLLED_SYNTHETIC
A0000406,C001066,PAYMENT,TRY,2025-08-27,OPEN,False,,CONTROLLED_SYNTHETIC
A0000407,C001230,CURRENT,USD,2015-12-19,OPEN,False,,CONTROLLED_SYNTHETIC
A0000408,C001094,SAVINGS,TRY,2024-01-20,OPEN,False,,CONTROLLED_SYNTHETIC
A0000409,C000070,BUSINESS,TRY,2024-07-19,OPEN,False,,CONTROLLED_SYNTHETIC
A0000410,C001749,CURRENT,USD,2016-10-22,OPEN,False,,CONTROLLED_SYNTHETIC
A0000411,C001489,CURRENT,TRY,2017-04-18,OPEN,False,,CONTROLLED_SYNTHETIC
A0000412,C000761,CURRENT,TRY,2024-10-24,OPEN,False,,CONTROLLED_SYNTHETIC
A0000413,C000333,PAYMENT,TRY,2018-11-30,OPEN,False,,CONTROLLED_SYNTHETIC
A0000414,C000967,BUSINESS,TRY,2025-05-30,OPEN,False,,CONTROLLED_SYNTHETIC
A0000415,C000807,BUSINESS,TRY,2024-07-16,OPEN,False,,CONTROLLED_SYNTHETIC
A0000416,C000147,CURRENT,TRY,2019-02-16,OPEN,False,,CONTROLLED_SYNTHETIC
A0000417,C000080,PAYMENT,EUR,2023-03-11,OPEN,False,,CONTROLLED_SYNTHETIC
A0000418,C000535,BUSINESS,EUR,2015-04-29,OPEN,False,,CONTROLLED_SYNTHETIC
A0000419,C000394,PAYMENT,TRY,2025-04-03,OPEN,False,,CONTROLLED_SYNTHETIC
A0000420,C000406,BUSINESS,TRY,2024-05-10,OPEN,False,,CONTROLLED_SYNTHETIC
A0000421,C001459,SAVINGS,TRY,2017-03-23,OPEN,False,,CONTROLLED_SYNTHETIC
A0000422,C001561,CURRENT,TRY,2017-04-16,OPEN,False,,CONTROLLED_SYNTHETIC
A0000423,C001419,CURRENT,TRY,2015-11-21,OPEN,True,1759968000000000000,CONTROLLED_SYNTHETIC
A0000424,C000556,SAVINGS,TRY,2023-07-15,OPEN,False,,CONTROLLED_SYNTHETIC
A0000425,C000362,CURRENT,TRY,2016-03-08,OPEN,False,,CONTROLLED_SYNTHETIC
A0000426,C000463,CURRENT,TRY,2018-07-13,OPEN,True,1713484800000000000,CONTROLLED_SYNTHETIC
A0000427,C000375,PAYMENT,TRY,2019-07-26,OPEN,False,,CONTROLLED_SYNTHETIC
A0000428,C000526,CURRENT,TRY,2016-12-26,OPEN,False,,CONTROLLED_SYNTHETIC
A0000429,C001402,SAVINGS,TRY,2019-08-08,OPEN,False,,CONTROLLED_SYNTHETIC
A0000430,C001001,CURRENT,TRY,2024-05-21,OPEN,False,,CONTROLLED_SYNTHETIC
A0000431,C001540,PAYMENT,TRY,2020-06-13,OPEN,False,,CONTROLLED_SYNTHETIC
A0000432,C000444,CURRENT,TRY,2015-09-30,OPEN,False,,CONTROLLED_SYNTHETIC
A0000433,C000363,PAYMENT,TRY,2020-12-31,OPEN,False,,CONTROLLED_SYNTHETIC
A0000434,C001496,PAYMENT,TRY,2024-03-09,OPEN,False,,CONTROLLED_SYNTHETIC
A0000435,C000224,CURRENT,TRY,2018-07-10,OPEN,False,,CONTROLLED_SYNTHETIC
A0000436,C001572,BUSINESS,TRY,2019-07-10,OPEN,False,,CONTROLLED_SYNTHETIC
A0000437,C000648,CURRENT,TRY,2022-01-07,OPEN,False,,CONTROLLED_SYNTHETIC
A0000438,C001435,PAYMENT,TRY,2024-06-05,OPEN,False,,CONTROLLED_SYNTHETIC
A0000439,C000904,CURRENT,TRY,2019-07-03,OPEN,True,1723161600000000000,CONTROLLED_SYNTHETIC
A0000440,C001386,CURRENT,TRY,2025-01-05,OPEN,False,,CONTROLLED_SYNTHETIC
A0000441,C000735,BUSINESS,TRY,2021-07-13,OPEN,False,,CONTROLLED_SYNTHETIC
A0000442,C000819,CURRENT,TRY,2021-09-19,OPEN,False,,CONTROLLED_SYNTHETIC
A0000443,C000098,SAVINGS,TRY,2024-12-27,OPEN,False,,CONTROLLED_SYNTHETIC
A0000444,C000512,BUSINESS,USD,2024-10-30,OPEN,False,,CONTROLLED_SYNTHETIC
A0000445,C001096,CURRENT,TRY,2023-07-14,OPEN,False,,CONTROLLED_SYNTHETIC
A0000446,C000989,CURRENT,TRY,2020-01-19,OPEN,False,,CONTROLLED_SYNTHETIC
A0000447,C000537,CURRENT,TRY,2018-03-13,OPEN,False,,CONTROLLED_SYNTHETIC
A0000448,C001060,CURRENT,TRY,2023-05-24,OPEN,False,,CONTROLLED_SYNTHETIC
A0000449,C000882,CURRENT,TRY,2024-10-31,OPEN,False,,CONTROLLED_SYNTHETIC
A0000450,C000962,CURRENT,TRY,2024-08-11,OPEN,False,,CONTROLLED_SYNTHETIC
A0000451,C000428,PAYMENT,TRY,2025-09-29,OPEN,False,,CONTROLLED_SYNTHETIC
A0000452,C000699,CURRENT,USD,2017-03-10,OPEN,False,,CONTROLLED_SYNTHETIC
A0000453,C000639,CURRENT,TRY,2020-11-19,OPEN,False,,CONTROLLED_SYNTHETIC
A0000454,C001431,CURRENT,TRY,2024-01-19,OPEN,False,,CONTROLLED_SYNTHETIC
A0000455,C000451,BUSINESS,TRY,2021-05-05,OPEN,False,,CONTROLLED_SYNTHETIC
A0000456,C001458,BUSINESS,TRY,2017-12-19,OPEN,False,,CONTROLLED_SYNTHETIC
A0000457,C000070,CURRENT,TRY,2025-05-30,OPEN,False,,CONTROLLED_SYNTHETIC
A0000458,C000267,CURRENT,USD,2021-10-01,OPEN,False,,CONTROLLED_SYNTHETIC
A0000459,C000984,CURRENT,TRY,2021-01-18,OPEN,False,,CONTROLLED_SYNTHETIC
A0000460,C000760,CURRENT,TRY,2016-08-05,OPEN,False,,CONTROLLED_SYNTHETIC
A0000461,C000931,PAYMENT,TRY,2019-10-20,OPEN,False,,CONTROLLED_SYNTHETIC
A0000462,C001637,BUSINESS,TRY,2016-05-22,OPEN,False,,CONTROLLED_SYNTHETIC
A0000463,C000632,CURRENT,TRY,2016-07-16,OPEN,False,,CONTROLLED_SYNTHETIC
A0000464,C001651,CURRENT,USD,2021-07-10,OPEN,False,,CONTROLLED_SYNTHETIC
A0000465,C000401,PAYMENT,USD,2024-11-23,OPEN,False,,CONTROLLED_SYNTHETIC
A0000466,C000817,SAVINGS,USD,2021-06-20,OPEN,False,,CONTROLLED_SYNTHETIC
A0000467,C001466,CURRENT,TRY,2025-03-17,OPEN,False,,CONTROLLED_SYNTHETIC
A0000468,C000857,CURRENT,TRY,2015-03-26,OPEN,False,,CONTROLLED_SYNTHETIC
A0000469,C000840,BUSINESS,TRY,2018-03-08,OPEN,False,,CONTROLLED_SYNTHETIC
A0000470,C001734,SAVINGS,TRY,2018-07-10,OPEN,False,,CONTROLLED_SYNTHETIC
A0000471,C001407,SAVINGS,TRY,2021-10-19,OPEN,False,,CONTROLLED_SYNTHETIC
A0000472,C000138,CURRENT,TRY,2023-12-04,OPEN,False,,CONTROLLED_SYNTHETIC
A0000473,C000357,CURRENT,TRY,2018-08-14,OPEN,False,,CONTROLLED_SYNTHETIC
A0000474,C000599,BUSINESS,TRY,2022-01-07,OPEN,False,,CONTROLLED_SYNTHETIC
A0000475,C000577,SAVINGS,TRY,2023-12-15,OPEN,False,,CONTROLLED_SYNTHETIC
A0000476,C000578,PAYMENT,TRY,2022-05-16,OPEN,False,,CONTROLLED_SYNTHETIC
A0000477,C000349,PAYMENT,USD,2016-07-11,OPEN,False,,CONTROLLED_SYNTHETIC
A0000478,C001032,PAYMENT,TRY,2024-02-24,OPEN,False,,CONTROLLED_SYNTHETIC
A0000479,C000236,SAVINGS,TRY,2026-02-02,OPEN,False,,CONTROLLED_SYNTHETIC
A0000480,C001062,CURRENT,TRY,2015-07-18,OPEN,False,,CONTROLLED_SYNTHETIC
A0000481,C000655,CURRENT,TRY,2021-08-11,OPEN,False,,CONTROLLED_SYNTHETIC
A0000482,C001421,SAVINGS,TRY,2024-01-16,OPEN,False,,CONTROLLED_SYNTHETIC
A0000483,C001351,SAVINGS,TRY,2020-08-14,OPEN,False,,CONTROLLED_SYNTHETIC
A0000484,C000961,BUSINESS,TRY,2021-03-21,OPEN,False,,CONTROLLED_SYNTHETIC
A0000485,C001454,CURRENT,TRY,2015-02-11,OPEN,False,,CONTROLLED_SYNTHETIC
A0000486,C001228,SAVINGS,USD,2022-03-24,OPEN,False,,CONTROLLED_SYNTHETIC
A0000487,C001580,PAYMENT,TRY,2023-07-02,OPEN,False,,CONTROLLED_SYNTHETIC
A0000488,C001568,BUSINESS,TRY,2024-07-21,OPEN,False,,CONTROLLED_SYNTHETIC
A0000489,C001495,PAYMENT,TRY,2020-09-24,OPEN,False,,CONTROLLED_SYNTHETIC
A0000490,C000133,SAVINGS,TRY,2020-12-12,OPEN,False,,CONTROLLED_SYNTHETIC
A0000491,C001523,CURRENT,TRY,2019-11-19,OPEN,False,,CONTROLLED_SYNTHETIC
A0000492,C000088,CURRENT,TRY,2020-07-06,OPEN,False,,CONTROLLED_SYNTHETIC
A0000493,C001583,SAVINGS,TRY,2018-12-14,OPEN,False,,CONTROLLED_SYNTHETIC
A0000494,C000813,CURRENT,TRY,2017-09-19,OPEN,True,1731369600000000000,CONTROLLED_SYNTHETIC
A0000495,C001108,CURRENT,USD,2017-05-17,OPEN,False,,CONTROLLED_SYNTHETIC
A0000496,C000050,SAVINGS,TRY,2016-04-28,OPEN,False,,CONTROLLED_SYNTHETIC
A0000497,C001427,CURRENT,TRY,2015-09-16,OPEN,False,,CONTROLLED_SYNTHETIC
A0000498,C001149,BUSINESS,TRY,2025-09-02,OPEN,False,,CONTROLLED_SYNTHETIC
A0000499,C001424,CURRENT,TRY,2018-09-10,OPEN,False,,CONTROLLED_SYNTHETIC
A0000500,C001751,CURRENT,TRY,2023-03-29,OPEN,False,,CONTROLLED_SYNTHETIC
A0000501,C000675,SAVINGS,TRY,2017-08-04,OPEN,False,,CONTROLLED_SYNTHETIC
A0000502,C001425,BUSINESS,TRY,2016-02-21,OPEN,False,,CONTROLLED_SYNTHETIC
A0000503,C000738,CURRENT,TRY,2018-11-06,OPEN,False,,CONTROLLED_SYNTHETIC
A0000504,C000923,CURRENT,TRY,2023-04-26,OPEN,False,,CONTROLLED_SYNTHETIC
A0000505,C001365,PAYMENT,TRY,2025-01-21,OPEN,False,,CONTROLLED_SYNTHETIC
A0000506,C000645,CURRENT,TRY,2018-12-07,OPEN,False,,CONTROLLED_SYNTHETIC
A0000507,C001658,SAVINGS,TRY,2023-03-16,OPEN,False,,CONTROLLED_SYNTHETIC
A0000508,C001694,SAVINGS,TRY,2021-08-06,OPEN,False,,CONTROLLED_SYNTHETIC
A0000509,C001558,SAVINGS,TRY,2017-06-13,OPEN,False,,CONTROLLED_SYNTHETIC
A0000510,C000930,BUSINESS,TRY,2018-10-20,OPEN,False,,CONTROLLED_SYNTHETIC
A0000511,C000433,SAVINGS,USD,2023-10-04,OPEN,False,,CONTROLLED_SYNTHETIC
A0000512,C000255,SAVINGS,USD,2015-07-13,OPEN,False,,CONTROLLED_SYNTHETIC
A0000513,C000731,PAYMENT,TRY,2026-02-02,OPEN,False,,CONTROLLED_SYNTHETIC
A0000514,C000785,CURRENT,EUR,2019-10-07,OPEN,False,,CONTROLLED_SYNTHETIC
A0000515,C001611,CURRENT,USD,2018-06-26,OPEN,False,,CONTROLLED_SYNTHETIC
A0000516,C000348,SAVINGS,TRY,2018-03-24,OPEN,False,,CONTROLLED_SYNTHETIC
A0000517,C001552,CURRENT,TRY,2020-05-08,OPEN,False,,CONTROLLED_SYNTHETIC
A0000518,C000042,PAYMENT,TRY,2023-07-01,OPEN,False,,CONTROLLED_SYNTHETIC
A0000519,C000865,BUSINESS,TRY,2017-09-04,OPEN,False,,CONTROLLED_SYNTHETIC
A0000520,C001199,PAYMENT,TRY,2018-11-18,OPEN,False,,CONTROLLED_SYNTHETIC
A0000521,C001075,PAYMENT,TRY,2016-02-26,OPEN,True,1760659200000000000,CONTROLLED_SYNTHETIC
A0000522,C001410,SAVINGS,TRY,2019-06-13,OPEN,False,,CONTROLLED_SYNTHETIC
A0000523,C001089,BUSINESS,TRY,2020-04-02,OPEN,False,,CONTROLLED_SYNTHETIC
A0000524,C001385,PAYMENT,TRY,2018-06-06,OPEN,False,,CONTROLLED_SYNTHETIC
A0000525,C001168,CURRENT,TRY,2026-01-21,OPEN,False,,CONTROLLED_SYNTHETIC
A0000526,C001436,PAYMENT,EUR,2015-05-05,OPEN,True,1740009600000000000,CONTROLLED_SYNTHETIC
A0000527,C001655,PAYMENT,TRY,2017-03-06,OPEN,False,,CONTROLLED_SYNTHETIC
A0000528,C000652,CURRENT,TRY,2018-10-05,OPEN,True,1760659200000000000,CONTROLLED_SYNTHETIC
A0000529,C001571,SAVINGS,USD,2019-10-14,OPEN,False,,CONTROLLED_SYNTHETIC
A0000530,C000005,CURRENT,USD,2021-05-04,OPEN,False,,CONTROLLED_SYNTHETIC
A0000531,C000972,PAYMENT,TRY,2014-12-28,OPEN,False,,CONTROLLED_SYNTHETIC
A0000532,C001314,CURRENT,TRY,2025-04-09,OPEN,False,,CONTROLLED_SYNTHETIC
A0000533,C001473,SAVINGS,TRY,2015-03-27,OPEN,False,,CONTROLLED_SYNTHETIC
A0000534,C000254,PAYMENT,USD,2022-12-07,OPEN,False,,CONTROLLED_SYNTHETIC
A0000535,C001349,SAVINGS,USD,2018-06-15,OPEN,False,,CONTROLLED_SYNTHETIC
A0000536,C000891,CURRENT,TRY,2018-06-16,OPEN,False,,CONTROLLED_SYNTHETIC
A0000537,C000252,PAYMENT,USD,2017-03-06,OPEN,False,,CONTROLLED_SYNTHETIC
A0000538,C000141,PAYMENT,TRY,2025-07-22,OPEN,False,,CONTROLLED_SYNTHETIC
A0000539,C000547,BUSINESS,USD,2019-07-04,OPEN,False,,CONTROLLED_SYNTHETIC
A0000540,C001293,SAVINGS,USD,2018-06-28,OPEN,False,,CONTROLLED_SYNTHETIC
A0000541,C001035,SAVINGS,TRY,2024-09-19,OPEN,False,,CONTROLLED_SYNTHETIC
A0000542,C000178,SAVINGS,TRY,2023-08-23,OPEN,False,,CONTROLLED_SYNTHETIC
A0000543,C001674,SAVINGS,TRY,2015-02-05,OPEN,False,,CONTROLLED_SYNTHETIC
A0000544,C000754,CURRENT,TRY,2023-04-26,OPEN,False,,CONTROLLED_SYNTHETIC
A0000545,C000447,SAVINGS,TRY,2016-12-25,OPEN,False,,CONTROLLED_SYNTHETIC
A0000546,C000205,CURRENT,TRY,2019-01-21,OPEN,False,,CONTROLLED_SYNTHETIC
A0000547,C000946,CURRENT,USD,2014-12-03,OPEN,False,,CONTROLLED_SYNTHETIC
A0000548,C000908,PAYMENT,USD,2015-05-11,OPEN,False,,CONTROLLED_SYNTHETIC
A0000549,C000126,CURRENT,TRY,2017-10-14,OPEN,False,,CONTROLLED_SYNTHETIC
A0000550,C001572,BUSINESS,TRY,2016-02-13,OPEN,False,,CONTROLLED_SYNTHETIC
A0000551,C000400,CURRENT,TRY,2025-06-14,OPEN,False,,CONTROLLED_SYNTHETIC
A0000552,C000718,CURRENT,TRY,2019-07-25,OPEN,False,,CONTROLLED_SYNTHETIC
A0000553,C000045,SAVINGS,TRY,2015-05-25,OPEN,False,,CONTROLLED_SYNTHETIC
A0000554,C001156,BUSINESS,TRY,2018-02-02,OPEN,False,,CONTROLLED_SYNTHETIC
A0000555,C000960,PAYMENT,TRY,2017-09-23,OPEN,False,,CONTROLLED_SYNTHETIC
A0000556,C001339,SAVINGS,TRY,2021-06-21,OPEN,False,,CONTROLLED_SYNTHETIC
A0000557,C001118,BUSINESS,TRY,2022-05-07,OPEN,False,,CONTROLLED_SYNTHETIC
A0000558,C001716,BUSINESS,TRY,2025-01-23,OPEN,False,,CONTROLLED_SYNTHETIC
A0000559,C000707,PAYMENT,USD,2019-07-30,OPEN,False,,CONTROLLED_SYNTHETIC
A0000560,C001331,CURRENT,TRY,2019-09-04,OPEN,False,,CONTROLLED_SYNTHETIC
A0000561,C001335,CURRENT,TRY,2025-08-17,OPEN,False,,CONTROLLED_SYNTHETIC
A0000562,C001687,SAVINGS,TRY,2024-01-01,OPEN,False,,CONTROLLED_SYNTHETIC
A0000563,C000539,CURRENT,TRY,2022-07-25,OPEN,False,,CONTROLLED_SYNTHETIC
A0000564,C001035,CURRENT,TRY,2020-06-30,OPEN,False,,CONTROLLED_SYNTHETIC
A0000565,C001556,BUSINESS,TRY,2024-03-12,OPEN,False,,CONTROLLED_SYNTHETIC
A0000566,C001266,SAVINGS,TRY,2023-06-25,OPEN,False,,CONTROLLED_SYNTHETIC
A0000567,C000363,PAYMENT,TRY,2022-06-06,OPEN,False,,CONTROLLED_SYNTHETIC
A0000568,C000902,CURRENT,TRY,2024-08-14,OPEN,False,,CONTROLLED_SYNTHETIC
A0000569,C001241,SAVINGS,TRY,2019-11-11,OPEN,False,,CONTROLLED_SYNTHETIC
A0000570,C000733,BUSINESS,TRY,2025-07-22,OPEN,False,,CONTROLLED_SYNTHETIC
A0000571,C001564,BUSINESS,TRY,2023-03-20,OPEN,False,,CONTROLLED_SYNTHETIC
A0000572,C000257,CURRENT,TRY,2021-06-04,OPEN,False,,CONTROLLED_SYNTHETIC
A0000573,C001273,SAVINGS,TRY,2025-12-26,OPEN,False,,CONTROLLED_SYNTHETIC
A0000574,C001011,CURRENT,TRY,2016-06-11,OPEN,False,,CONTROLLED_SYNTHETIC
A0000575,C000582,CURRENT,TRY,2025-07-17,OPEN,False,,CONTROLLED_SYNTHETIC
A0000576,C000158,CURRENT,EUR,2016-01-21,OPEN,True,1724716800000000000,CONTROLLED_SYNTHETIC
A0000577,C000851,PAYMENT,USD,2020-01-14,OPEN,False,,CONTROLLED_SYNTHETIC
A0000578,C001578,CURRENT,TRY,2024-05-15,OPEN,False,,CONTROLLED_SYNTHETIC
A0000579,C000869,CURRENT,TRY,2022-04-22,OPEN,False,,CONTROLLED_SYNTHETIC
A0000580,C000251,SAVINGS,TRY,2020-12-19,OPEN,False,,CONTROLLED_SYNTHETIC
A0000581,C000580,CURRENT,TRY,2023-06-07,OPEN,False,,CONTROLLED_SYNTHETIC
A0000582,C000973,CURRENT,TRY,2015-10-11,OPEN,False,,CONTROLLED_SYNTHETIC
A0000583,C001157,PAYMENT,TRY,2026-01-29,OPEN,False,,CONTROLLED_SYNTHETIC
A0000584,C001166,BUSINESS,TRY,2022-02-12,OPEN,False,,CONTROLLED_SYNTHETIC
A0000585,C001799,SAVINGS,USD,2025-02-28,OPEN,False,,CONTROLLED_SYNTHETIC
A0000586,C000137,PAYMENT,TRY,2025-12-10,OPEN,False,,CONTROLLED_SYNTHETIC
A0000587,C001044,BUSINESS,USD,2020-08-17,OPEN,False,,CONTROLLED_SYNTHETIC
A0000588,C001749,BUSINESS,TRY,2021-09-29,OPEN,False,,CONTROLLED_SYNTHETIC
A0000589,C000006,PAYMENT,TRY,2017-01-31,OPEN,False,,CONTROLLED_SYNTHETIC
A0000590,C001608,BUSINESS,TRY,2015-12-13,OPEN,False,,CONTROLLED_SYNTHETIC
A0000591,C000354,CURRENT,USD,2020-12-20,OPEN,False,,CONTROLLED_SYNTHETIC
A0000592,C000024,SAVINGS,TRY,2024-12-14,OPEN,False,,CONTROLLED_SYNTHETIC
A0000593,C000937,SAVINGS,TRY,2019-09-27,OPEN,False,,CONTROLLED_SYNTHETIC
A0000594,C000197,CURRENT,TRY,2026-01-07,OPEN,False,,CONTROLLED_SYNTHETIC
A0000595,C001491,CURRENT,TRY,2026-01-24,OPEN,False,,CONTROLLED_SYNTHETIC
A0000596,C000571,CURRENT,TRY,2020-05-02,OPEN,False,,CONTROLLED_SYNTHETIC
A0000597,C000638,CURRENT,TRY,2023-01-06,OPEN,False,,CONTROLLED_SYNTHETIC
A0000598,C000223,CURRENT,TRY,2016-01-19,OPEN,False,,CONTROLLED_SYNTHETIC
A0000599,C001185,SAVINGS,TRY,2021-09-11,OPEN,False,,CONTROLLED_SYNTHETIC
A0000600,C000399,PAYMENT,TRY,2019-12-23,OPEN,False,,CONTROLLED_SYNTHETIC
A0000601,C000347,BUSINESS,TRY,2018-06-07,OPEN,False,,CONTROLLED_SYNTHETIC
A0000602,C001735,CURRENT,TRY,2018-11-25,OPEN,False,,CONTROLLED_SYNTHETIC
A0000603,C000923,CURRENT,TRY,2018-08-25,OPEN,False,,CONTROLLED_SYNTHETIC
A0000604,C000393,PAYMENT,USD,2024-06-19,OPEN,False,,CONTROLLED_SYNTHETIC
A0000605,C001058,CURRENT,TRY,2017-02-08,OPEN,True,1712793600000000000,CONTROLLED_SYNTHETIC
A0000606,C000480,SAVINGS,TRY,2020-07-25,OPEN,False,,CONTROLLED_SYNTHETIC
A0000607,C001031,SAVINGS,TRY,2017-05-11,OPEN,False,,CONTROLLED_SYNTHETIC
A0000608,C001696,CURRENT,TRY,2024-10-06,OPEN,False,,CONTROLLED_SYNTHETIC
A0000609,C000626,BUSINESS,TRY,2015-12-29,OPEN,True,1743724800000000000,CONTROLLED_SYNTHETIC
A0000610,C000852,PAYMENT,TRY,2022-07-26,OPEN,False,,CONTROLLED_SYNTHETIC
A0000611,C001251,PAYMENT,TRY,2023-03-02,OPEN,False,,CONTROLLED_SYNTHETIC
A0000612,C000634,CURRENT,TRY,2014-12-05,OPEN,False,,CONTROLLED_SYNTHETIC
A0000613,C001579,CURRENT,TRY,2016-12-23,OPEN,False,,CONTROLLED_SYNTHETIC
A0000614,C000183,SAVINGS,USD,2022-09-14,OPEN,False,,CONTROLLED_SYNTHETIC
A0000615,C000445,SAVINGS,TRY,2016-01-20,OPEN,False,,CONTROLLED_SYNTHETIC
A0000616,C001224,SAVINGS,TRY,2022-07-03,OPEN,False,,CONTROLLED_SYNTHETIC
A0000617,C000430,PAYMENT,TRY,2023-07-17,OPEN,False,,CONTROLLED_SYNTHETIC
A0000618,C000413,CURRENT,TRY,2018-12-22,OPEN,False,,CONTROLLED_SYNTHETIC
A0000619,C000889,SAVINGS,TRY,2021-08-05,OPEN,False,,CONTROLLED_SYNTHETIC
A0000620,C000265,CURRENT,TRY,2018-11-13,OPEN,False,,CONTROLLED_SYNTHETIC
A0000621,C001133,SAVINGS,TRY,2014-12-17,OPEN,True,2025-06-26 00:00:00,CONTROLLED_SYNTHETIC
A0000622,C000323,SAVINGS,TRY,2025-12-26,OPEN,False,,CONTROLLED_SYNTHETIC
A0000623,C000552,PAYMENT,TRY,2024-08-15,OPEN,False,,CONTROLLED_SYNTHETIC
A0000624,C000067,BUSINESS,TRY,2017-06-28,OPEN,False,,CONTROLLED_SYNTHETIC
A0000625,C000663,CURRENT,TRY,2019-01-18,OPEN,False,,CONTROLLED_SYNTHETIC
A0000626,C000150,SAVINGS,TRY,2020-02-02,OPEN,False,,CONTROLLED_SYNTHETIC
A0000627,C001376,SAVINGS,USD,2020-02-14,OPEN,False,,CONTROLLED_SYNTHETIC
A0000628,C001368,PAYMENT,TRY,2026-01-02,OPEN,False,,CONTROLLED_SYNTHETIC
A0000629,C000773,PAYMENT,TRY,2023-09-06,OPEN,False,,CONTROLLED_SYNTHETIC
A0000630,C001087,CURRENT,TRY,2016-03-13,OPEN,False,,CONTROLLED_SYNTHETIC
A0000631,C001637,SAVINGS,TRY,2019-06-23,OPEN,False,,CONTROLLED_SYNTHETIC
A0000632,C000720,SAVINGS,TRY,2016-10-25,OPEN,False,,CONTROLLED_SYNTHETIC
A0000633,C000082,SAVINGS,EUR,2016-01-06,OPEN,True,1764979200000000000,CONTROLLED_SYNTHETIC
A0000634,C000842,BUSINESS,TRY,2025-11-16,OPEN,False,,CONTROLLED_SYNTHETIC
A0000635,C000043,CURRENT,USD,2016-07-08,OPEN,False,,CONTROLLED_SYNTHETIC
A0000636,C001576,CURRENT,TRY,2023-06-17,OPEN,False,,CONTROLLED_SYNTHETIC
A0000637,C000737,SAVINGS,TRY,2025-03-31,OPEN,False,,CONTROLLED_SYNTHETIC
A0000638,C001318,CURRENT,TRY,2016-07-03,OPEN,False,,CONTROLLED_SYNTHETIC
A0000639,C000438,PAYMENT,TRY,2024-04-15,OPEN,False,,CONTROLLED_SYNTHETIC
A0000640,C000874,CURRENT,USD,2018-04-10,OPEN,False,,CONTROLLED_SYNTHETIC
A0000641,C000269,SAVINGS,EUR,2022-08-09,OPEN,False,,CONTROLLED_SYNTHETIC
A0000642,C001660,SAVINGS,USD,2024-11-18,OPEN,False,,CONTROLLED_SYNTHETIC
A0000643,C000238,PAYMENT,USD,2025-01-25,OPEN,False,,CONTROLLED_SYNTHETIC
A0000644,C000951,SAVINGS,TRY,2018-06-13,OPEN,False,,CONTROLLED_SYNTHETIC
A0000645,C001254,PAYMENT,TRY,2023-08-31,OPEN,False,,CONTROLLED_SYNTHETIC
A0000646,C000661,CURRENT,TRY,2025-03-08,OPEN,False,,CONTROLLED_SYNTHETIC
A0000647,C001167,SAVINGS,TRY,2018-12-18,OPEN,False,,CONTROLLED_SYNTHETIC
A0000648,C001467,BUSINESS,TRY,2021-10-25,OPEN,False,,CONTROLLED_SYNTHETIC
A0000649,C000797,CURRENT,USD,2020-12-04,OPEN,False,,CONTROLLED_SYNTHETIC
A0000650,C001415,SAVINGS,TRY,2022-01-06,OPEN,False,,CONTROLLED_SYNTHETIC
A0000651,C001725,BUSINESS,USD,2021-10-03,OPEN,False,,CONTROLLED_SYNTHETIC
A0000652,C000380,BUSINESS,TRY,2024-08-29,OPEN,False,,CONTROLLED_SYNTHETIC
A0000653,C000540,BUSINESS,TRY,2020-12-24,OPEN,False,,CONTROLLED_SYNTHETIC
A0000654,C001577,CURRENT,TRY,2024-07-28,OPEN,False,,CONTROLLED_SYNTHETIC
A0000655,C000040,SAVINGS,TRY,2023-03-14,OPEN,False,,CONTROLLED_SYNTHETIC
A0000656,C000318,CURRENT,TRY,2018-04-21,OPEN,False,,CONTROLLED_SYNTHETIC
A0000657,C000669,PAYMENT,TRY,2017-11-04,OPEN,False,,CONTROLLED_SYNTHETIC
A0000658,C000348,SAVINGS,TRY,2023-01-29,OPEN,False,,CONTROLLED_SYNTHETIC
A0000659,C000443,PAYMENT,TRY,2017-09-28,OPEN,False,,CONTROLLED_SYNTHETIC
A0000660,C000063,SAVINGS,TRY,2019-02-15,OPEN,False,,CONTROLLED_SYNTHETIC
A0000661,C000515,PAYMENT,TRY,2019-10-02,OPEN,False,,CONTROLLED_SYNTHETIC
A0000662,C000405,PAYMENT,TRY,2023-01-03,OPEN,False,,CONTROLLED_SYNTHETIC
A0000663,C001512,CURRENT,TRY,2021-07-10,OPEN,False,,CONTROLLED_SYNTHETIC
A0000664,C000757,CURRENT,TRY,2016-11-06,OPEN,False,,CONTROLLED_SYNTHETIC
A0000665,C001214,SAVINGS,TRY,2017-10-08,OPEN,False,,CONTROLLED_SYNTHETIC
A0000666,C000235,CURRENT,TRY,2022-05-20,OPEN,False,,CONTROLLED_SYNTHETIC
A0000667,C001392,BUSINESS,TRY,2024-04-05,OPEN,False,,CONTROLLED_SYNTHETIC
A0000668,C000054,SAVINGS,TRY,2016-05-16,OPEN,False,,CONTROLLED_SYNTHETIC
A0000669,C001221,CURRENT,TRY,2023-02-22,OPEN,False,,CONTROLLED_SYNTHETIC
A0000670,C000162,CURRENT,TRY,2024-08-04,OPEN,True,1744848000000000000,CONTROLLED_SYNTHETIC
A0000671,C000651,PAYMENT,TRY,2019-07-22,OPEN,True,1749254400000000000,CONTROLLED_SYNTHETIC
A0000672,C001246,CURRENT,TRY,2019-09-01,OPEN,False,,CONTROLLED_SYNTHETIC
A0000673,C001403,CURRENT,TRY,2019-03-23,OPEN,True,1762992000000000000,CONTROLLED_SYNTHETIC
A0000674,C001748,SAVINGS,TRY,2018-01-28,OPEN,False,,CONTROLLED_SYNTHETIC
A0000675,C000792,PAYMENT,TRY,2024-10-16,OPEN,False,,CONTROLLED_SYNTHETIC
A0000676,C001480,PAYMENT,EUR,2016-12-24,OPEN,False,,CONTROLLED_SYNTHETIC
A0000677,C001170,CURRENT,TRY,2023-09-24,OPEN,False,,CONTROLLED_SYNTHETIC
A0000678,C001614,CURRENT,USD,2025-05-08,OPEN,False,,CONTROLLED_SYNTHETIC
A0000679,C000992,PAYMENT,TRY,2020-01-29,OPEN,False,,CONTROLLED_SYNTHETIC
A0000680,C000477,PAYMENT,TRY,2023-05-22,OPEN,False,,CONTROLLED_SYNTHETIC
A0000681,C001394,BUSINESS,TRY,2020-03-28,OPEN,False,,CONTROLLED_SYNTHETIC
A0000682,C000790,BUSINESS,TRY,2017-02-02,OPEN,False,,CONTROLLED_SYNTHETIC
A0000683,C000576,CURRENT,TRY,2024-07-28,OPEN,False,,CONTROLLED_SYNTHETIC
A0000684,C000600,SAVINGS,TRY,2021-04-11,OPEN,False,,CONTROLLED_SYNTHETIC
A0000685,C000037,SAVINGS,TRY,2016-08-13,OPEN,False,,CONTROLLED_SYNTHETIC
A0000686,C000029,SAVINGS,TRY,2022-11-14,OPEN,False,,CONTROLLED_SYNTHETIC
A0000687,C001537,SAVINGS,TRY,2019-01-30,OPEN,False,,CONTROLLED_SYNTHETIC
A0000688,C001533,SAVINGS,TRY,2024-06-16,OPEN,False,,CONTROLLED_SYNTHETIC
A0000689,C000933,CURRENT,TRY,2016-07-16,OPEN,False,,CONTROLLED_SYNTHETIC
A0000690,C000817,PAYMENT,EUR,2021-12-10,OPEN,False,,CONTROLLED_SYNTHETIC
A0000691,C000723,BUSINESS,TRY,2019-11-15,OPEN,False,,CONTROLLED_SYNTHETIC
A0000692,C001098,BUSINESS,TRY,2015-07-20,OPEN,False,,CONTROLLED_SYNTHETIC
A0000693,C001534,CURRENT,TRY,2025-06-30,OPEN,False,,CONTROLLED_SYNTHETIC
A0000694,C001012,CURRENT,TRY,2022-07-27,OPEN,False,,CONTROLLED_SYNTHETIC
A0000695,C000275,CURRENT,TRY,2022-01-25,OPEN,False,,CONTROLLED_SYNTHETIC
A0000696,C000637,PAYMENT,TRY,2022-03-18,OPEN,False,,CONTROLLED_SYNTHETIC
A0000697,C001628,PAYMENT,TRY,2021-02-22,OPEN,False,,CONTROLLED_SYNTHETIC
A0000698,C001775,CURRENT,TRY,2025-03-17,OPEN,False,,CONTROLLED_SYNTHETIC
A0000699,C000879,CURRENT,TRY,2024-11-21,OPEN,False,,CONTROLLED_SYNTHETIC
A0000700,C000814,SAVINGS,EUR,2019-01-15,OPEN,True,1753315200000000000,CONTROLLED_SYNTHETIC
A0000701,C001787,PAYMENT,TRY,2014-11-26,OPEN,False,,CONTROLLED_SYNTHETIC
A0000702,C001418,BUSINESS,TRY,2019-05-18,OPEN,False,,CONTROLLED_SYNTHETIC
A0000703,C000796,CURRENT,TRY,2023-08-23,OPEN,False,,CONTROLLED_SYNTHETIC
A0000704,C000767,PAYMENT,USD,2025-06-10,OPEN,False,,CONTROLLED_SYNTHETIC
A0000705,C001772,PAYMENT,TRY,2015-06-10,OPEN,False,,CONTROLLED_SYNTHETIC
A0000706,C001647,SAVINGS,TRY,2022-06-09,OPEN,False,,CONTROLLED_SYNTHETIC
A0000707,C000177,CURRENT,TRY,2023-02-04,OPEN,False,,CONTROLLED_SYNTHETIC
A0000708,C000472,CURRENT,TRY,2017-09-16,OPEN,False,,CONTROLLED_SYNTHETIC
A0000709,C001755,PAYMENT,TRY,2019-06-26,OPEN,False,,CONTROLLED_SYNTHETIC
A0000710,C001258,CURRENT,TRY,2015-03-18,OPEN,False,,CONTROLLED_SYNTHETIC
A0000711,C001221,PAYMENT,USD,2025-07-11,OPEN,False,,CONTROLLED_SYNTHETIC
A0000712,C000746,PAYMENT,TRY,2025-09-05,OPEN,False,,CONTROLLED_SYNTHETIC
A0000713,C001778,CURRENT,TRY,2025-10-08,OPEN,False,,CONTROLLED_SYNTHETIC
A0000714,C000051,PAYMENT,TRY,2020-02-12,OPEN,False,,CONTROLLED_SYNTHETIC
A0000715,C000302,PAYMENT,TRY,2015-01-15,OPEN,False,,CONTROLLED_SYNTHETIC
A0000716,C001791,CURRENT,TRY,2025-09-12,OPEN,True,1723075200000000000,CONTROLLED_SYNTHETIC
A0000717,C000682,CURRENT,TRY,2014-11-27,OPEN,False,,CONTROLLED_SYNTHETIC
A0000718,C000557,CURRENT,TRY,2019-02-22,OPEN,False,,CONTROLLED_SYNTHETIC
A0000719,C001625,CURRENT,TRY,2018-11-21,OPEN,False,,CONTROLLED_SYNTHETIC
A0000720,C000178,PAYMENT,TRY,2024-02-21,OPEN,True,1717200000000000000,CONTROLLED_SYNTHETIC
A0000721,C001107,CURRENT,TRY,2017-06-07,OPEN,False,,CONTROLLED_SYNTHETIC
A0000722,C000045,CURRENT,TRY,2015-04-01,OPEN,False,,CONTROLLED_SYNTHETIC
A0000723,C000030,CURRENT,TRY,2023-05-18,OPEN,False,,CONTROLLED_SYNTHETIC
A0000724,C000589,PAYMENT,TRY,2022-11-03,OPEN,False,,CONTROLLED_SYNTHETIC
A0000725,C000666,CURRENT,TRY,2019-09-28,OPEN,False,,CONTROLLED_SYNTHETIC
A0000726,C001657,SAVINGS,TRY,2016-03-27,OPEN,False,,CONTROLLED_SYNTHETIC
A0000727,C000702,PAYMENT,TRY,2021-04-18,OPEN,False,,CONTROLLED_SYNTHETIC
A0000728,C001114,CURRENT,TRY,2023-05-24,OPEN,False,,CONTROLLED_SYNTHETIC
A0000729,C001201,SAVINGS,TRY,2015-09-16,OPEN,False,,CONTROLLED_SYNTHETIC
A0000730,C000201,PAYMENT,USD,2018-11-11,OPEN,False,,CONTROLLED_SYNTHETIC
A0000731,C001508,SAVINGS,TRY,2019-01-23,OPEN,False,,CONTROLLED_SYNTHETIC
A0000732,C001174,CURRENT,TRY,2017-04-10,OPEN,False,,CONTROLLED_SYNTHETIC
A0000733,C001171,CURRENT,EUR,2015-04-16,OPEN,False,,CONTROLLED_SYNTHETIC
A0000734,C000125,BUSINESS,TRY,2019-03-11,OPEN,False,,CONTROLLED_SYNTHETIC
A0000735,C000200,SAVINGS,TRY,2025-01-06,OPEN,False,,CONTROLLED_SYNTHETIC
A0000736,C000737,SAVINGS,TRY,2019-08-15,OPEN,False,,CONTROLLED_SYNTHETIC
A0000737,C001122,PAYMENT,USD,2025-07-30,OPEN,False,,CONTROLLED_SYNTHETIC
A0000738,C000581,BUSINESS,USD,2024-01-12,OPEN,False,,CONTROLLED_SYNTHETIC
A0000739,C001640,CURRENT,TRY,2018-03-22,OPEN,False,,CONTROLLED_SYNTHETIC
A0000740,C000595,PAYMENT,TRY,2022-07-18,OPEN,False,,CONTROLLED_SYNTHETIC
A0000741,C000897,CURRENT,USD,2023-12-27,OPEN,False,,CONTROLLED_SYNTHETIC
A0000742,C001282,CURRENT,TRY,2023-05-26,OPEN,False,,CONTROLLED_SYNTHETIC
A0000743,C000169,SAVINGS,TRY,2018-09-08,OPEN,False,,CONTROLLED_SYNTHETIC
A0000744,C001500,SAVINGS,TRY,2020-10-11,OPEN,False,,CONTROLLED_SYNTHETIC
A0000745,C001472,PAYMENT,TRY,2025-10-03,OPEN,False,,CONTROLLED_SYNTHETIC
A0000746,C000691,CURRENT,TRY,2023-12-11,OPEN,False,,CONTROLLED_SYNTHETIC
A0000747,C001599,BUSINESS,TRY,2024-07-31,OPEN,False,,CONTROLLED_SYNTHETIC
A0000748,C000026,SAVINGS,TRY,2021-03-24,OPEN,False,,CONTROLLED_SYNTHETIC
A0000749,C000836,SAVINGS,TRY,2025-09-18,OPEN,False,,CONTROLLED_SYNTHETIC
A0000750,C001501,CURRENT,TRY,2019-11-25,OPEN,False,,CONTROLLED_SYNTHETIC
A0000751,C000610,CURRENT,TRY,2023-05-23,OPEN,False,,CONTROLLED_SYNTHETIC
A0000752,C001798,CURRENT,TRY,2020-05-27,OPEN,False,,CONTROLLED_SYNTHETIC
A0000753,C000146,SAVINGS,TRY,2019-04-08,OPEN,False,,CONTROLLED_SYNTHETIC
A0000754,C001460,PAYMENT,USD,2026-02-03,OPEN,False,,CONTROLLED_SYNTHETIC
A0000755,C001216,CURRENT,TRY,2019-07-27,OPEN,False,,CONTROLLED_SYNTHETIC
A0000756,C001553,CURRENT,TRY,2016-10-10,OPEN,False,,CONTROLLED_SYNTHETIC
A0000757,C000505,CURRENT,TRY,2016-03-18,OPEN,False,,CONTROLLED_SYNTHETIC
A0000758,C001416,PAYMENT,TRY,2021-12-12,OPEN,False,,CONTROLLED_SYNTHETIC
A0000759,C000340,CURRENT,TRY,2018-10-15,OPEN,False,,CONTROLLED_SYNTHETIC
A0000760,C001261,CURRENT,TRY,2020-09-16,OPEN,True,1715731200000000000,CONTROLLED_SYNTHETIC
A0000761,C001112,PAYMENT,TRY,2017-11-13,OPEN,False,,CONTROLLED_SYNTHETIC
A0000762,C001049,SAVINGS,TRY,2019-07-04,OPEN,False,,CONTROLLED_SYNTHETIC
A0000763,C000479,CURRENT,USD,2015-05-19,OPEN,False,,CONTROLLED_SYNTHETIC
A0000764,C000094,CURRENT,TRY,2021-06-25,OPEN,False,,CONTROLLED_SYNTHETIC
A0000765,C001659,CURRENT,TRY,2021-05-26,OPEN,False,,CONTROLLED_SYNTHETIC
A0000766,C001463,CURRENT,TRY,2020-11-24,OPEN,False,,CONTROLLED_SYNTHETIC
A0000767,C000941,SAVINGS,TRY,2020-05-31,OPEN,False,,CONTROLLED_SYNTHETIC
A0000768,C000967,SAVINGS,TRY,2018-12-21,OPEN,False,,CONTROLLED_SYNTHETIC
A0000769,C001720,SAVINGS,TRY,2015-12-11,OPEN,False,,CONTROLLED_SYNTHETIC
A0000770,C001292,PAYMENT,USD,2017-08-25,OPEN,False,,CONTROLLED_SYNTHETIC
A0000771,C000980,CURRENT,TRY,2015-04-29,OPEN,False,,CONTROLLED_SYNTHETIC
A0000772,C000787,CURRENT,USD,2015-03-08,OPEN,False,,CONTROLLED_SYNTHETIC
A0000773,C000910,PAYMENT,TRY,2022-04-26,OPEN,False,,CONTROLLED_SYNTHETIC
A0000774,C001345,CURRENT,TRY,2026-02-05,OPEN,False,,CONTROLLED_SYNTHETIC
A0000775,C000667,PAYMENT,USD,2022-04-12,OPEN,False,,CONTROLLED_SYNTHETIC
A0000776,C001649,BUSINESS,TRY,2025-04-19,OPEN,False,,CONTROLLED_SYNTHETIC
A0000777,C001761,SAVINGS,TRY,2019-12-22,OPEN,False,,CONTROLLED_SYNTHETIC
A0000778,C000659,SAVINGS,TRY,2020-12-05,OPEN,False,,CONTROLLED_SYNTHETIC
A0000779,C000937,CURRENT,TRY,2015-01-28,OPEN,False,,CONTROLLED_SYNTHETIC
A0000780,C001723,PAYMENT,TRY,2019-09-12,OPEN,False,,CONTROLLED_SYNTHETIC
A0000781,C000168,CURRENT,TRY,2019-04-19,OPEN,False,,CONTROLLED_SYNTHETIC
A0000782,C001739,SAVINGS,TRY,2018-08-09,OPEN,False,,CONTROLLED_SYNTHETIC
A0000783,C001249,BUSINESS,USD,2019-07-18,OPEN,False,,CONTROLLED_SYNTHETIC
A0000784,C000021,CURRENT,TRY,2016-04-09,OPEN,False,,CONTROLLED_SYNTHETIC
A0000785,C001175,CURRENT,TRY,2021-09-23,OPEN,False,,CONTROLLED_SYNTHETIC
A0000786,C001700,CURRENT,TRY,2022-06-08,OPEN,False,,CONTROLLED_SYNTHETIC
A0000787,C001393,BUSINESS,TRY,2020-10-08,OPEN,False,,CONTROLLED_SYNTHETIC
A0000788,C000170,CURRENT,EUR,2023-08-29,OPEN,False,,CONTROLLED_SYNTHETIC
A0000789,C001686,SAVINGS,TRY,2016-09-13,OPEN,False,,CONTROLLED_SYNTHETIC
A0000790,C001044,CURRENT,TRY,2025-01-26,OPEN,False,,CONTROLLED_SYNTHETIC
A0000791,C000025,PAYMENT,TRY,2020-03-12,OPEN,False,,CONTROLLED_SYNTHETIC
A0000792,C001513,CURRENT,TRY,2018-01-22,OPEN,False,,CONTROLLED_SYNTHETIC
A0000793,C000614,CURRENT,TRY,2016-01-25,OPEN,False,,CONTROLLED_SYNTHETIC
A0000794,C000108,SAVINGS,TRY,2023-07-18,OPEN,False,,CONTROLLED_SYNTHETIC
A0000795,C001327,SAVINGS,TRY,2017-07-31,OPEN,False,,CONTROLLED_SYNTHETIC
A0000796,C001743,CURRENT,TRY,2016-03-17,OPEN,False,,CONTROLLED_SYNTHETIC
A0000797,C000740,PAYMENT,TRY,2016-08-28,OPEN,False,,CONTROLLED_SYNTHETIC
A0000798,C000296,CURRENT,TRY,2022-01-08,OPEN,False,,CONTROLLED_SYNTHETIC
A0000799,C000827,BUSINESS,TRY,2025-09-12,OPEN,False,,CONTROLLED_SYNTHETIC
A0000800,C000489,SAVINGS,USD,2015-04-28,OPEN,False,,CONTROLLED_SYNTHETIC
A0000801,C001528,CURRENT,TRY,2016-01-03,OPEN,True,1749081600000000000,CONTROLLED_SYNTHETIC
A0000802,C000636,CURRENT,USD,2022-12-31,OPEN,False,,CONTROLLED_SYNTHETIC
A0000803,C001103,PAYMENT,USD,2014-11-27,OPEN,False,,CONTROLLED_SYNTHETIC
A0000804,C000978,BUSINESS,TRY,2018-05-06,OPEN,False,,CONTROLLED_SYNTHETIC
A0000805,C000392,PAYMENT,TRY,2024-02-24,OPEN,False,,CONTROLLED_SYNTHETIC
A0000806,C001393,BUSINESS,TRY,2020-08-19,OPEN,False,,CONTROLLED_SYNTHETIC
A0000807,C000554,SAVINGS,TRY,2019-08-29,OPEN,False,,CONTROLLED_SYNTHETIC
A0000808,C000936,SAVINGS,TRY,2022-02-11,OPEN,False,,CONTROLLED_SYNTHETIC
A0000809,C001232,SAVINGS,TRY,2017-11-16,OPEN,False,,CONTROLLED_SYNTHETIC
A0000810,C001223,CURRENT,TRY,2019-01-30,OPEN,False,,CONTROLLED_SYNTHETIC
A0000811,C000991,PAYMENT,TRY,2015-04-04,OPEN,False,,CONTROLLED_SYNTHETIC
A0000812,C000561,PAYMENT,TRY,2020-01-21,OPEN,False,,CONTROLLED_SYNTHETIC
A0000813,C000532,CURRENT,USD,2019-03-04,OPEN,False,,CONTROLLED_SYNTHETIC
A0000814,C000534,CURRENT,TRY,2015-02-25,OPEN,False,,CONTROLLED_SYNTHETIC
A0000815,C000253,CURRENT,TRY,2025-01-14,OPEN,False,,CONTROLLED_SYNTHETIC
A0000816,C000313,SAVINGS,TRY,2018-11-01,OPEN,False,,CONTROLLED_SYNTHETIC
A0000817,C001061,PAYMENT,TRY,2019-01-28,OPEN,False,,CONTROLLED_SYNTHETIC
A0000818,C000415,CURRENT,TRY,2015-01-16,OPEN,False,,CONTROLLED_SYNTHETIC
A0000819,C001113,CURRENT,TRY,2019-05-28,OPEN,True,1724544000000000000,CONTROLLED_SYNTHETIC
A0000820,C001313,CURRENT,TRY,2021-04-16,OPEN,False,,CONTROLLED_SYNTHETIC
A0000821,C001320,CURRENT,TRY,2024-08-18,OPEN,False,,CONTROLLED_SYNTHETIC
A0000822,C000742,SAVINGS,USD,2020-05-31,OPEN,False,,CONTROLLED_SYNTHETIC
A0000823,C000097,SAVINGS,TRY,2017-01-10,OPEN,True,2025-06-26 00:00:00,CONTROLLED_SYNTHETIC
A0000824,C000914,CURRENT,TRY,2024-09-06,OPEN,False,,CONTROLLED_SYNTHETIC
A0000825,C000285,PAYMENT,TRY,2018-02-01,OPEN,False,,CONTROLLED_SYNTHETIC
A0000826,C001356,PAYMENT,TRY,2024-09-02,OPEN,False,,CONTROLLED_SYNTHETIC
A0000827,C000179,CURRENT,TRY,2017-10-02,OPEN,False,,CONTROLLED_SYNTHETIC
A0000828,C000239,SAVINGS,TRY,2021-07-06,OPEN,False,,CONTROLLED_SYNTHETIC
A0000829,C001081,SAVINGS,EUR,2017-01-10,OPEN,False,,CONTROLLED_SYNTHETIC
A0000830,C000091,SAVINGS,TRY,2015-12-29,OPEN,False,,CONTROLLED_SYNTHETIC
A0000831,C001554,CURRENT,TRY,2020-07-29,OPEN,False,,CONTROLLED_SYNTHETIC
A0000832,C000451,CURRENT,TRY,2018-12-15,OPEN,False,,CONTROLLED_SYNTHETIC
A0000833,C000300,PAYMENT,TRY,2018-10-29,OPEN,False,,CONTROLLED_SYNTHETIC
A0000834,C001572,CURRENT,TRY,2021-10-28,OPEN,False,,CONTROLLED_SYNTHETIC
A0000835,C000834,SAVINGS,TRY,2024-12-24,OPEN,False,,CONTROLLED_SYNTHETIC
A0000836,C000092,CURRENT,TRY,2017-07-04,OPEN,False,,CONTROLLED_SYNTHETIC
A0000837,C000125,PAYMENT,USD,2020-06-01,OPEN,False,,CONTROLLED_SYNTHETIC
A0000838,C001408,CURRENT,TRY,2018-08-26,OPEN,False,,CONTROLLED_SYNTHETIC
A0000839,C000704,CURRENT,TRY,2020-11-24,OPEN,False,,CONTROLLED_SYNTHETIC
A0000840,C000867,PAYMENT,TRY,2016-08-06,OPEN,False,,CONTROLLED_SYNTHETIC
A0000841,C001668,PAYMENT,TRY,2019-05-23,OPEN,False,,CONTROLLED_SYNTHETIC
A0000842,C000213,CURRENT,TRY,2019-11-15,OPEN,False,,CONTROLLED_SYNTHETIC
A0000843,C001395,SAVINGS,TRY,2025-09-05,OPEN,False,,CONTROLLED_SYNTHETIC
A0000844,C001457,CURRENT,TRY,2024-08-22,OPEN,False,,CONTROLLED_SYNTHETIC
A0000845,C000278,PAYMENT,TRY,2015-06-14,OPEN,False,,CONTROLLED_SYNTHETIC
A0000846,C000219,SAVINGS,TRY,2019-11-05,OPEN,False,,CONTROLLED_SYNTHETIC
A0000847,C000370,PAYMENT,TRY,2020-04-22,OPEN,False,,CONTROLLED_SYNTHETIC
A0000848,C000892,CURRENT,EUR,2019-11-30,OPEN,False,,CONTROLLED_SYNTHETIC
A0000849,C000934,PAYMENT,TRY,2020-11-10,OPEN,False,,CONTROLLED_SYNTHETIC
A0000850,C001262,CURRENT,TRY,2026-01-24,OPEN,False,,CONTROLLED_SYNTHETIC
A0000851,C001213,PAYMENT,TRY,2016-08-13,OPEN,False,,CONTROLLED_SYNTHETIC
A0000852,C000634,CURRENT,TRY,2019-08-02,OPEN,False,,CONTROLLED_SYNTHETIC
A0000853,C001461,BUSINESS,TRY,2016-07-01,OPEN,False,,CONTROLLED_SYNTHETIC
A0000854,C000533,SAVINGS,TRY,2016-10-15,OPEN,False,,CONTROLLED_SYNTHETIC
A0000855,C000295,CURRENT,USD,2016-09-28,OPEN,False,,CONTROLLED_SYNTHETIC
A0000856,C000859,SAVINGS,TRY,2019-04-12,OPEN,False,,CONTROLLED_SYNTHETIC
A0000857,C000986,PAYMENT,EUR,2015-09-30,OPEN,False,,CONTROLLED_SYNTHETIC
A0000858,C000151,PAYMENT,TRY,2019-02-12,OPEN,False,,CONTROLLED_SYNTHETIC
A0000859,C000726,PAYMENT,TRY,2024-02-28,OPEN,False,,CONTROLLED_SYNTHETIC
A0000860,C000522,CURRENT,TRY,2024-04-21,OPEN,False,,CONTROLLED_SYNTHETIC
A0000861,C000487,BUSINESS,TRY,2019-12-08,OPEN,False,,CONTROLLED_SYNTHETIC
A0000862,C000680,BUSINESS,TRY,2021-01-03,OPEN,False,,CONTROLLED_SYNTHETIC
A0000863,C000035,PAYMENT,TRY,2015-02-21,OPEN,False,,CONTROLLED_SYNTHETIC
A0000864,C000750,CURRENT,TRY,2022-02-25,OPEN,False,,CONTROLLED_SYNTHETIC
A0000865,C001332,PAYMENT,TRY,2020-02-19,OPEN,False,,CONTROLLED_SYNTHETIC
A0000866,C000756,PAYMENT,TRY,2024-02-25,OPEN,True,2025-06-26 00:00:00,CONTROLLED_SYNTHETIC
A0000867,C000303,CURRENT,EUR,2021-04-30,OPEN,False,,CONTROLLED_SYNTHETIC
A0000868,C001600,CURRENT,TRY,2021-01-11,OPEN,False,,CONTROLLED_SYNTHETIC
A0000869,C000492,BUSINESS,TRY,2023-08-30,OPEN,False,,CONTROLLED_SYNTHETIC
A0000870,C000398,SAVINGS,EUR,2026-01-02,OPEN,False,,CONTROLLED_SYNTHETIC
A0000871,C000926,PAYMENT,TRY,2014-12-08,OPEN,False,,CONTROLLED_SYNTHETIC
A0000872,C001302,CURRENT,EUR,2022-10-10,OPEN,True,1727740800000000000,CONTROLLED_SYNTHETIC
A0000873,C000079,CURRENT,USD,2017-05-14,OPEN,False,,CONTROLLED_SYNTHETIC
A0000874,C001154,CURRENT,TRY,2018-01-10,OPEN,False,,CONTROLLED_SYNTHETIC
A0000875,C001092,SAVINGS,TRY,2025-06-07,OPEN,False,,CONTROLLED_SYNTHETIC
A0000876,C001792,CURRENT,TRY,2025-10-01,OPEN,False,,CONTROLLED_SYNTHETIC
A0000877,C000297,PAYMENT,TRY,2022-11-05,OPEN,False,,CONTROLLED_SYNTHETIC
A0000878,C000861,CURRENT,TRY,2022-02-11,OPEN,False,,CONTROLLED_SYNTHETIC
A0000879,C001433,CURRENT,TRY,2022-11-15,OPEN,False,,CONTROLLED_SYNTHETIC
A0000880,C000527,CURRENT,TRY,2020-04-29,OPEN,False,,CONTROLLED_SYNTHETIC
A0000881,C000715,CURRENT,TRY,2022-02-18,OPEN,False,,CONTROLLED_SYNTHETIC
A0000882,C000338,PAYMENT,TRY,2022-08-20,OPEN,False,,CONTROLLED_SYNTHETIC
A0000883,C000435,CURRENT,TRY,2016-07-07,OPEN,False,,CONTROLLED_SYNTHETIC
A0000884,C001093,SAVINGS,TRY,2020-03-09,OPEN,False,,CONTROLLED_SYNTHETIC
A0000885,C000298,SAVINGS,TRY,2016-07-12,OPEN,False,,CONTROLLED_SYNTHETIC
A0000886,C001720,CURRENT,TRY,2015-03-16,OPEN,False,,CONTROLLED_SYNTHETIC
A0000887,C000400,SAVINGS,TRY,2023-02-21,OPEN,False,,CONTROLLED_SYNTHETIC
A0000888,C000449,SAVINGS,TRY,2022-03-14,OPEN,False,,CONTROLLED_SYNTHETIC
A0000889,C000546,BUSINESS,USD,2016-03-26,OPEN,False,,CONTROLLED_SYNTHETIC
A0000890,C000292,CURRENT,TRY,2024-03-26,OPEN,False,,CONTROLLED_SYNTHETIC
A0000891,C000712,SAVINGS,TRY,2021-06-15,OPEN,False,,CONTROLLED_SYNTHETIC
A0000892,C000118,PAYMENT,USD,2023-10-30,OPEN,False,,CONTROLLED_SYNTHETIC
A0000893,C000049,BUSINESS,TRY,2019-05-03,OPEN,False,,CONTROLLED_SYNTHETIC
A0000894,C000068,CURRENT,TRY,2021-06-26,OPEN,False,,CONTROLLED_SYNTHETIC
A0000895,C000298,CURRENT,TRY,2018-02-11,OPEN,False,,CONTROLLED_SYNTHETIC
A0000896,C000429,PAYMENT,TRY,2017-07-28,OPEN,False,,CONTROLLED_SYNTHETIC
A0000897,C000611,SAVINGS,TRY,2022-07-30,OPEN,False,,CONTROLLED_SYNTHETIC
A0000898,C001006,SAVINGS,TRY,2023-03-06,OPEN,False,,CONTROLLED_SYNTHETIC
A0000899,C001151,SAVINGS,TRY,2024-01-09,OPEN,True,2025-06-26 00:00:00,CONTROLLED_SYNTHETIC
A0000900,C000544,SAVINGS,TRY,2024-11-06,OPEN,False,,CONTROLLED_SYNTHETIC
A0000901,C001684,CURRENT,TRY,2024-08-28,OPEN,False,,CONTROLLED_SYNTHETIC
A0000902,C001297,CURRENT,TRY,2015-07-06,OPEN,False,,CONTROLLED_SYNTHETIC
A0000903,C001225,CURRENT,USD,2025-01-13,OPEN,False,,CONTROLLED_SYNTHETIC
A0000904,C000831,BUSINESS,TRY,2016-08-31,OPEN,False,,CONTROLLED_SYNTHETIC
A0000905,C000383,CURRENT,TRY,2016-01-31,OPEN,False,,CONTROLLED_SYNTHETIC
A0000906,C001316,PAYMENT,TRY,2017-04-21,OPEN,False,,CONTROLLED_SYNTHETIC
A0000907,C000833,CURRENT,TRY,2024-10-03,OPEN,True,1762646400000000000,CONTROLLED_SYNTHETIC
A0000908,C000122,PAYMENT,TRY,2024-05-18,OPEN,True,1720828800000000000,CONTROLLED_SYNTHETIC
A0000909,C000812,CURRENT,TRY,2022-09-26,OPEN,False,,CONTROLLED_SYNTHETIC
A0000910,C001351,SAVINGS,TRY,2020-02-29,OPEN,False,,CONTROLLED_SYNTHETIC
A0000911,C001417,CURRENT,TRY,2017-12-06,OPEN,False,,CONTROLLED_SYNTHETIC
A0000912,C001289,SAVINGS,TRY,2023-03-01,OPEN,False,,CONTROLLED_SYNTHETIC
A0000913,C000055,BUSINESS,TRY,2021-03-21,OPEN,False,,CONTROLLED_SYNTHETIC
A0000914,C000403,PAYMENT,TRY,2020-09-07,OPEN,False,,CONTROLLED_SYNTHETIC
A0000915,C000486,CURRENT,TRY,2024-07-05,OPEN,False,,CONTROLLED_SYNTHETIC
A0000916,C000101,CURRENT,TRY,2016-08-01,OPEN,False,,CONTROLLED_SYNTHETIC
A0000917,C000364,CURRENT,TRY,2018-12-08,OPEN,False,,CONTROLLED_SYNTHETIC
A0000918,C001307,CURRENT,TRY,2017-08-03,OPEN,False,,CONTROLLED_SYNTHETIC
A0000919,C001142,PAYMENT,TRY,2022-10-25,OPEN,False,,CONTROLLED_SYNTHETIC
A0000920,C001405,CURRENT,TRY,2015-12-25,OPEN,False,,CONTROLLED_SYNTHETIC
A0000921,C001672,BUSINESS,TRY,2015-12-17,OPEN,True,1753488000000000000,CONTROLLED_SYNTHETIC
A0000922,C000862,BUSINESS,EUR,2023-03-19,OPEN,False,,CONTROLLED_SYNTHETIC
A0000923,C000851,PAYMENT,TRY,2021-02-24,OPEN,False,,CONTROLLED_SYNTHETIC
A0000924,C000402,SAVINGS,TRY,2023-12-31,OPEN,True,1735948800000000000,CONTROLLED_SYNTHETIC
A0000925,C000164,CURRENT,TRY,2023-01-30,OPEN,False,,CONTROLLED_SYNTHETIC
A0000926,C001512,CURRENT,TRY,2023-05-29,OPEN,False,,CONTROLLED_SYNTHETIC
A0000927,C000095,SAVINGS,TRY,2019-06-24,OPEN,False,,CONTROLLED_SYNTHETIC
A0000928,C000759,SAVINGS,TRY,2021-01-15,OPEN,False,,CONTROLLED_SYNTHETIC
A0000929,C000802,CURRENT,TRY,2022-04-17,OPEN,False,,CONTROLLED_SYNTHETIC
A0000930,C000409,PAYMENT,TRY,2022-11-20,OPEN,False,,CONTROLLED_SYNTHETIC
A0000931,C001615,CURRENT,TRY,2017-12-06,OPEN,False,,CONTROLLED_SYNTHETIC
A0000932,C000752,BUSINESS,TRY,2016-06-13,OPEN,False,,CONTROLLED_SYNTHETIC
A0000933,C000052,PAYMENT,USD,2026-01-07,OPEN,False,,CONTROLLED_SYNTHETIC
A0000934,C000294,CURRENT,TRY,2016-01-10,OPEN,False,,CONTROLLED_SYNTHETIC
A0000935,C000033,CURRENT,TRY,2025-02-01,OPEN,False,,CONTROLLED_SYNTHETIC
A0000936,C001589,CURRENT,TRY,2022-11-10,OPEN,False,,CONTROLLED_SYNTHETIC
A0000937,C001523,CURRENT,TRY,2025-11-28,OPEN,False,,CONTROLLED_SYNTHETIC
A0000938,C001295,CURRENT,TRY,2015-08-23,OPEN,False,,CONTROLLED_SYNTHETIC
A0000939,C001790,CURRENT,TRY,2016-06-15,OPEN,False,,CONTROLLED_SYNTHETIC
A0000940,C000681,CURRENT,USD,2020-09-08,OPEN,False,,CONTROLLED_SYNTHETIC
A0000941,C001689,SAVINGS,TRY,2016-10-05,OPEN,False,,CONTROLLED_SYNTHETIC
A0000942,C000549,CURRENT,TRY,2023-05-10,OPEN,False,,CONTROLLED_SYNTHETIC
A0000943,C000891,CURRENT,TRY,2018-07-20,OPEN,False,,CONTROLLED_SYNTHETIC
A0000944,C000519,SAVINGS,TRY,2025-12-19,OPEN,False,,CONTROLLED_SYNTHETIC
A0000945,C001347,CURRENT,TRY,2017-12-02,OPEN,True,1752796800000000000,CONTROLLED_SYNTHETIC
A0000946,C001396,SAVINGS,TRY,2015-09-07,OPEN,False,,CONTROLLED_SYNTHETIC
A0000947,C001492,CURRENT,TRY,2019-09-14,OPEN,False,,CONTROLLED_SYNTHETIC
A0000948,C000127,CURRENT,TRY,2024-03-16,OPEN,False,,CONTROLLED_SYNTHETIC
A0000949,C001276,SAVINGS,TRY,2024-01-24,OPEN,False,,CONTROLLED_SYNTHETIC
A0000950,C000567,BUSINESS,TRY,2018-07-03,OPEN,False,,CONTROLLED_SYNTHETIC
A0000951,C001626,PAYMENT,TRY,2019-06-02,OPEN,False,,CONTROLLED_SYNTHETIC
A0000952,C001264,PAYMENT,TRY,2021-09-02,OPEN,False,,CONTROLLED_SYNTHETIC
A0000953,C000155,CURRENT,EUR,2023-05-08,OPEN,True,1746057600000000000,CONTROLLED_SYNTHETIC
A0000954,C000355,SAVINGS,TRY,2023-08-01,OPEN,False,,CONTROLLED_SYNTHETIC
A0000955,C000716,CURRENT,TRY,2015-09-13,OPEN,False,,CONTROLLED_SYNTHETIC
A0000956,C000668,SAVINGS,TRY,2018-05-11,OPEN,False,,CONTROLLED_SYNTHETIC
A0000957,C000483,CURRENT,EUR,2021-04-20,OPEN,False,,CONTROLLED_SYNTHETIC
A0000958,C001724,BUSINESS,TRY,2020-03-16,OPEN,False,,CONTROLLED_SYNTHETIC
A0000959,C001590,SAVINGS,TRY,2020-01-09,OPEN,False,,CONTROLLED_SYNTHETIC
A0000960,C000144,SAVINGS,TRY,2020-03-12,OPEN,False,,CONTROLLED_SYNTHETIC
A0000961,C001051,PAYMENT,TRY,2014-11-20,OPEN,False,,CONTROLLED_SYNTHETIC
A0000962,C000010,SAVINGS,TRY,2023-04-23,OPEN,False,,CONTROLLED_SYNTHETIC
A0000963,C000919,CURRENT,TRY,2019-11-04,OPEN,False,,CONTROLLED_SYNTHETIC
A0000964,C001448,PAYMENT,TRY,2018-01-04,OPEN,False,,CONTROLLED_SYNTHETIC
A0000965,C000835,SAVINGS,TRY,2019-01-01,OPEN,False,,CONTROLLED_SYNTHETIC
A0000966,C000844,CURRENT,TRY,2022-03-08,OPEN,False,,CONTROLLED_SYNTHETIC
A0000967,C001726,BUSINESS,TRY,2020-07-06,OPEN,False,,CONTROLLED_SYNTHETIC
A0000968,C001682,CURRENT,TRY,2018-06-12,OPEN,False,,CONTROLLED_SYNTHETIC
A0000969,C000189,CURRENT,TRY,2022-10-29,OPEN,False,,CONTROLLED_SYNTHETIC
A0000970,C000339,PAYMENT,TRY,2017-11-27,OPEN,False,,CONTROLLED_SYNTHETIC
A0000971,C001152,SAVINGS,TRY,2016-12-24,OPEN,False,,CONTROLLED_SYNTHETIC
A0000972,C001285,SAVINGS,TRY,2015-05-25,OPEN,False,,CONTROLLED_SYNTHETIC
A0000973,C001444,PAYMENT,TRY,2023-10-06,OPEN,False,,CONTROLLED_SYNTHETIC
A0000974,C001586,CURRENT,TRY,2021-08-13,OPEN,False,,CONTROLLED_SYNTHETIC
A0000975,C000580,CURRENT,USD,2023-09-15,OPEN,False,,CONTROLLED_SYNTHETIC
A0000976,C000810,CURRENT,EUR,2020-11-30,OPEN,False,,CONTROLLED_SYNTHETIC
A0000977,C000774,SAVINGS,USD,2014-12-01,OPEN,False,,CONTROLLED_SYNTHETIC
A0000978,C001789,CURRENT,TRY,2022-12-16,OPEN,False,,CONTROLLED_SYNTHETIC
A0000979,C001382,PAYMENT,TRY,2022-05-13,OPEN,False,,CONTROLLED_SYNTHETIC
A0000980,C000770,CURRENT,TRY,2020-02-04,OPEN,False,,CONTROLLED_SYNTHETIC
A0000981,C000229,SAVINGS,TRY,2017-12-29,OPEN,False,,CONTROLLED_SYNTHETIC
A0000982,C000650,CURRENT,USD,2025-12-10,OPEN,False,,CONTROLLED_SYNTHETIC
A0000983,C001466,BUSINESS,TRY,2019-05-20,OPEN,False,,CONTROLLED_SYNTHETIC
A0000984,C000117,CURRENT,USD,2016-04-10,OPEN,False,,CONTROLLED_SYNTHETIC
A0000985,C000266,SAVINGS,TRY,2015-09-07,OPEN,False,,CONTROLLED_SYNTHETIC
A0000986,C001004,BUSINESS,TRY,2015-09-10,OPEN,False,,CONTROLLED_SYNTHETIC
A0000987,C000008,CURRENT,TRY,2022-05-11,OPEN,False,,CONTROLLED_SYNTHETIC
A0000988,C000462,PAYMENT,TRY,2022-12-18,OPEN,False,,CONTROLLED_SYNTHETIC
A0000989,C000976,CURRENT,TRY,2014-11-14,OPEN,False,,CONTROLLED_SYNTHETIC
A0000990,C000002,SAVINGS,EUR,2019-12-26,OPEN,False,,CONTROLLED_SYNTHETIC
A0000991,C000818,PAYMENT,TRY,2016-11-29,OPEN,False,,CONTROLLED_SYNTHETIC
A0000992,C001445,SAVINGS,TRY,2017-03-02,OPEN,False,,CONTROLLED_SYNTHETIC
A0000993,C001155,CURRENT,TRY,2023-06-27,OPEN,False,,CONTROLLED_SYNTHETIC
A0000994,C000120,PAYMENT,TRY,2015-10-08,OPEN,True,1717200000000000000,CONTROLLED_SYNTHETIC
A0000995,C001659,CURRENT,TRY,2016-04-05,OPEN,False,,CONTROLLED_SYNTHETIC
A0000996,C001188,PAYMENT,TRY,2017-05-17,OPEN,False,,CONTROLLED_SYNTHETIC
A0000997,C000997,CURRENT,TRY,2024-10-24,OPEN,False,,CONTROLLED_SYNTHETIC
A0000998,C001469,CURRENT,TRY,2018-10-26,OPEN,False,,CONTROLLED_SYNTHETIC
A0000999,C001125,BUSINESS,TRY,2025-08-11,OPEN,False,,CONTROLLED_SYNTHETIC
A0001000,C001591,PAYMENT,TRY,2020-02-20,OPEN,False,,CONTROLLED_SYNTHETIC
A0001001,C000151,PAYMENT,EUR,2022-09-26,OPEN,False,,CONTROLLED_SYNTHETIC
A0001002,C000233,CURRENT,USD,2024-10-26,OPEN,False,,CONTROLLED_SYNTHETIC
A0001003,C000390,CURRENT,TRY,2018-11-19,OPEN,False,,CONTROLLED_SYNTHETIC
A0001004,C000496,CURRENT,USD,2025-11-30,OPEN,False,,CONTROLLED_SYNTHETIC
A0001005,C000570,BUSINESS,TRY,2019-06-13,OPEN,False,,CONTROLLED_SYNTHETIC
A0001006,C000494,SAVINGS,TRY,2019-06-09,OPEN,False,,CONTROLLED_SYNTHETIC
A0001007,C000231,SAVINGS,TRY,2025-08-25,OPEN,False,,CONTROLLED_SYNTHETIC
A0001008,C001380,BUSINESS,TRY,2025-11-30,OPEN,False,,CONTROLLED_SYNTHETIC
A0001009,C001019,CURRENT,TRY,2016-06-13,OPEN,False,,CONTROLLED_SYNTHETIC
A0001010,C001141,SAVINGS,TRY,2016-08-12,OPEN,False,,CONTROLLED_SYNTHETIC
A0001011,C000216,PAYMENT,USD,2022-08-16,OPEN,False,,CONTROLLED_SYNTHETIC
A0001012,C001163,CURRENT,TRY,2015-10-27,OPEN,False,,CONTROLLED_SYNTHETIC
A0001013,C000437,SAVINGS,TRY,2017-10-08,OPEN,False,,CONTROLLED_SYNTHETIC
A0001014,C000274,CURRENT,TRY,2020-03-20,OPEN,False,,CONTROLLED_SYNTHETIC
A0001015,C000305,SAVINGS,TRY,2023-11-27,OPEN,False,,CONTROLLED_SYNTHETIC
A0001016,C000212,SAVINGS,TRY,2018-02-16,OPEN,False,,CONTROLLED_SYNTHETIC
A0001017,C000277,PAYMENT,TRY,2022-03-04,OPEN,False,,CONTROLLED_SYNTHETIC
A0001018,C000259,CURRENT,TRY,2019-10-03,OPEN,True,1762214400000000000,CONTROLLED_SYNTHETIC
A0001019,C000381,PAYMENT,TRY,2020-12-17,OPEN,False,,CONTROLLED_SYNTHETIC
A0001020,C000651,BUSINESS,TRY,2017-05-15,OPEN,False,,CONTROLLED_SYNTHETIC
A0001021,C001411,CURRENT,TRY,2023-08-31,OPEN,False,,CONTROLLED_SYNTHETIC
A0001022,C000870,BUSINESS,TRY,2016-08-25,OPEN,False,,CONTROLLED_SYNTHETIC
A0001023,C001576,CURRENT,TRY,2024-11-06,OPEN,False,,CONTROLLED_SYNTHETIC
A0001024,C000725,SAVINGS,USD,2025-09-27,OPEN,False,,CONTROLLED_SYNTHETIC
A0001025,C000804,CURRENT,TRY,2022-10-29,OPEN,False,,CONTROLLED_SYNTHETIC
A0001026,C001001,BUSINESS,EUR,2016-07-29,OPEN,False,,CONTROLLED_SYNTHETIC
A0001027,C001499,CURRENT,TRY,2023-07-20,OPEN,False,,CONTROLLED_SYNTHETIC
A0001028,C000953,CURRENT,TRY,2023-11-17,OPEN,False,,CONTROLLED_SYNTHETIC
A0001029,C000662,SAVINGS,TRY,2024-09-20,OPEN,False,,CONTROLLED_SYNTHETIC
A0001030,C000447,SAVINGS,TRY,2018-09-13,OPEN,False,,CONTROLLED_SYNTHETIC
A0001031,C000154,SAVINGS,TRY,2024-01-14,OPEN,False,,CONTROLLED_SYNTHETIC
A0001032,C001630,SAVINGS,TRY,2015-04-30,OPEN,False,,CONTROLLED_SYNTHETIC
A0001033,C001294,SAVINGS,TRY,2017-04-28,OPEN,False,,CONTROLLED_SYNTHETIC
A0001034,C000672,CURRENT,TRY,2021-08-25,OPEN,False,,CONTROLLED_SYNTHETIC
A0001035,C001463,CURRENT,TRY,2018-08-02,OPEN,False,,CONTROLLED_SYNTHETIC
A0001036,C001353,SAVINGS,EUR,2025-05-30,OPEN,True,1751673600000000000,CONTROLLED_SYNTHETIC
A0001037,C000387,CURRENT,TRY,2019-09-05,OPEN,False,,CONTROLLED_SYNTHETIC
A0001038,C001078,SAVINGS,TRY,2019-09-15,OPEN,False,,CONTROLLED_SYNTHETIC
A0001039,C000248,CURRENT,TRY,2022-06-03,OPEN,False,,CONTROLLED_SYNTHETIC
A0001040,C001212,CURRENT,USD,2019-11-13,OPEN,False,,CONTROLLED_SYNTHETIC
A0001041,C001033,SAVINGS,TRY,2018-02-28,OPEN,False,,CONTROLLED_SYNTHETIC
A0001042,C000662,CURRENT,TRY,2024-11-10,OPEN,False,,CONTROLLED_SYNTHETIC
A0001043,C000812,BUSINESS,USD,2024-05-24,OPEN,False,,CONTROLLED_SYNTHETIC
A0001044,C000336,CURRENT,USD,2015-02-02,OPEN,False,,CONTROLLED_SYNTHETIC
A0001045,C001701,PAYMENT,TRY,2025-09-25,OPEN,False,,CONTROLLED_SYNTHETIC
A0001046,C001520,SAVINGS,USD,2016-04-19,OPEN,False,,CONTROLLED_SYNTHETIC
A0001047,C000652,SAVINGS,TRY,2015-05-25,OPEN,False,,CONTROLLED_SYNTHETIC
A0001048,C001247,PAYMENT,USD,2015-02-26,OPEN,False,,CONTROLLED_SYNTHETIC
A0001049,C001585,CURRENT,TRY,2018-05-29,OPEN,False,,CONTROLLED_SYNTHETIC
A0001050,C001088,PAYMENT,TRY,2021-07-31,OPEN,False,,CONTROLLED_SYNTHETIC
A0001051,C000615,CURRENT,TRY,2025-06-19,OPEN,False,,CONTROLLED_SYNTHETIC
A0001052,C001207,BUSINESS,TRY,2025-06-03,OPEN,False,,CONTROLLED_SYNTHETIC
A0001053,C000156,CURRENT,TRY,2026-02-03,OPEN,True,2025-06-26 00:00:00,CONTROLLED_SYNTHETIC
A0001054,C001719,PAYMENT,TRY,2015-11-20,OPEN,False,,CONTROLLED_SYNTHETIC
A0001055,C001161,SAVINGS,TRY,2020-04-08,OPEN,False,,CONTROLLED_SYNTHETIC
A0001056,C000657,CURRENT,USD,2023-11-15,OPEN,False,,CONTROLLED_SYNTHETIC
A0001057,C001197,SAVINGS,TRY,2015-06-09,OPEN,False,,CONTROLLED_SYNTHETIC
A0001058,C000739,CURRENT,USD,2017-04-20,OPEN,False,,CONTROLLED_SYNTHETIC
A0001059,C000510,SAVINGS,TRY,2024-08-04,OPEN,False,,CONTROLLED_SYNTHETIC
A0001060,C000009,PAYMENT,USD,2018-03-18,OPEN,False,,CONTROLLED_SYNTHETIC
A0001061,C001535,CURRENT,TRY,2023-04-29,OPEN,True,2025-06-26 00:00:00,CONTROLLED_SYNTHETIC
A0001062,C001688,CURRENT,TRY,2017-08-19,OPEN,False,,CONTROLLED_SYNTHETIC
A0001063,C001753,CURRENT,TRY,2023-03-11,OPEN,False,,CONTROLLED_SYNTHETIC
A0001064,C000938,SAVINGS,TRY,2021-05-04,OPEN,False,,CONTROLLED_SYNTHETIC
A0001065,C000341,PAYMENT,EUR,2022-05-27,OPEN,False,,CONTROLLED_SYNTHETIC
A0001066,C001199,SAVINGS,TRY,2018-12-13,OPEN,False,,CONTROLLED_SYNTHETIC
A0001067,C000324,SAVINGS,TRY,2022-06-03,OPEN,False,,CONTROLLED_SYNTHETIC
A0001068,C000220,CURRENT,TRY,2024-04-18,OPEN,False,,CONTROLLED_SYNTHETIC
A0001069,C000959,BUSINESS,TRY,2025-11-22,OPEN,False,,CONTROLLED_SYNTHETIC
A0001070,C001621,PAYMENT,USD,2024-11-30,OPEN,False,,CONTROLLED_SYNTHETIC
A0001071,C000584,SAVINGS,TRY,2019-09-13,OPEN,False,,CONTROLLED_SYNTHETIC
A0001072,C001143,CURRENT,TRY,2020-02-21,OPEN,False,,CONTROLLED_SYNTHETIC
A0001073,C001086,PAYMENT,TRY,2021-02-09,OPEN,False,,CONTROLLED_SYNTHETIC
A0001074,C000466,SAVINGS,TRY,2025-04-07,OPEN,False,,CONTROLLED_SYNTHETIC
A0001075,C000283,CURRENT,EUR,2020-04-03,OPEN,False,,CONTROLLED_SYNTHETIC
A0001076,C000186,CURRENT,TRY,2026-01-11,OPEN,False,,CONTROLLED_SYNTHETIC
A0001077,C001053,CURRENT,TRY,2020-08-06,OPEN,False,,CONTROLLED_SYNTHETIC
A0001078,C000210,CURRENT,TRY,2018-12-02,OPEN,False,,CONTROLLED_SYNTHETIC
A0001079,C001322,CURRENT,EUR,2020-08-09,OPEN,False,,CONTROLLED_SYNTHETIC
A0001080,C001277,SAVINGS,TRY,2017-01-24,OPEN,True,1710806400000000000,CONTROLLED_SYNTHETIC
A0001081,C001482,SAVINGS,EUR,2020-10-23,OPEN,False,,CONTROLLED_SYNTHETIC
A0001082,C000889,CURRENT,TRY,2015-12-09,OPEN,False,,CONTROLLED_SYNTHETIC
A0001083,C001686,PAYMENT,TRY,2020-08-18,OPEN,False,,CONTROLLED_SYNTHETIC
A0001084,C000385,SAVINGS,TRY,2018-11-21,OPEN,False,,CONTROLLED_SYNTHETIC
A0001085,C000998,CURRENT,TRY,2024-02-19,OPEN,False,,CONTROLLED_SYNTHETIC
A0001086,C001186,BUSINESS,TRY,2024-06-10,OPEN,False,,CONTROLLED_SYNTHETIC
A0001087,C000475,SAVINGS,TRY,2023-05-07,OPEN,False,,CONTROLLED_SYNTHETIC
A0001088,C000780,SAVINGS,TRY,2017-02-16,OPEN,False,,CONTROLLED_SYNTHETIC
A0001089,C000901,CURRENT,TRY,2016-05-15,OPEN,False,,CONTROLLED_SYNTHETIC
A0001090,C001492,PAYMENT,TRY,2016-11-22,OPEN,False,,CONTROLLED_SYNTHETIC
A0001091,C000019,CURRENT,TRY,2025-05-27,OPEN,False,,CONTROLLED_SYNTHETIC
A0001092,C001575,PAYMENT,TRY,2015-07-26,OPEN,False,,CONTROLLED_SYNTHETIC
A0001093,C000163,SAVINGS,TRY,2017-05-26,OPEN,False,,CONTROLLED_SYNTHETIC
A0001094,C001211,SAVINGS,TRY,2025-01-17,OPEN,False,,CONTROLLED_SYNTHETIC
A0001095,C001321,CURRENT,EUR,2024-01-04,OPEN,False,,CONTROLLED_SYNTHETIC
A0001096,C001259,CURRENT,TRY,2025-09-04,OPEN,False,,CONTROLLED_SYNTHETIC
A0001097,C000341,CURRENT,TRY,2017-08-30,OPEN,False,,CONTROLLED_SYNTHETIC
A0001098,C000613,SAVINGS,TRY,2021-07-05,OPEN,False,,CONTROLLED_SYNTHETIC
A0001099,C001377,BUSINESS,TRY,2024-07-25,OPEN,False,,CONTROLLED_SYNTHETIC
A0001100,C001260,BUSINESS,USD,2024-06-02,OPEN,False,,CONTROLLED_SYNTHETIC
A0001101,C001705,CURRENT,TRY,2024-06-04,OPEN,False,,CONTROLLED_SYNTHETIC
A0001102,C000649,BUSINESS,TRY,2016-03-27,OPEN,False,,CONTROLLED_SYNTHETIC
A0001103,C001378,CURRENT,TRY,2018-06-25,OPEN,False,,CONTROLLED_SYNTHETIC
A0001104,C001104,CURRENT,TRY,2021-11-27,OPEN,False,,CONTROLLED_SYNTHETIC
A0001105,C000550,CURRENT,TRY,2016-08-14,OPEN,False,,CONTROLLED_SYNTHETIC
A0001106,C001490,CURRENT,TRY,2020-01-21,OPEN,False,,CONTROLLED_SYNTHETIC
A0001107,C001477,SAVINGS,TRY,2021-09-24,OPEN,False,,CONTROLLED_SYNTHETIC
A0001108,C001615,CURRENT,TRY,2024-07-19,OPEN,False,,CONTROLLED_SYNTHETIC
A0001109,C000321,PAYMENT,TRY,2018-07-31,OPEN,False,,CONTROLLED_SYNTHETIC
A0001110,C000454,PAYMENT,TRY,2021-04-08,OPEN,False,,CONTROLLED_SYNTHETIC
A0001111,C000424,CURRENT,TRY,2018-02-12,OPEN,False,,CONTROLLED_SYNTHETIC
A0001112,C000018,SAVINGS,TRY,2016-03-24,OPEN,False,,CONTROLLED_SYNTHETIC
A0001113,C001067,PAYMENT,USD,2025-07-07,OPEN,False,,CONTROLLED_SYNTHETIC
A0001114,C000798,CURRENT,TRY,2022-04-29,OPEN,True,1717718400000000000,CONTROLLED_SYNTHETIC
A0001115,C001728,CURRENT,TRY,2015-12-22,OPEN,False,,CONTROLLED_SYNTHETIC
A0001116,C000115,BUSINESS,TRY,2019-04-02,OPEN,False,,CONTROLLED_SYNTHETIC
A0001117,C000785,CURRENT,TRY,2018-06-18,OPEN,False,,CONTROLLED_SYNTHETIC
A0001118,C000276,CURRENT,TRY,2021-08-02,OPEN,False,,CONTROLLED_SYNTHETIC
A0001119,C001680,SAVINGS,TRY,2019-08-30,OPEN,False,,CONTROLLED_SYNTHETIC
A0001120,C001715,CURRENT,TRY,2021-06-30,OPEN,False,,CONTROLLED_SYNTHETIC
A0001121,C000832,CURRENT,TRY,2016-06-19,OPEN,False,,CONTROLLED_SYNTHETIC
A0001122,C000081,SAVINGS,TRY,2016-12-12,OPEN,False,,CONTROLLED_SYNTHETIC
A0001123,C000359,PAYMENT,TRY,2023-09-26,OPEN,False,,CONTROLLED_SYNTHETIC
A0001124,C000795,PAYMENT,TRY,2023-01-10,OPEN,False,,CONTROLLED_SYNTHETIC
A0001125,C000877,CURRENT,TRY,2017-03-13,OPEN,False,,CONTROLLED_SYNTHETIC
A0001126,C001131,CURRENT,TRY,2017-07-18,OPEN,False,,CONTROLLED_SYNTHETIC
A0001127,C001758,CURRENT,TRY,2024-07-06,OPEN,False,,CONTROLLED_SYNTHETIC
A0001128,C001360,PAYMENT,TRY,2025-06-23,OPEN,False,,CONTROLLED_SYNTHETIC
A0001129,C001038,CURRENT,TRY,2016-08-16,OPEN,False,,CONTROLLED_SYNTHETIC
A0001130,C000527,SAVINGS,TRY,2023-07-20,OPEN,False,,CONTROLLED_SYNTHETIC
A0001131,C000881,SAVINGS,TRY,2017-01-19,OPEN,False,,CONTROLLED_SYNTHETIC
A0001132,C001083,BUSINESS,EUR,2024-02-19,OPEN,False,,CONTROLLED_SYNTHETIC
A0001133,C001330,PAYMENT,TRY,2020-10-08,OPEN,False,,CONTROLLED_SYNTHETIC
A0001134,C001676,CURRENT,TRY,2020-05-26,OPEN,False,,CONTROLLED_SYNTHETIC
A0001135,C000900,PAYMENT,TRY,2024-02-24,OPEN,False,,CONTROLLED_SYNTHETIC
A0001136,C001200,CURRENT,TRY,2023-10-13,OPEN,False,,CONTROLLED_SYNTHETIC
A0001137,C001424,SAVINGS,TRY,2015-09-29,OPEN,False,,CONTROLLED_SYNTHETIC
A0001138,C001448,PAYMENT,TRY,2018-06-27,OPEN,False,,CONTROLLED_SYNTHETIC
A0001139,C001313,SAVINGS,TRY,2025-10-17,OPEN,False,,CONTROLLED_SYNTHETIC
A0001140,C000594,PAYMENT,TRY,2017-01-02,OPEN,False,,CONTROLLED_SYNTHETIC
A0001141,C001744,BUSINESS,TRY,2023-04-22,OPEN,False,,CONTROLLED_SYNTHETIC
A0001142,C000693,SAVINGS,TRY,2017-02-03,OPEN,False,,CONTROLLED_SYNTHETIC
A0001143,C001192,BUSINESS,TRY,2014-11-19,OPEN,False,,CONTROLLED_SYNTHETIC
A0001144,C000489,CURRENT,TRY,2020-03-17,OPEN,False,,CONTROLLED_SYNTHETIC
A0001145,C001190,CURRENT,TRY,2025-05-14,OPEN,False,,CONTROLLED_SYNTHETIC
A0001146,C001497,SAVINGS,TRY,2015-01-02,OPEN,False,,CONTROLLED_SYNTHETIC
A0001147,C001638,BUSINESS,TRY,2023-06-14,OPEN,False,,CONTROLLED_SYNTHETIC
A0001148,C000002,PAYMENT,EUR,2015-08-31,OPEN,False,,CONTROLLED_SYNTHETIC
A0001149,C001043,CURRENT,TRY,2018-03-17,OPEN,False,,CONTROLLED_SYNTHETIC
A0001150,C001280,CURRENT,TRY,2022-02-15,OPEN,False,,CONTROLLED_SYNTHETIC
A0001151,C001617,CURRENT,TRY,2024-12-11,OPEN,False,,CONTROLLED_SYNTHETIC
A0001152,C001381,CURRENT,USD,2019-01-02,OPEN,False,,CONTROLLED_SYNTHETIC
A0001153,C000075,CURRENT,TRY,2024-10-19,OPEN,False,,CONTROLLED_SYNTHETIC
A0001154,C000293,SAVINGS,TRY,2017-11-12,OPEN,False,,CONTROLLED_SYNTHETIC
A0001155,C001604,SAVINGS,TRY,2023-10-03,OPEN,False,,CONTROLLED_SYNTHETIC
A0001156,C001272,SAVINGS,EUR,2018-01-11,OPEN,False,,CONTROLLED_SYNTHETIC
A0001157,C000237,BUSINESS,TRY,2017-09-23,OPEN,False,,CONTROLLED_SYNTHETIC
A0001158,C000762,PAYMENT,TRY,2018-08-23,OPEN,False,,CONTROLLED_SYNTHETIC
A0001159,C001265,CURRENT,TRY,2018-03-01,OPEN,False,,CONTROLLED_SYNTHETIC
A0001160,C001358,CURRENT,USD,2023-01-05,OPEN,False,,CONTROLLED_SYNTHETIC
A0001161,C001160,SAVINGS,TRY,2021-01-29,OPEN,False,,CONTROLLED_SYNTHETIC
A0001162,C000503,PAYMENT,TRY,2018-09-26,OPEN,False,,CONTROLLED_SYNTHETIC
A0001163,C000105,CURRENT,TRY,2015-07-15,OPEN,False,,CONTROLLED_SYNTHETIC
A0001164,C001612,SAVINGS,USD,2023-05-19,OPEN,False,,CONTROLLED_SYNTHETIC
A0001165,C000906,SAVINGS,TRY,2023-08-16,OPEN,False,,CONTROLLED_SYNTHETIC
A0001166,C000662,CURRENT,TRY,2015-08-24,OPEN,False,,CONTROLLED_SYNTHETIC
A0001167,C001712,SAVINGS,TRY,2025-03-26,OPEN,False,,CONTROLLED_SYNTHETIC
A0001168,C001137,PAYMENT,TRY,2015-01-18,OPEN,True,1765843200000000000,CONTROLLED_SYNTHETIC
A0001169,C000163,CURRENT,TRY,2020-07-08,OPEN,False,,CONTROLLED_SYNTHETIC
A0001170,C000768,SAVINGS,TRY,2023-12-30,OPEN,False,,CONTROLLED_SYNTHETIC
A0001171,C000564,PAYMENT,TRY,2022-05-16,OPEN,False,,CONTROLLED_SYNTHETIC
A0001172,C001794,CURRENT,TRY,2019-01-29,OPEN,False,,CONTROLLED_SYNTHETIC
A0001173,C000717,PAYMENT,TRY,2024-08-14,OPEN,False,,CONTROLLED_SYNTHETIC
A0001174,C000597,SAVINGS,TRY,2016-11-27,OPEN,False,,CONTROLLED_SYNTHETIC
A0001175,C000476,CURRENT,USD,2020-12-15,OPEN,False,,CONTROLLED_SYNTHETIC
A0001176,C000778,CURRENT,TRY,2023-07-22,OPEN,False,,CONTROLLED_SYNTHETIC
A0001177,C001153,CURRENT,TRY,2024-07-21,OPEN,False,,CONTROLLED_SYNTHETIC
A0001178,C000229,SAVINGS,TRY,2024-10-19,OPEN,False,,CONTROLLED_SYNTHETIC
A0001179,C001764,CURRENT,TRY,2021-03-31,OPEN,False,,CONTROLLED_SYNTHETIC
A0001180,C000373,CURRENT,TRY,2015-10-24,OPEN,False,,CONTROLLED_SYNTHETIC
A0001181,C001636,BUSINESS,TRY,2024-05-14,OPEN,False,,CONTROLLED_SYNTHETIC
A0001182,C001150,CURRENT,TRY,2019-04-18,OPEN,False,,CONTROLLED_SYNTHETIC
A0001183,C001690,PAYMENT,TRY,2024-04-04,OPEN,False,,CONTROLLED_SYNTHETIC
A0001184,C000713,BUSINESS,USD,2016-07-23,OPEN,False,,CONTROLLED_SYNTHETIC
A0001185,C001076,CURRENT,TRY,2019-03-03,OPEN,False,,CONTROLLED_SYNTHETIC
A0001186,C000162,CURRENT,TRY,2018-08-16,OPEN,False,,CONTROLLED_SYNTHETIC
A0001187,C001795,CURRENT,TRY,2024-01-03,OPEN,False,,CONTROLLED_SYNTHETIC
A0001188,C000123,CURRENT,TRY,2017-09-06,OPEN,False,,CONTROLLED_SYNTHETIC
A0001189,C001488,CURRENT,TRY,2015-09-23,OPEN,False,,CONTROLLED_SYNTHETIC
A0001190,C001759,SAVINGS,TRY,2023-08-11,OPEN,False,,CONTROLLED_SYNTHETIC
A0001191,C000247,CURRENT,USD,2017-06-01,OPEN,False,,CONTROLLED_SYNTHETIC
A0001192,C000387,CURRENT,EUR,2023-07-28,OPEN,False,,CONTROLLED_SYNTHETIC
A0001193,C000145,CURRENT,TRY,2016-06-29,OPEN,False,,CONTROLLED_SYNTHETIC
A0001194,C001622,PAYMENT,TRY,2020-10-20,OPEN,False,,CONTROLLED_SYNTHETIC
A0001195,C000461,CURRENT,TRY,2021-02-08,OPEN,False,,CONTROLLED_SYNTHETIC
A0001196,C000305,CURRENT,TRY,2022-07-17,OPEN,False,,CONTROLLED_SYNTHETIC
A0001197,C000974,BUSINESS,USD,2026-01-24,OPEN,True,1734220800000000000,CONTROLLED_SYNTHETIC
A0001198,C001760,PAYMENT,TRY,2018-02-13,OPEN,False,,CONTROLLED_SYNTHETIC
A0001199,C001541,CURRENT,TRY,2024-01-24,OPEN,False,,CONTROLLED_SYNTHETIC
A0001200,C001025,CURRENT,TRY,2018-05-25,OPEN,False,,CONTROLLED_SYNTHETIC
A0001201,C000660,CURRENT,TRY,2020-08-24,OPEN,False,,CONTROLLED_SYNTHETIC
A0001202,C001269,PAYMENT,TRY,2020-06-18,OPEN,False,,CONTROLLED_SYNTHETIC
A0001203,C001753,PAYMENT,TRY,2015-07-12,OPEN,False,,CONTROLLED_SYNTHETIC
A0001204,C000803,CURRENT,TRY,2025-09-07,OPEN,False,,CONTROLLED_SYNTHETIC
A0001205,C000942,CURRENT,TRY,2024-03-30,OPEN,False,,CONTROLLED_SYNTHETIC
A0001206,C001756,CURRENT,TRY,2015-07-20,OPEN,False,,CONTROLLED_SYNTHETIC
A0001207,C001159,CURRENT,EUR,2020-08-22,OPEN,False,,CONTROLLED_SYNTHETIC
A0001208,C001248,PAYMENT,USD,2024-10-24,OPEN,False,,CONTROLLED_SYNTHETIC
A0001209,C000335,SAVINGS,TRY,2018-12-17,OPEN,False,,CONTROLLED_SYNTHETIC
A0001210,C000076,CURRENT,TRY,2020-08-15,OPEN,False,,CONTROLLED_SYNTHETIC
A0001211,C000528,CURRENT,TRY,2025-08-18,OPEN,False,,CONTROLLED_SYNTHETIC
A0001212,C000110,CURRENT,TRY,2016-07-29,OPEN,False,,CONTROLLED_SYNTHETIC
A0001213,C000999,CURRENT,TRY,2023-10-26,OPEN,False,,CONTROLLED_SYNTHETIC
A0001214,C001136,SAVINGS,TRY,2015-08-14,OPEN,False,,CONTROLLED_SYNTHETIC
A0001215,C000566,BUSINESS,TRY,2020-03-19,OPEN,False,,CONTROLLED_SYNTHETIC
A0001216,C000654,CURRENT,TRY,2018-10-08,OPEN,False,,CONTROLLED_SYNTHETIC
A0001217,C001198,CURRENT,USD,2023-01-23,OPEN,False,,CONTROLLED_SYNTHETIC
A0001218,C000065,SAVINGS,TRY,2017-07-08,OPEN,False,,CONTROLLED_SYNTHETIC
A0001219,C001063,SAVINGS,TRY,2016-07-15,OPEN,False,,CONTROLLED_SYNTHETIC
A0001220,C000214,CURRENT,TRY,2022-06-21,OPEN,False,,CONTROLLED_SYNTHETIC
A0001221,C001243,CURRENT,TRY,2025-06-30,OPEN,False,,CONTROLLED_SYNTHETIC
A0001222,C000701,BUSINESS,TRY,2020-11-15,OPEN,False,,CONTROLLED_SYNTHETIC
A0001223,C001776,CURRENT,TRY,2016-12-08,OPEN,False,,CONTROLLED_SYNTHETIC
A0001224,C001543,BUSINESS,TRY,2019-09-28,OPEN,False,,CONTROLLED_SYNTHETIC
A0001225,C000350,SAVINGS,TRY,2023-09-19,OPEN,False,,CONTROLLED_SYNTHETIC
A0001226,C000557,SAVINGS,TRY,2018-12-08,OPEN,False,,CONTROLLED_SYNTHETIC
A0001227,C000014,CURRENT,TRY,2022-02-07,OPEN,False,,CONTROLLED_SYNTHETIC
A0001228,C001095,CURRENT,TRY,2021-05-02,OPEN,False,,CONTROLLED_SYNTHETIC
A0001229,C001250,CURRENT,USD,2016-11-09,OPEN,False,,CONTROLLED_SYNTHETIC
A0001230,C001003,PAYMENT,EUR,2015-09-13,OPEN,False,,CONTROLLED_SYNTHETIC
A0001231,C000481,SAVINGS,TRY,2020-08-28,OPEN,False,,CONTROLLED_SYNTHETIC
A0001232,C001235,PAYMENT,TRY,2021-12-25,OPEN,False,,CONTROLLED_SYNTHETIC
A0001233,C000850,CURRENT,TRY,2020-08-30,OPEN,False,,CONTROLLED_SYNTHETIC
A0001234,C001481,PAYMENT,TRY,2020-05-21,OPEN,False,,CONTROLLED_SYNTHETIC
A0001235,C000020,SAVINGS,TRY,2024-05-09,OPEN,False,,CONTROLLED_SYNTHETIC
A0001236,C000016,BUSINESS,TRY,2025-02-22,OPEN,False,,CONTROLLED_SYNTHETIC
A0001237,C000973,CURRENT,TRY,2019-07-02,OPEN,False,,CONTROLLED_SYNTHETIC
A0001238,C000458,CURRENT,TRY,2024-04-21,OPEN,False,,CONTROLLED_SYNTHETIC
A0001239,C001044,CURRENT,USD,2022-01-30,OPEN,False,,CONTROLLED_SYNTHETIC
A0001240,C000853,SAVINGS,TRY,2025-08-17,OPEN,False,,CONTROLLED_SYNTHETIC
A0001241,C000696,CURRENT,TRY,2017-04-20,OPEN,False,,CONTROLLED_SYNTHETIC
A0001242,C000847,SAVINGS,TRY,2015-08-07,OPEN,False,,CONTROLLED_SYNTHETIC
A0001243,C000749,SAVINGS,TRY,2020-10-29,OPEN,False,,CONTROLLED_SYNTHETIC
A0001244,C000665,SAVINGS,TRY,2017-05-01,OPEN,False,,CONTROLLED_SYNTHETIC
A0001245,C001643,CURRENT,TRY,2021-07-15,OPEN,False,,CONTROLLED_SYNTHETIC
A0001246,C000003,SAVINGS,TRY,2021-09-17,OPEN,False,,CONTROLLED_SYNTHETIC
A0001247,C000246,PAYMENT,TRY,2025-01-21,OPEN,False,,CONTROLLED_SYNTHETIC
A0001248,C000958,CURRENT,TRY,2016-04-18,OPEN,False,,CONTROLLED_SYNTHETIC
A0001249,C000826,BUSINESS,TRY,2022-03-27,OPEN,False,,CONTROLLED_SYNTHETIC
A0001250,C000460,CURRENT,TRY,2024-10-30,OPEN,False,,CONTROLLED_SYNTHETIC
A0001251,C000488,CURRENT,TRY,2021-01-24,OPEN,False,,CONTROLLED_SYNTHETIC
A0001252,C000271,CURRENT,TRY,2025-04-11,OPEN,False,,CONTROLLED_SYNTHETIC
A0001253,C001300,PAYMENT,TRY,2018-07-30,OPEN,False,,CONTROLLED_SYNTHETIC
A0001254,C001299,PAYMENT,TRY,2024-02-06,OPEN,False,,CONTROLLED_SYNTHETIC
A0001255,C000618,CURRENT,TRY,2018-06-21,OPEN,False,,CONTROLLED_SYNTHETIC
A0001256,C001079,CURRENT,TRY,2022-07-03,OPEN,False,,CONTROLLED_SYNTHETIC
A0001257,C000521,BUSINESS,TRY,2018-05-02,OPEN,False,,CONTROLLED_SYNTHETIC
A0001258,C000227,PAYMENT,TRY,2019-03-13,OPEN,False,,CONTROLLED_SYNTHETIC
A0001259,C001556,CURRENT,TRY,2017-11-21,OPEN,False,,CONTROLLED_SYNTHETIC
A0001260,C000365,CURRENT,USD,2016-06-23,OPEN,False,,CONTROLLED_SYNTHETIC
A0001261,C001439,CURRENT,TRY,2017-03-02,OPEN,False,,CONTROLLED_SYNTHETIC
A0001262,C001172,CURRENT,TRY,2022-10-04,OPEN,False,,CONTROLLED_SYNTHETIC
A0001263,C000931,PAYMENT,TRY,2015-02-16,OPEN,False,,CONTROLLED_SYNTHETIC
A0001264,C001210,PAYMENT,TRY,2019-06-25,OPEN,False,,CONTROLLED_SYNTHETIC
A0001265,C000360,SAVINGS,TRY,2020-10-10,OPEN,False,,CONTROLLED_SYNTHETIC
A0001266,C000416,PAYMENT,TRY,2024-03-23,OPEN,False,,CONTROLLED_SYNTHETIC
A0001267,C000384,BUSINESS,USD,2023-02-27,OPEN,False,,CONTROLLED_SYNTHETIC
A0001268,C000744,CURRENT,TRY,2017-07-04,OPEN,False,,CONTROLLED_SYNTHETIC
A0001269,C001491,CURRENT,USD,2020-06-28,OPEN,False,,CONTROLLED_SYNTHETIC
A0001270,C001596,CURRENT,TRY,2020-03-19,OPEN,False,,CONTROLLED_SYNTHETIC
A0001271,C001509,BUSINESS,TRY,2022-01-09,OPEN,False,,CONTROLLED_SYNTHETIC
A0001272,C001122,CURRENT,TRY,2018-06-26,OPEN,False,,CONTROLLED_SYNTHETIC
A0001273,C001468,CURRENT,TRY,2016-03-28,OPEN,False,,CONTROLLED_SYNTHETIC
A0001274,C000563,BUSINESS,TRY,2018-06-28,OPEN,False,,CONTROLLED_SYNTHETIC
A0001275,C000784,PAYMENT,TRY,2018-06-03,OPEN,False,,CONTROLLED_SYNTHETIC
A0001276,C001374,BUSINESS,TRY,2023-12-22,OPEN,False,,CONTROLLED_SYNTHETIC
A0001277,C000934,CURRENT,USD,2025-09-21,OPEN,False,,CONTROLLED_SYNTHETIC
A0001278,C000844,PAYMENT,TRY,2021-12-10,OPEN,False,,CONTROLLED_SYNTHETIC
A0001279,C000950,BUSINESS,TRY,2018-09-08,OPEN,False,,CONTROLLED_SYNTHETIC
A0001280,C001015,SAVINGS,TRY,2022-03-31,OPEN,False,,CONTROLLED_SYNTHETIC
A0001281,C000957,CURRENT,EUR,2021-11-26,OPEN,False,,CONTROLLED_SYNTHETIC
A0001282,C000732,PAYMENT,TRY,2015-06-06,OPEN,False,,CONTROLLED_SYNTHETIC
A0001283,C000289,CURRENT,TRY,2016-03-15,OPEN,True,1767398400000000000,CONTROLLED_SYNTHETIC
A0001284,C000191,CURRENT,TRY,2019-09-26,OPEN,False,,CONTROLLED_SYNTHETIC
A0001285,C001704,BUSINESS,TRY,2025-12-06,OPEN,True,2025-06-26 00:00:00,CONTROLLED_SYNTHETIC
A0001286,C000805,PAYMENT,TRY,2024-11-30,OPEN,False,,CONTROLLED_SYNTHETIC
A0001287,C001498,CURRENT,TRY,2023-03-25,OPEN,False,,CONTROLLED_SYNTHETIC
A0001288,C000306,CURRENT,TRY,2019-12-09,OPEN,False,,CONTROLLED_SYNTHETIC
A0001289,C001034,SAVINGS,TRY,2015-11-19,OPEN,False,,CONTROLLED_SYNTHETIC
A0001290,C000815,BUSINESS,TRY,2016-03-07,OPEN,False,,CONTROLLED_SYNTHETIC
A0001291,C000299,PAYMENT,TRY,2023-07-19,OPEN,False,,CONTROLLED_SYNTHETIC
A0001292,C000052,SAVINGS,TRY,2016-01-04,OPEN,False,,CONTROLLED_SYNTHETIC
A0001293,C000287,PAYMENT,USD,2026-01-24,OPEN,False,,CONTROLLED_SYNTHETIC
A0001294,C001222,PAYMENT,TRY,2016-04-07,OPEN,False,,CONTROLLED_SYNTHETIC
A0001295,C000450,CURRENT,TRY,2016-03-21,OPEN,False,,CONTROLLED_SYNTHETIC
A0001296,C001238,CURRENT,TRY,2022-03-10,OPEN,False,,CONTROLLED_SYNTHETIC
A0001297,C000089,SAVINGS,TRY,2023-06-09,OPEN,False,,CONTROLLED_SYNTHETIC
A0001298,C001531,CURRENT,TRY,2022-07-28,OPEN,False,,CONTROLLED_SYNTHETIC
A0001299,C000190,CURRENT,TRY,2017-05-24,OPEN,False,,CONTROLLED_SYNTHETIC
A0001300,C001722,PAYMENT,TRY,2018-05-08,OPEN,False,,CONTROLLED_SYNTHETIC
A0001301,C000587,SAVINGS,TRY,2025-12-24,OPEN,False,,CONTROLLED_SYNTHETIC
A0001302,C000388,PAYMENT,TRY,2017-10-04,OPEN,False,,CONTROLLED_SYNTHETIC
A0001303,C001119,SAVINGS,TRY,2018-08-26,OPEN,False,,CONTROLLED_SYNTHETIC
A0001304,C000465,SAVINGS,TRY,2018-06-03,OPEN,False,,CONTROLLED_SYNTHETIC
A0001305,C000711,PAYMENT,TRY,2024-05-08,OPEN,False,,CONTROLLED_SYNTHETIC
A0001306,C000015,CURRENT,EUR,2017-06-28,OPEN,False,,CONTROLLED_SYNTHETIC
A0001307,C000067,PAYMENT,TRY,2021-04-30,OPEN,False,,CONTROLLED_SYNTHETIC
A0001308,C000677,CURRENT,TRY,2023-02-04,OPEN,False,,CONTROLLED_SYNTHETIC
A0001309,C000442,SAVINGS,TRY,2020-11-10,OPEN,False,,CONTROLLED_SYNTHETIC
A0001310,C001139,CURRENT,TRY,2017-11-15,OPEN,False,,CONTROLLED_SYNTHETIC
A0001311,C001368,SAVINGS,TRY,2020-12-28,OPEN,False,,CONTROLLED_SYNTHETIC
A0001312,C000291,SAVINGS,TRY,2023-11-28,OPEN,False,,CONTROLLED_SYNTHETIC
A0001313,C000410,CURRENT,TRY,2022-08-01,OPEN,False,,CONTROLLED_SYNTHETIC
A0001314,C000628,SAVINGS,TRY,2020-01-25,OPEN,False,,CONTROLLED_SYNTHETIC
A0001315,C000082,CURRENT,TRY,2024-08-30,OPEN,False,,CONTROLLED_SYNTHETIC
A0001316,C000531,CURRENT,TRY,2017-11-22,OPEN,False,,CONTROLLED_SYNTHETIC
A0001317,C000685,CURRENT,TRY,2015-06-20,OPEN,False,,CONTROLLED_SYNTHETIC
A0001318,C000745,CURRENT,TRY,2023-10-22,OPEN,False,,CONTROLLED_SYNTHETIC
A0001319,C001423,BUSINESS,TRY,2018-11-23,OPEN,False,,CONTROLLED_SYNTHETIC
A0001320,C001100,CURRENT,TRY,2015-10-26,OPEN,False,,CONTROLLED_SYNTHETIC
A0001321,C000401,SAVINGS,TRY,2020-06-05,OPEN,False,,CONTROLLED_SYNTHETIC
A0001322,C000066,CURRENT,USD,2021-12-28,OPEN,False,,CONTROLLED_SYNTHETIC
A0001323,C001312,PAYMENT,TRY,2017-02-17,OPEN,False,,CONTROLLED_SYNTHETIC
A0001324,C001283,PAYMENT,EUR,2016-09-20,OPEN,False,,CONTROLLED_SYNTHETIC
A0001325,C000402,PAYMENT,TRY,2018-08-03,OPEN,True,1742256000000000000,CONTROLLED_SYNTHETIC
A0001326,C001226,SAVINGS,TRY,2019-07-12,OPEN,False,,CONTROLLED_SYNTHETIC
A0001327,C000629,PAYMENT,TRY,2017-11-24,OPEN,False,,CONTROLLED_SYNTHETIC
A0001328,C001158,SAVINGS,TRY,2026-01-07,OPEN,False,,CONTROLLED_SYNTHETIC
A0001329,C001661,CURRENT,TRY,2022-12-09,OPEN,False,,CONTROLLED_SYNTHETIC
A0001330,C001030,CURRENT,TRY,2015-08-30,OPEN,False,,CONTROLLED_SYNTHETIC
A0001331,C000633,CURRENT,EUR,2017-09-10,OPEN,False,,CONTROLLED_SYNTHETIC
A0001332,C001400,BUSINESS,TRY,2020-06-14,OPEN,False,,CONTROLLED_SYNTHETIC
A0001333,C000963,SAVINGS,TRY,2015-07-10,OPEN,False,,CONTROLLED_SYNTHETIC
A0001334,C000378,CURRENT,USD,2021-02-07,OPEN,False,,CONTROLLED_SYNTHETIC
A0001335,C000432,CURRENT,TRY,2024-11-12,OPEN,False,,CONTROLLED_SYNTHETIC
A0001336,C001227,CURRENT,TRY,2023-08-07,OPEN,False,,CONTROLLED_SYNTHETIC
A0001337,C000022,CURRENT,TRY,2021-09-17,OPEN,False,,CONTROLLED_SYNTHETIC
A0001338,C001662,PAYMENT,TRY,2015-08-23,OPEN,False,,CONTROLLED_SYNTHETIC
A0001339,C000857,CURRENT,TRY,2020-09-16,OPEN,False,,CONTROLLED_SYNTHETIC
A0001340,C001145,PAYMENT,TRY,2018-03-17,OPEN,False,,CONTROLLED_SYNTHETIC
A0001341,C001309,CURRENT,USD,2019-11-05,OPEN,False,,CONTROLLED_SYNTHETIC
A0001342,C001506,PAYMENT,TRY,2016-10-27,OPEN,False,,CONTROLLED_SYNTHETIC
A0001343,C001707,CURRENT,TRY,2025-09-05,OPEN,False,,CONTROLLED_SYNTHETIC
A0001344,C001416,CURRENT,TRY,2015-06-04,OPEN,False,,CONTROLLED_SYNTHETIC
A0001345,C000883,SAVINGS,TRY,2025-09-27,OPEN,False,,CONTROLLED_SYNTHETIC
A0001346,C001547,SAVINGS,TRY,2025-12-29,OPEN,True,1745193600000000000,CONTROLLED_SYNTHETIC
A0001347,C001095,CURRENT,TRY,2018-10-31,OPEN,False,,CONTROLLED_SYNTHETIC
A0001348,C000924,PAYMENT,TRY,2018-11-28,OPEN,False,,CONTROLLED_SYNTHETIC
A0001349,C000046,CURRENT,TRY,2015-06-22,OPEN,False,,CONTROLLED_SYNTHETIC
A0001350,C001039,SAVINGS,TRY,2015-04-05,OPEN,False,,CONTROLLED_SYNTHETIC
A0001351,C000675,PAYMENT,TRY,2014-11-22,OPEN,False,,CONTROLLED_SYNTHETIC
A0001352,C001013,BUSINESS,TRY,2018-09-16,OPEN,False,,CONTROLLED_SYNTHETIC
A0001353,C001718,SAVINGS,TRY,2019-04-21,OPEN,False,,CONTROLLED_SYNTHETIC
A0001354,C000184,SAVINGS,TRY,2022-09-02,OPEN,False,,CONTROLLED_SYNTHETIC
A0001355,C000242,BUSINESS,TRY,2025-06-28,OPEN,False,,CONTROLLED_SYNTHETIC
A0001356,C001547,CURRENT,TRY,2022-10-15,OPEN,False,,CONTROLLED_SYNTHETIC
A0001357,C001421,CURRENT,TRY,2017-09-22,OPEN,False,,CONTROLLED_SYNTHETIC
A0001358,C001029,SAVINGS,TRY,2015-09-10,OPEN,False,,CONTROLLED_SYNTHETIC
A0001359,C001653,PAYMENT,TRY,2020-10-17,OPEN,False,,CONTROLLED_SYNTHETIC
A0001360,C000814,BUSINESS,TRY,2015-08-23,OPEN,True,1728518400000000000,CONTROLLED_SYNTHETIC
A0001361,C001333,CURRENT,TRY,2019-01-16,OPEN,False,,CONTROLLED_SYNTHETIC
A0001362,C001363,CURRENT,TRY,2024-12-02,OPEN,False,,CONTROLLED_SYNTHETIC
A0001363,C001800,CURRENT,TRY,2025-05-29,OPEN,False,,CONTROLLED_SYNTHETIC
A0001364,C001797,CURRENT,TRY,2019-06-22,OPEN,False,,CONTROLLED_SYNTHETIC
A0001365,C001644,PAYMENT,EUR,2019-07-23,OPEN,False,,CONTROLLED_SYNTHETIC
A0001366,C000113,CURRENT,TRY,2015-11-02,OPEN,False,,CONTROLLED_SYNTHETIC
A0001367,C000970,SAVINGS,TRY,2017-03-09,OPEN,False,,CONTROLLED_SYNTHETIC
A0001368,C000753,SAVINGS,TRY,2023-04-01,OPEN,False,,CONTROLLED_SYNTHETIC
A0001369,C000986,SAVINGS,TRY,2022-02-15,OPEN,False,,CONTROLLED_SYNTHETIC
A0001370,C000192,CURRENT,EUR,2015-11-26,OPEN,False,,CONTROLLED_SYNTHETIC
A0001371,C001424,SAVINGS,TRY,2015-06-02,OPEN,False,,CONTROLLED_SYNTHETIC
A0001372,C001503,CURRENT,TRY,2024-04-09,OPEN,False,,CONTROLLED_SYNTHETIC
A0001373,C001170,SAVINGS,EUR,2025-04-20,OPEN,True,1725408000000000000,CONTROLLED_SYNTHETIC
A0001374,C000187,CURRENT,TRY,2019-10-18,OPEN,False,,CONTROLLED_SYNTHETIC
A0001375,C000708,SAVINGS,TRY,2025-09-15,OPEN,False,,CONTROLLED_SYNTHETIC
A0001376,C001046,PAYMENT,EUR,2018-07-27,OPEN,False,,CONTROLLED_SYNTHETIC
A0001377,C000104,CURRENT,TRY,2023-10-07,OPEN,False,,CONTROLLED_SYNTHETIC
A0001378,C000419,PAYMENT,TRY,2024-05-24,OPEN,False,,CONTROLLED_SYNTHETIC
A0001379,C000710,CURRENT,TRY,2021-11-22,OPEN,False,,CONTROLLED_SYNTHETIC
A0001380,C000232,SAVINGS,EUR,2014-12-28,OPEN,False,,CONTROLLED_SYNTHETIC
A0001381,C001602,BUSINESS,USD,2019-04-14,OPEN,False,,CONTROLLED_SYNTHETIC
A0001382,C001362,CURRENT,TRY,2024-05-29,OPEN,False,,CONTROLLED_SYNTHETIC
A0001383,C000072,CURRENT,USD,2018-02-01,OPEN,False,,CONTROLLED_SYNTHETIC
A0001384,C001208,PAYMENT,TRY,2015-08-20,OPEN,False,,CONTROLLED_SYNTHETIC
A0001385,C000954,CURRENT,TRY,2018-12-02,OPEN,False,,CONTROLLED_SYNTHETIC
A0001386,C000078,SAVINGS,TRY,2016-12-13,OPEN,False,,CONTROLLED_SYNTHETIC
A0001387,C001023,BUSINESS,TRY,2020-06-14,OPEN,False,,CONTROLLED_SYNTHETIC
A0001388,C000453,SAVINGS,TRY,2015-02-17,OPEN,False,,CONTROLLED_SYNTHETIC
A0001389,C000181,PAYMENT,TRY,2024-03-06,OPEN,False,,CONTROLLED_SYNTHETIC
A0001390,C001496,CURRENT,TRY,2021-03-24,OPEN,False,,CONTROLLED_SYNTHETIC
A0001391,C000205,CURRENT,TRY,2025-09-07,OPEN,False,,CONTROLLED_SYNTHETIC
A0001392,C000848,SAVINGS,TRY,2025-01-06,OPEN,False,,CONTROLLED_SYNTHETIC
A0001393,C001601,CURRENT,TRY,2020-12-18,OPEN,False,,CONTROLLED_SYNTHETIC
A0001394,C000825,CURRENT,TRY,2025-09-18,OPEN,False,,CONTROLLED_SYNTHETIC
A0001395,C001619,SAVINGS,TRY,2014-12-24,OPEN,False,,CONTROLLED_SYNTHETIC
A0001396,C001708,PAYMENT,TRY,2020-06-29,OPEN,False,,CONTROLLED_SYNTHETIC
A0001397,C001350,SAVINGS,TRY,2019-10-18,OPEN,False,,CONTROLLED_SYNTHETIC
A0001398,C001371,SAVINGS,TRY,2024-09-22,OPEN,False,,CONTROLLED_SYNTHETIC
A0001399,C000337,CURRENT,TRY,2024-02-02,OPEN,False,,CONTROLLED_SYNTHETIC
A0001400,C000635,SAVINGS,TRY,2023-04-04,OPEN,False,,CONTROLLED_SYNTHETIC
A0001401,C001522,CURRENT,TRY,2018-12-09,OPEN,True,1710201600000000000,CONTROLLED_SYNTHETIC
A0001402,C001440,SAVINGS,TRY,2020-07-29,OPEN,False,,CONTROLLED_SYNTHETIC
A0001403,C001492,CURRENT,TRY,2020-12-20,OPEN,False,,CONTROLLED_SYNTHETIC
A0001404,C000860,CURRENT,TRY,2019-06-09,OPEN,True,1742947200000000000,CONTROLLED_SYNTHETIC
A0001405,C001762,CURRENT,TRY,2025-10-02,OPEN,False,,CONTROLLED_SYNTHETIC
A0001406,C000995,PAYMENT,TRY,2018-03-22,OPEN,False,,CONTROLLED_SYNTHETIC
A0001407,C001452,PAYMENT,TRY,2018-09-03,OPEN,False,,CONTROLLED_SYNTHETIC
A0001408,C000320,SAVINGS,TRY,2018-12-23,OPEN,False,,CONTROLLED_SYNTHETIC
A0001409,C000317,CURRENT,TRY,2024-11-01,OPEN,False,,CONTROLLED_SYNTHETIC
A0001410,C000244,PAYMENT,TRY,2023-02-27,OPEN,True,1719532800000000000,CONTROLLED_SYNTHETIC
A0001411,C000467,BUSINESS,TRY,2022-09-28,OPEN,False,,CONTROLLED_SYNTHETIC
A0001412,C001420,SAVINGS,TRY,2023-10-25,OPEN,False,,CONTROLLED_SYNTHETIC
A0001413,C000144,SAVINGS,TRY,2022-09-14,OPEN,False,,CONTROLLED_SYNTHETIC
A0001414,C000929,BUSINESS,USD,2022-01-13,OPEN,False,,CONTROLLED_SYNTHETIC
A0001415,C000352,CURRENT,TRY,2025-02-19,OPEN,False,,CONTROLLED_SYNTHETIC
A0001416,C000440,CURRENT,TRY,2019-08-28,OPEN,False,,CONTROLLED_SYNTHETIC
A0001417,C000549,CURRENT,TRY,2014-12-17,OPEN,False,,CONTROLLED_SYNTHETIC
A0001418,C001290,CURRENT,TRY,2025-04-30,OPEN,False,,CONTROLLED_SYNTHETIC
A0001419,C001780,PAYMENT,TRY,2018-09-12,OPEN,False,,CONTROLLED_SYNTHETIC
A0001420,C000684,CURRENT,TRY,2021-02-27,OPEN,False,,CONTROLLED_SYNTHETIC
A0001421,C000651,BUSINESS,TRY,2020-03-09,OPEN,False,,CONTROLLED_SYNTHETIC
A0001422,C001010,PAYMENT,TRY,2022-08-12,OPEN,False,,CONTROLLED_SYNTHETIC
A0001423,C000371,CURRENT,TRY,2017-10-13,OPEN,False,,CONTROLLED_SYNTHETIC
A0001424,C000536,BUSINESS,TRY,2023-08-23,OPEN,False,,CONTROLLED_SYNTHETIC
A0001425,C000751,BUSINESS,TRY,2022-02-10,OPEN,True,1740096000000000000,CONTROLLED_SYNTHETIC
A0001426,C001253,CURRENT,TRY,2020-08-12,OPEN,False,,CONTROLLED_SYNTHETIC
A0001427,C001618,SAVINGS,TRY,2019-02-10,OPEN,False,,CONTROLLED_SYNTHETIC
A0001428,C000210,PAYMENT,TRY,2017-03-04,OPEN,False,,CONTROLLED_SYNTHETIC
A0001429,C001768,CURRENT,TRY,2019-11-05,OPEN,False,,CONTROLLED_SYNTHETIC
A0001430,C001695,CURRENT,TRY,2021-07-07,OPEN,False,,CONTROLLED_SYNTHETIC
A0001431,C001745,PAYMENT,TRY,2025-11-04,OPEN,False,,CONTROLLED_SYNTHETIC
A0001432,C001785,CURRENT,TRY,2015-10-18,OPEN,False,,CONTROLLED_SYNTHETIC
A0001433,C001550,PAYMENT,TRY,2023-04-16,OPEN,False,,CONTROLLED_SYNTHETIC
A0001434,C001017,BUSINESS,TRY,2019-10-07,OPEN,False,,CONTROLLED_SYNTHETIC
A0001435,C000118,CURRENT,TRY,2015-01-08,OPEN,True,1732406400000000000,CONTROLLED_SYNTHETIC
A0001436,C000309,CURRENT,TRY,2019-10-31,OPEN,False,,CONTROLLED_SYNTHETIC
A0001437,C001115,SAVINGS,USD,2017-05-14,OPEN,False,,CONTROLLED_SYNTHETIC
A0001438,C000285,CURRENT,TRY,2017-05-01,OPEN,False,,CONTROLLED_SYNTHETIC
A0001439,C001592,BUSINESS,TRY,2019-04-03,OPEN,False,,CONTROLLED_SYNTHETIC
A0001440,C001055,CURRENT,TRY,2024-04-18,OPEN,True,1727481600000000000,CONTROLLED_SYNTHETIC
A0001441,C000112,SAVINGS,TRY,2024-09-15,OPEN,False,,CONTROLLED_SYNTHETIC
A0001442,C001397,SAVINGS,EUR,2015-01-11,OPEN,False,,CONTROLLED_SYNTHETIC
A0001443,C001596,PAYMENT,TRY,2020-09-15,OPEN,False,,CONTROLLED_SYNTHETIC
A0001444,C000781,CURRENT,TRY,2015-12-17,OPEN,False,,CONTROLLED_SYNTHETIC
A0001445,C001217,CURRENT,TRY,2017-01-29,OPEN,False,,CONTROLLED_SYNTHETIC
A0001446,C001694,SAVINGS,TRY,2016-12-07,OPEN,False,,CONTROLLED_SYNTHETIC
A0001447,C001610,CURRENT,TRY,2024-05-28,OPEN,False,,CONTROLLED_SYNTHETIC
A0001448,C000990,PAYMENT,EUR,2015-02-07,OPEN,False,,CONTROLLED_SYNTHETIC
A0001449,C000182,CURRENT,TRY,2025-12-27,OPEN,False,,CONTROLLED_SYNTHETIC
A0001450,C001426,PAYMENT,TRY,2018-04-29,OPEN,False,,CONTROLLED_SYNTHETIC
A0001451,C001609,SAVINGS,USD,2021-03-27,OPEN,False,,CONTROLLED_SYNTHETIC
A0001452,C000945,PAYMENT,TRY,2016-07-22,OPEN,False,,CONTROLLED_SYNTHETIC
A0001453,C000243,SAVINGS,USD,2020-02-27,OPEN,False,,CONTROLLED_SYNTHETIC
A0001454,C001352,BUSINESS,EUR,2019-05-07,OPEN,False,,CONTROLLED_SYNTHETIC
A0001455,C001781,PAYMENT,TRY,2016-01-26,OPEN,False,,CONTROLLED_SYNTHETIC
A0001456,C000057,SAVINGS,TRY,2017-04-12,OPEN,False,,CONTROLLED_SYNTHETIC
A0001457,C000206,CURRENT,TRY,2019-08-05,OPEN,False,,CONTROLLED_SYNTHETIC
A0001458,C001428,CURRENT,TRY,2015-02-14,OPEN,True,1734480000000000000,CONTROLLED_SYNTHETIC
A0001459,C001520,PAYMENT,TRY,2022-08-08,OPEN,False,,CONTROLLED_SYNTHETIC
A0001460,C000166,PAYMENT,TRY,2022-07-25,OPEN,True,1711152000000000000,CONTROLLED_SYNTHETIC
A0001461,C000077,BUSINESS,TRY,2018-10-14,OPEN,False,,CONTROLLED_SYNTHETIC
A0001462,C000088,CURRENT,TRY,2023-07-13,OPEN,False,,CONTROLLED_SYNTHETIC
A0001463,C000047,SAVINGS,TRY,2016-11-12,OPEN,False,,CONTROLLED_SYNTHETIC
A0001464,C001670,CURRENT,TRY,2019-08-30,OPEN,False,,CONTROLLED_SYNTHETIC
A0001465,C001574,SAVINGS,TRY,2014-12-03,OPEN,False,,CONTROLLED_SYNTHETIC
A0001466,C001348,BUSINESS,TRY,2024-03-22,OPEN,False,,CONTROLLED_SYNTHETIC
A0001467,C001158,BUSINESS,TRY,2025-05-09,OPEN,False,,CONTROLLED_SYNTHETIC
A0001468,C001754,CURRENT,TRY,2018-01-22,OPEN,False,,CONTROLLED_SYNTHETIC
A0001469,C001007,SAVINGS,TRY,2015-08-31,OPEN,False,,CONTROLLED_SYNTHETIC
A0001470,C001084,CURRENT,TRY,2018-12-10,OPEN,True,1741219200000000000,CONTROLLED_SYNTHETIC
A0001471,C001677,SAVINGS,USD,2025-12-13,OPEN,False,,CONTROLLED_SYNTHETIC
A0001472,C001651,CURRENT,TRY,2023-11-29,OPEN,True,1719187200000000000,CONTROLLED_SYNTHETIC
A0001473,C001465,CURRENT,TRY,2018-01-08,OPEN,False,,CONTROLLED_SYNTHETIC
A0001474,C001516,CURRENT,TRY,2019-12-07,OPEN,False,,CONTROLLED_SYNTHETIC
A0001475,C000563,SAVINGS,TRY,2022-06-23,OPEN,False,,CONTROLLED_SYNTHETIC
A0001476,C000709,CURRENT,TRY,2024-09-07,OPEN,False,,CONTROLLED_SYNTHETIC
A0001477,C000215,CURRENT,TRY,2023-08-06,OPEN,False,,CONTROLLED_SYNTHETIC
A0001478,C000856,SAVINGS,USD,2020-07-13,OPEN,False,,CONTROLLED_SYNTHETIC
A0001479,C000915,PAYMENT,TRY,2015-06-17,OPEN,False,,CONTROLLED_SYNTHETIC
A0001480,C000344,CURRENT,TRY,2021-08-26,OPEN,False,,CONTROLLED_SYNTHETIC
A0001481,C000208,CURRENT,TRY,2025-01-16,OPEN,False,,CONTROLLED_SYNTHETIC
A0001482,C001111,BUSINESS,TRY,2018-04-27,OPEN,False,,CONTROLLED_SYNTHETIC
A0001483,C001042,SAVINGS,TRY,2019-04-14,OPEN,False,,CONTROLLED_SYNTHETIC
A0001484,C001406,CURRENT,USD,2021-08-05,OPEN,False,,CONTROLLED_SYNTHETIC
A0001485,C001616,SAVINGS,TRY,2024-04-03,OPEN,False,,CONTROLLED_SYNTHETIC
A0001486,C000935,PAYMENT,TRY,2025-07-21,OPEN,False,,CONTROLLED_SYNTHETIC
A0001487,C001176,CURRENT,USD,2020-12-01,OPEN,True,1764288000000000000,CONTROLLED_SYNTHETIC
A0001488,C001599,CURRENT,TRY,2024-01-02,OPEN,False,,CONTROLLED_SYNTHETIC
A0001489,C000175,SAVINGS,TRY,2023-12-11,OPEN,False,,CONTROLLED_SYNTHETIC
A0001490,C001164,PAYMENT,TRY,2016-04-01,OPEN,False,,CONTROLLED_SYNTHETIC
A0001491,C000624,SAVINGS,TRY,2017-06-28,OPEN,False,,CONTROLLED_SYNTHETIC
A0001492,C001052,SAVINGS,TRY,2015-02-20,OPEN,False,,CONTROLLED_SYNTHETIC
A0001493,C000794,SAVINGS,TRY,2018-03-25,OPEN,False,,CONTROLLED_SYNTHETIC
A0001494,C001453,BUSINESS,TRY,2026-01-19,OPEN,False,,CONTROLLED_SYNTHETIC
A0001495,C000214,PAYMENT,TRY,2019-08-25,OPEN,False,,CONTROLLED_SYNTHETIC
A0001496,C000156,SAVINGS,TRY,2017-02-25,OPEN,False,,CONTROLLED_SYNTHETIC
A0001497,C001438,SAVINGS,TRY,2022-03-11,OPEN,False,,CONTROLLED_SYNTHETIC
A0001498,C000551,CURRENT,TRY,2025-12-16,OPEN,False,,CONTROLLED_SYNTHETIC
A0001499,C001208,PAYMENT,TRY,2020-05-17,OPEN,False,,CONTROLLED_SYNTHETIC
A0001500,C000070,SAVINGS,TRY,2019-06-09,OPEN,False,,CONTROLLED_SYNTHETIC
A0001501,C001763,BUSINESS,USD,2025-09-08,OPEN,False,,CONTROLLED_SYNTHETIC
A0001502,C001721,PAYMENT,TRY,2023-07-25,OPEN,False,,CONTROLLED_SYNTHETIC
A0001503,C001685,PAYMENT,USD,2025-03-15,OPEN,False,,CONTROLLED_SYNTHETIC
A0001504,C001191,BUSINESS,TRY,2019-11-28,OPEN,False,,CONTROLLED_SYNTHETIC
A0001505,C001101,SAVINGS,EUR,2017-05-25,OPEN,False,,CONTROLLED_SYNTHETIC
A0001506,C000225,PAYMENT,USD,2022-12-15,OPEN,False,,CONTROLLED_SYNTHETIC
A0001507,C001644,CURRENT,TRY,2020-03-30,OPEN,False,,CONTROLLED_SYNTHETIC
A0001508,C000872,CURRENT,TRY,2024-03-28,OPEN,False,,CONTROLLED_SYNTHETIC
A0001509,C000201,PAYMENT,TRY,2022-12-25,OPEN,False,,CONTROLLED_SYNTHETIC
A0001510,C000816,PAYMENT,TRY,2022-01-12,OPEN,False,,CONTROLLED_SYNTHETIC
A0001511,C000334,SAVINGS,TRY,2023-06-06,OPEN,False,,CONTROLLED_SYNTHETIC
A0001512,C001677,CURRENT,TRY,2020-11-12,OPEN,False,,CONTROLLED_SYNTHETIC
A0001513,C000565,BUSINESS,TRY,2021-12-26,OPEN,False,,CONTROLLED_SYNTHETIC
A0001514,C001037,SAVINGS,TRY,2015-11-22,OPEN,False,,CONTROLLED_SYNTHETIC
A0001515,C000314,CURRENT,TRY,2024-12-18,OPEN,False,,CONTROLLED_SYNTHETIC
A0001516,C000830,PAYMENT,TRY,2014-11-19,OPEN,False,,CONTROLLED_SYNTHETIC
A0001517,C001181,BUSINESS,TRY,2025-12-16,OPEN,False,,CONTROLLED_SYNTHETIC
A0001518,C001337,CURRENT,TRY,2018-04-30,OPEN,False,,CONTROLLED_SYNTHETIC
A0001519,C001778,CURRENT,TRY,2026-01-05,OPEN,False,,CONTROLLED_SYNTHETIC
A0001520,C001620,CURRENT,TRY,2022-12-31,OPEN,False,,CONTROLLED_SYNTHETIC
A0001521,C000966,CURRENT,TRY,2023-04-05,OPEN,False,,CONTROLLED_SYNTHETIC
A0001522,C001117,PAYMENT,TRY,2014-12-22,OPEN,False,,CONTROLLED_SYNTHETIC
A0001523,C001665,SAVINGS,TRY,2022-11-05,OPEN,True,2025-06-26 00:00:00,CONTROLLED_SYNTHETIC
A0001524,C001138,SAVINGS,USD,2016-01-04,OPEN,False,,CONTROLLED_SYNTHETIC
A0001525,C000153,PAYMENT,TRY,2019-06-02,OPEN,True,1728345600000000000,CONTROLLED_SYNTHETIC
A0001526,C001731,SAVINGS,TRY,2022-02-13,OPEN,False,,CONTROLLED_SYNTHETIC
A0001527,C000634,PAYMENT,TRY,2019-10-17,OPEN,False,,CONTROLLED_SYNTHETIC
A0001528,C001045,PAYMENT,TRY,2022-04-08,OPEN,False,,CONTROLLED_SYNTHETIC
A0001529,C001022,SAVINGS,USD,2023-11-07,OPEN,False,,CONTROLLED_SYNTHETIC
A0001530,C001224,CURRENT,TRY,2024-03-28,OPEN,False,,CONTROLLED_SYNTHETIC
A0001531,C000234,CURRENT,TRY,2020-08-06,OPEN,True,1712880000000000000,CONTROLLED_SYNTHETIC
A0001532,C000496,BUSINESS,EUR,2021-01-05,OPEN,False,,CONTROLLED_SYNTHETIC
A0001533,C001180,CURRENT,TRY,2025-11-28,OPEN,True,1733097600000000000,CONTROLLED_SYNTHETIC
A0001534,C000800,PAYMENT,TRY,2022-07-31,OPEN,False,,CONTROLLED_SYNTHETIC
A0001535,C001401,CURRENT,EUR,2025-02-03,OPEN,False,,CONTROLLED_SYNTHETIC
A0001536,C000896,CURRENT,TRY,2021-07-30,OPEN,False,,CONTROLLED_SYNTHETIC
A0001537,C001542,SAVINGS,TRY,2021-04-03,OPEN,False,,CONTROLLED_SYNTHETIC
A0001538,C000518,BUSINESS,TRY,2015-03-13,OPEN,False,,CONTROLLED_SYNTHETIC
A0001539,C000593,SAVINGS,TRY,2015-07-27,OPEN,False,,CONTROLLED_SYNTHETIC
A0001540,C000466,PAYMENT,TRY,2021-06-30,OPEN,False,,CONTROLLED_SYNTHETIC
A0001541,C000659,CURRENT,USD,2020-09-29,OPEN,False,,CONTROLLED_SYNTHETIC
A0001542,C000377,BUSINESS,TRY,2024-12-24,OPEN,False,,CONTROLLED_SYNTHETIC
A0001543,C000391,PAYMENT,TRY,2019-10-20,OPEN,True,1715126400000000000,CONTROLLED_SYNTHETIC
A0001544,C000116,CURRENT,TRY,2019-01-18,OPEN,False,,CONTROLLED_SYNTHETIC
A0001545,C001162,CURRENT,TRY,2016-03-28,OPEN,False,,CONTROLLED_SYNTHETIC
A0001546,C000226,SAVINGS,TRY,2018-03-10,OPEN,False,,CONTROLLED_SYNTHETIC
A0001547,C000987,CURRENT,EUR,2018-05-09,OPEN,True,1732060800000000000,CONTROLLED_SYNTHETIC
A0001548,C000846,PAYMENT,TRY,2023-04-27,OPEN,False,,CONTROLLED_SYNTHETIC
A0001549,C000422,CURRENT,TRY,2022-10-29,OPEN,False,,CONTROLLED_SYNTHETIC
A0001550,C001434,CURRENT,TRY,2021-02-19,OPEN,False,,CONTROLLED_SYNTHETIC
A0001551,C000221,SAVINGS,TRY,2015-12-20,OPEN,False,,CONTROLLED_SYNTHETIC
A0001552,C000503,BUSINESS,TRY,2018-01-17,OPEN,False,,CONTROLLED_SYNTHETIC
A0001553,C001059,PAYMENT,TRY,2021-11-30,OPEN,False,,CONTROLLED_SYNTHETIC
A0001554,C000455,PAYMENT,TRY,2016-09-26,OPEN,False,,CONTROLLED_SYNTHETIC
A0001555,C001070,PAYMENT,TRY,2022-12-11,OPEN,False,,CONTROLLED_SYNTHETIC
A0001556,C000232,CURRENT,TRY,2016-11-05,OPEN,False,,CONTROLLED_SYNTHETIC
A0001557,C001761,CURRENT,TRY,2024-04-01,OPEN,False,,CONTROLLED_SYNTHETIC
A0001558,C001665,CURRENT,TRY,2017-04-09,OPEN,False,,CONTROLLED_SYNTHETIC
A0001559,C001669,SAVINGS,TRY,2023-09-01,OPEN,False,,CONTROLLED_SYNTHETIC
A0001560,C001354,BUSINESS,TRY,2019-03-06,OPEN,False,,CONTROLLED_SYNTHETIC
A0001561,C001744,BUSINESS,TRY,2015-06-15,OPEN,False,,CONTROLLED_SYNTHETIC
A0001562,C000464,CURRENT,USD,2018-07-17,OPEN,False,,CONTROLLED_SYNTHETIC
A0001563,C001700,CURRENT,USD,2018-02-13,OPEN,False,,CONTROLLED_SYNTHETIC
A0001564,C001767,SAVINGS,TRY,2018-06-05,OPEN,False,,CONTROLLED_SYNTHETIC
A0001565,C000328,CURRENT,TRY,2025-09-20,OPEN,False,,CONTROLLED_SYNTHETIC
A0001566,C000647,SAVINGS,TRY,2019-11-22,OPEN,False,,CONTROLLED_SYNTHETIC
A0001567,C001101,SAVINGS,TRY,2020-04-21,OPEN,False,,CONTROLLED_SYNTHETIC
A0001568,C000770,SAVINGS,TRY,2021-06-17,OPEN,False,,CONTROLLED_SYNTHETIC
A0001569,C000433,CURRENT,USD,2024-07-01,OPEN,False,,CONTROLLED_SYNTHETIC
A0001570,C000172,CURRENT,TRY,2022-05-26,OPEN,False,,CONTROLLED_SYNTHETIC
A0001571,C000421,PAYMENT,EUR,2019-03-05,OPEN,False,,CONTROLLED_SYNTHETIC
A0001572,C000491,CURRENT,TRY,2019-05-01,OPEN,False,,CONTROLLED_SYNTHETIC
A0001573,C001409,BUSINESS,TRY,2016-08-10,OPEN,False,,CONTROLLED_SYNTHETIC
A0001574,C000845,CURRENT,EUR,2017-12-28,OPEN,False,,CONTROLLED_SYNTHETIC
A0001575,C000918,CURRENT,USD,2025-09-01,OPEN,False,,CONTROLLED_SYNTHETIC
A0001576,C000140,PAYMENT,TRY,2023-06-19,OPEN,False,,CONTROLLED_SYNTHETIC
A0001577,C001311,PAYMENT,TRY,2019-08-13,OPEN,False,,CONTROLLED_SYNTHETIC
A0001578,C001034,SAVINGS,TRY,2016-09-08,OPEN,False,,CONTROLLED_SYNTHETIC
A0001579,C000906,CURRENT,TRY,2021-01-31,OPEN,False,,CONTROLLED_SYNTHETIC
A0001580,C000678,PAYMENT,TRY,2015-12-29,OPEN,False,,CONTROLLED_SYNTHETIC
A0001581,C000520,CURRENT,TRY,2021-09-20,OPEN,False,,CONTROLLED_SYNTHETIC
A0001582,C001146,SAVINGS,TRY,2024-12-06,OPEN,True,1718150400000000000,CONTROLLED_SYNTHETIC
A0001583,C001306,SAVINGS,USD,2015-03-31,OPEN,False,,CONTROLLED_SYNTHETIC
A0001584,C000039,SAVINGS,TRY,2024-01-03,OPEN,True,1727827200000000000,CONTROLLED_SYNTHETIC
A0001585,C000808,PAYMENT,TRY,2025-05-31,OPEN,False,,CONTROLLED_SYNTHETIC
A0001586,C000531,BUSINESS,TRY,2019-12-07,OPEN,False,,CONTROLLED_SYNTHETIC
A0001587,C000734,SAVINGS,EUR,2017-01-23,OPEN,False,,CONTROLLED_SYNTHETIC
A0001588,C000601,SAVINGS,EUR,2022-07-13,OPEN,False,,CONTROLLED_SYNTHETIC
A0001589,C001532,SAVINGS,TRY,2016-12-12,OPEN,False,,CONTROLLED_SYNTHETIC
A0001590,C001574,SAVINGS,TRY,2022-10-31,OPEN,False,,CONTROLLED_SYNTHETIC
A0001591,C000714,CURRENT,TRY,2015-07-06,OPEN,False,,CONTROLLED_SYNTHETIC
A0001592,C000124,CURRENT,TRY,2017-06-23,OPEN,False,,CONTROLLED_SYNTHETIC
A0001593,C000099,CURRENT,TRY,2018-06-23,OPEN,False,,CONTROLLED_SYNTHETIC
A0001594,C001134,PAYMENT,TRY,2017-12-10,OPEN,False,,CONTROLLED_SYNTHETIC
A0001595,C001151,CURRENT,TRY,2025-07-12,OPEN,False,,CONTROLLED_SYNTHETIC
A0001596,C000280,CURRENT,TRY,2022-08-31,OPEN,False,,CONTROLLED_SYNTHETIC
A0001597,C000998,SAVINGS,TRY,2023-12-28,OPEN,False,,CONTROLLED_SYNTHETIC
A0001598,C001219,PAYMENT,TRY,2016-09-28,OPEN,True,2025-06-26 00:00:00,CONTROLLED_SYNTHETIC
A0001599,C000161,CURRENT,TRY,2025-09-19,OPEN,False,,CONTROLLED_SYNTHETIC
A0001600,C000783,SAVINGS,TRY,2024-01-13,OPEN,False,,CONTROLLED_SYNTHETIC
A0001601,C000423,PAYMENT,TRY,2020-03-29,OPEN,False,,CONTROLLED_SYNTHETIC
A0001602,C001416,CURRENT,TRY,2021-04-08,OPEN,False,,CONTROLLED_SYNTHETIC
A0001603,C000085,PAYMENT,TRY,2015-07-04,OPEN,False,,CONTROLLED_SYNTHETIC
A0001604,C000586,PAYMENT,TRY,2015-10-31,OPEN,False,,CONTROLLED_SYNTHETIC
A0001605,C001530,BUSINESS,TRY,2022-08-28,OPEN,False,,CONTROLLED_SYNTHETIC
A0001606,C001186,SAVINGS,TRY,2015-03-03,OPEN,False,,CONTROLLED_SYNTHETIC
A0001607,C000407,CURRENT,EUR,2024-03-23,OPEN,False,,CONTROLLED_SYNTHETIC
A0001608,C000506,PAYMENT,USD,2025-01-03,OPEN,False,,CONTROLLED_SYNTHETIC
A0001609,C001037,BUSINESS,TRY,2018-06-02,OPEN,False,,CONTROLLED_SYNTHETIC
A0001610,C001408,SAVINGS,USD,2017-04-03,OPEN,False,,CONTROLLED_SYNTHETIC
A0001611,C001691,BUSINESS,TRY,2018-06-16,OPEN,False,,CONTROLLED_SYNTHETIC
A0001612,C001338,CURRENT,TRY,2025-08-24,OPEN,False,,CONTROLLED_SYNTHETIC
A0001613,C000011,PAYMENT,TRY,2020-09-08,OPEN,False,,CONTROLLED_SYNTHETIC
A0001614,C000701,PAYMENT,TRY,2025-02-17,OPEN,False,,CONTROLLED_SYNTHETIC
A0001615,C000013,CURRENT,EUR,2021-12-16,OPEN,False,,CONTROLLED_SYNTHETIC
A0001616,C000209,CURRENT,TRY,2025-12-22,OPEN,True,1765929600000000000,CONTROLLED_SYNTHETIC
A0001617,C001565,SAVINGS,TRY,2024-11-06,OPEN,False,,CONTROLLED_SYNTHETIC
A0001618,C001539,SAVINGS,TRY,2018-06-08,OPEN,False,,CONTROLLED_SYNTHETIC
A0001619,C001064,SAVINGS,TRY,2023-06-07,OPEN,False,,CONTROLLED_SYNTHETIC
A0001620,C000920,CURRENT,TRY,2017-08-27,OPEN,False,,CONTROLLED_SYNTHETIC
A0001621,C000878,CURRENT,TRY,2019-03-08,OPEN,False,,CONTROLLED_SYNTHETIC
A0001622,C001549,PAYMENT,TRY,2014-12-25,OPEN,False,,CONTROLLED_SYNTHETIC
A0001623,C000603,SAVINGS,USD,2015-09-23,OPEN,False,,CONTROLLED_SYNTHETIC
A0001624,C000607,CURRENT,TRY,2025-06-01,OPEN,False,,CONTROLLED_SYNTHETIC
A0001625,C001304,CURRENT,TRY,2020-04-06,OPEN,False,,CONTROLLED_SYNTHETIC
A0001626,C001215,CURRENT,TRY,2023-07-04,OPEN,False,,CONTROLLED_SYNTHETIC
A0001627,C001421,SAVINGS,TRY,2021-08-02,OPEN,False,,CONTROLLED_SYNTHETIC
A0001628,C000859,CURRENT,TRY,2015-05-28,OPEN,False,,CONTROLLED_SYNTHETIC
A0001629,C000804,CURRENT,TRY,2019-01-14,OPEN,False,,CONTROLLED_SYNTHETIC
A0001630,C000073,BUSINESS,TRY,2025-03-08,OPEN,False,,CONTROLLED_SYNTHETIC
A0001631,C001038,CURRENT,TRY,2021-06-18,OPEN,False,,CONTROLLED_SYNTHETIC
A0001632,C001336,SAVINGS,EUR,2019-09-30,OPEN,False,,CONTROLLED_SYNTHETIC
A0001633,C000806,PAYMENT,TRY,2021-03-11,OPEN,False,,CONTROLLED_SYNTHETIC
A0001634,C000585,SAVINGS,USD,2025-11-13,OPEN,False,,CONTROLLED_SYNTHETIC
A0001635,C000628,SAVINGS,TRY,2025-10-26,OPEN,False,,CONTROLLED_SYNTHETIC
A0001636,C001799,PAYMENT,TRY,2025-05-27,OPEN,True,1761436800000000000,CONTROLLED_SYNTHETIC
A0001637,C001386,CURRENT,TRY,2024-11-19,OPEN,True,1724889600000000000,CONTROLLED_SYNTHETIC
A0001638,C000068,SAVINGS,USD,2021-05-15,OPEN,False,,CONTROLLED_SYNTHETIC
A0001639,C001279,CURRENT,TRY,2022-11-22,OPEN,False,,CONTROLLED_SYNTHETIC
A0001640,C000369,CURRENT,TRY,2022-02-08,OPEN,False,,CONTROLLED_SYNTHETIC
A0001641,C001733,CURRENT,TRY,2018-03-21,OPEN,False,,CONTROLLED_SYNTHETIC
A0001642,C000287,CURRENT,TRY,2023-05-22,OPEN,False,,CONTROLLED_SYNTHETIC
A0001643,C001774,CURRENT,TRY,2015-03-11,OPEN,False,,CONTROLLED_SYNTHETIC
A0001644,C000056,CURRENT,TRY,2017-09-05,OPEN,False,,CONTROLLED_SYNTHETIC
A0001645,C001236,SAVINGS,TRY,2024-05-27,OPEN,False,,CONTROLLED_SYNTHETIC
A0001646,C001091,SAVINGS,TRY,2022-03-15,OPEN,False,,CONTROLLED_SYNTHETIC
A0001647,C001040,SAVINGS,TRY,2025-02-06,OPEN,False,,CONTROLLED_SYNTHETIC
A0001648,C000690,PAYMENT,USD,2026-01-24,OPEN,False,,CONTROLLED_SYNTHETIC
A0001649,C000558,PAYMENT,TRY,2024-09-14,OPEN,False,,CONTROLLED_SYNTHETIC
A0001650,C001216,BUSINESS,TRY,2024-10-03,OPEN,False,,CONTROLLED_SYNTHETIC
A0001651,C001598,BUSINESS,TRY,2022-08-25,OPEN,False,,CONTROLLED_SYNTHETIC
A0001652,C000916,SAVINGS,USD,2022-01-30,OPEN,False,,CONTROLLED_SYNTHETIC
A0001653,C000748,PAYMENT,USD,2015-09-13,OPEN,True,1745452800000000000,CONTROLLED_SYNTHETIC
A0001654,C001123,CURRENT,USD,2022-05-18,OPEN,False,,CONTROLLED_SYNTHETIC
A0001655,C000927,BUSINESS,TRY,2020-08-25,OPEN,False,,CONTROLLED_SYNTHETIC
A0001656,C000064,SAVINGS,USD,2025-04-14,OPEN,False,,CONTROLLED_SYNTHETIC
A0001657,C000288,PAYMENT,TRY,2019-08-26,OPEN,False,,CONTROLLED_SYNTHETIC
A0001658,C000281,SAVINGS,TRY,2017-01-30,OPEN,False,,CONTROLLED_SYNTHETIC
A0001659,C001099,SAVINGS,TRY,2015-06-16,OPEN,False,,CONTROLLED_SYNTHETIC
A0001660,C001194,SAVINGS,TRY,2025-09-19,OPEN,False,,CONTROLLED_SYNTHETIC
A0001661,C000074,CURRENT,TRY,2022-12-17,OPEN,False,,CONTROLLED_SYNTHETIC
A0001662,C001060,CURRENT,TRY,2017-01-27,OPEN,False,,CONTROLLED_SYNTHETIC
A0001663,C001548,PAYMENT,USD,2018-01-07,OPEN,False,,CONTROLLED_SYNTHETIC
A0001664,C001567,CURRENT,TRY,2020-07-07,OPEN,False,,CONTROLLED_SYNTHETIC
A0001665,C001019,PAYMENT,TRY,2019-08-08,OPEN,False,,CONTROLLED_SYNTHETIC
A0001666,C000346,SAVINGS,TRY,2015-03-07,OPEN,False,,CONTROLLED_SYNTHETIC
A0001667,C000590,CURRENT,TRY,2023-01-06,OPEN,False,,CONTROLLED_SYNTHETIC
A0001668,C000412,CURRENT,TRY,2023-08-16,OPEN,False,,CONTROLLED_SYNTHETIC
A0001669,C000427,PAYMENT,TRY,2015-10-25,OPEN,False,,CONTROLLED_SYNTHETIC
A0001670,C001182,CURRENT,TRY,2024-03-13,OPEN,False,,CONTROLLED_SYNTHETIC
A0001671,C000195,CURRENT,EUR,2020-12-06,OPEN,False,,CONTROLLED_SYNTHETIC
A0001672,C000555,SAVINGS,TRY,2025-06-08,OPEN,False,,CONTROLLED_SYNTHETIC
A0001673,C000148,PAYMENT,TRY,2026-02-09,OPEN,True,1759968000000000000,CONTROLLED_SYNTHETIC
A0001674,C000570,PAYMENT,USD,2024-04-03,OPEN,False,,CONTROLLED_SYNTHETIC
A0001675,C001288,CURRENT,TRY,2019-01-27,OPEN,False,,CONTROLLED_SYNTHETIC
A0001676,C001658,CURRENT,TRY,2023-11-08,OPEN,False,,CONTROLLED_SYNTHETIC
A0001677,C000193,PAYMENT,TRY,2025-08-03,OPEN,False,,CONTROLLED_SYNTHETIC
A0001678,C000300,SAVINGS,TRY,2024-07-06,OPEN,False,,CONTROLLED_SYNTHETIC
A0001679,C001442,CURRENT,EUR,2019-05-12,OPEN,False,,CONTROLLED_SYNTHETIC
A0001680,C000466,CURRENT,TRY,2025-08-06,OPEN,False,,CONTROLLED_SYNTHETIC
A0001681,C001544,PAYMENT,TRY,2020-05-31,OPEN,False,,CONTROLLED_SYNTHETIC
A0001682,C001633,PAYMENT,TRY,2024-08-09,OPEN,False,,CONTROLLED_SYNTHETIC
A0001683,C000497,SAVINGS,TRY,2023-08-31,OPEN,False,,CONTROLLED_SYNTHETIC
A0001684,C000368,CURRENT,TRY,2020-04-10,OPEN,False,,CONTROLLED_SYNTHETIC
A0001685,C000809,PAYMENT,TRY,2017-10-11,OPEN,False,,CONTROLLED_SYNTHETIC
A0001686,C000282,SAVINGS,TRY,2024-04-27,OPEN,False,,CONTROLLED_SYNTHETIC
A0001687,C001666,PAYMENT,TRY,2017-09-03,OPEN,False,,CONTROLLED_SYNTHETIC
A0001688,C000596,CURRENT,TRY,2019-12-28,OPEN,False,,CONTROLLED_SYNTHETIC
A0001689,C000066,CURRENT,TRY,2015-10-03,OPEN,False,,CONTROLLED_SYNTHETIC
A0001690,C000096,CURRENT,TRY,2023-09-18,OPEN,False,,CONTROLLED_SYNTHETIC
A0001691,C001450,PAYMENT,TRY,2016-08-28,OPEN,False,,CONTROLLED_SYNTHETIC
A0001692,C000404,CURRENT,TRY,2018-11-01,OPEN,False,,CONTROLLED_SYNTHETIC
A0001693,C001597,PAYMENT,TRY,2023-12-05,OPEN,False,,CONTROLLED_SYNTHETIC
A0001694,C001205,PAYMENT,TRY,2023-10-22,OPEN,False,,CONTROLLED_SYNTHETIC
A0001695,C000771,PAYMENT,TRY,2020-11-15,OPEN,False,,CONTROLLED_SYNTHETIC
A0001696,C000468,PAYMENT,TRY,2023-09-05,OPEN,False,,CONTROLLED_SYNTHETIC
A0001697,C001366,PAYMENT,EUR,2019-11-13,OPEN,False,,CONTROLLED_SYNTHETIC
A0001698,C000525,CURRENT,TRY,2017-02-11,OPEN,False,,CONTROLLED_SYNTHETIC
A0001699,C001068,SAVINGS,TRY,2024-02-06,OPEN,False,,CONTROLLED_SYNTHETIC
A0001700,C000777,PAYMENT,EUR,2024-08-31,OPEN,False,,CONTROLLED_SYNTHETIC
A0001701,C000878,BUSINESS,TRY,2023-08-19,OPEN,False,,CONTROLLED_SYNTHETIC
A0001702,C001137,CURRENT,USD,2023-11-08,OPEN,False,,CONTROLLED_SYNTHETIC
A0001703,C000612,CURRENT,TRY,2015-12-07,OPEN,False,,CONTROLLED_SYNTHETIC
A0001704,C000439,BUSINESS,TRY,2016-01-21,OPEN,False,,CONTROLLED_SYNTHETIC
A0001705,C001594,BUSINESS,TRY,2023-06-09,OPEN,False,,CONTROLLED_SYNTHETIC
A0001706,C001275,PAYMENT,TRY,2018-11-16,OPEN,False,,CONTROLLED_SYNTHETIC
A0001707,C001364,BUSINESS,TRY,2025-11-07,OPEN,True,1718150400000000000,CONTROLLED_SYNTHETIC
A0001708,C000875,PAYMENT,TRY,2025-09-05,OPEN,False,,CONTROLLED_SYNTHETIC
A0001709,C001583,BUSINESS,USD,2016-10-20,OPEN,False,,CONTROLLED_SYNTHETIC
A0001710,C000261,CURRENT,TRY,2015-11-16,OPEN,False,,CONTROLLED_SYNTHETIC
A0001711,C000012,SAVINGS,TRY,2015-08-17,OPEN,False,,CONTROLLED_SYNTHETIC
A0001712,C001287,PAYMENT,TRY,2025-04-27,OPEN,False,,CONTROLLED_SYNTHETIC
A0001713,C000708,SAVINGS,TRY,2019-09-01,OPEN,False,,CONTROLLED_SYNTHETIC
A0001714,C001145,SAVINGS,TRY,2020-06-28,OPEN,True,1720656000000000000,CONTROLLED_SYNTHETIC
A0001715,C001493,PAYMENT,TRY,2024-02-04,OPEN,False,,CONTROLLED_SYNTHETIC
A0001716,C000077,SAVINGS,TRY,2017-06-14,OPEN,False,,CONTROLLED_SYNTHETIC
A0001717,C001683,SAVINGS,USD,2017-10-07,OPEN,False,,CONTROLLED_SYNTHETIC
A0001718,C001559,CURRENT,TRY,2024-06-04,OPEN,True,1753228800000000000,CONTROLLED_SYNTHETIC
A0001719,C000943,PAYMENT,TRY,2018-01-10,OPEN,False,,CONTROLLED_SYNTHETIC
A0001720,C001632,CURRENT,TRY,2016-01-19,OPEN,False,,CONTROLLED_SYNTHETIC
A0001721,C001391,PAYMENT,TRY,2018-03-24,OPEN,False,,CONTROLLED_SYNTHETIC
A0001722,C000317,SAVINGS,USD,2016-12-06,OPEN,False,,CONTROLLED_SYNTHETIC
A0001723,C001085,CURRENT,TRY,2022-12-11,OPEN,False,,CONTROLLED_SYNTHETIC
A0001724,C001323,CURRENT,TRY,2019-11-15,OPEN,True,1759881600000000000,CONTROLLED_SYNTHETIC
A0001725,C000985,BUSINESS,TRY,2025-09-13,OPEN,False,,CONTROLLED_SYNTHETIC
A0001726,C000627,PAYMENT,TRY,2021-03-11,OPEN,False,,CONTROLLED_SYNTHETIC
A0001727,C001047,CURRENT,TRY,2018-04-16,OPEN,False,,CONTROLLED_SYNTHETIC
A0001728,C000941,SAVINGS,USD,2016-11-16,OPEN,False,,CONTROLLED_SYNTHETIC
A0001729,C001613,PAYMENT,TRY,2022-06-02,OPEN,True,1734652800000000000,CONTROLLED_SYNTHETIC
A0001730,C000069,BUSINESS,USD,2018-12-09,OPEN,False,,CONTROLLED_SYNTHETIC
A0001731,C001641,SAVINGS,USD,2016-05-31,OPEN,False,,CONTROLLED_SYNTHETIC
A0001732,C000471,CURRENT,TRY,2022-09-19,OPEN,False,,CONTROLLED_SYNTHETIC
A0001733,C001727,SAVINGS,TRY,2024-11-18,OPEN,False,,CONTROLLED_SYNTHETIC
A0001734,C000727,CURRENT,EUR,2017-11-18,OPEN,False,,CONTROLLED_SYNTHETIC
A0001735,C001018,BUSINESS,TRY,2024-02-06,OPEN,False,,CONTROLLED_SYNTHETIC
A0001736,C001504,CURRENT,TRY,2016-05-25,OPEN,False,,CONTROLLED_SYNTHETIC
A0001737,C001404,SAVINGS,USD,2015-06-28,OPEN,False,,CONTROLLED_SYNTHETIC
A0001738,C000455,SAVINGS,TRY,2025-10-06,OPEN,False,,CONTROLLED_SYNTHETIC
A0001739,C001240,BUSINESS,TRY,2021-01-03,OPEN,False,,CONTROLLED_SYNTHETIC
A0001740,C000275,PAYMENT,TRY,2020-05-23,OPEN,False,,CONTROLLED_SYNTHETIC
A0001741,C000371,PAYMENT,TRY,2024-07-07,OPEN,False,,CONTROLLED_SYNTHETIC
A0001742,C000683,CURRENT,TRY,2017-05-11,OPEN,False,,CONTROLLED_SYNTHETIC
A0001743,C001037,CURRENT,TRY,2019-04-01,OPEN,False,,CONTROLLED_SYNTHETIC
A0001744,C000420,PAYMENT,TRY,2024-09-02,OPEN,False,,CONTROLLED_SYNTHETIC
A0001745,C001245,CURRENT,TRY,2020-09-06,OPEN,False,,CONTROLLED_SYNTHETIC
A0001746,C001050,SAVINGS,EUR,2023-05-11,OPEN,False,,CONTROLLED_SYNTHETIC
A0001747,C000871,BUSINESS,TRY,2019-01-16,OPEN,False,,CONTROLLED_SYNTHETIC
A0001748,C001357,SAVINGS,TRY,2025-03-19,OPEN,False,,CONTROLLED_SYNTHETIC
A0001749,C001266,SAVINGS,TRY,2016-05-20,OPEN,False,,CONTROLLED_SYNTHETIC
A0001750,C000036,CURRENT,TRY,2015-04-27,OPEN,True,1739059200000000000,CONTROLLED_SYNTHETIC
A0001751,C000351,CURRENT,TRY,2020-12-09,OPEN,False,,CONTROLLED_SYNTHETIC
A0001752,C001699,SAVINGS,TRY,2016-06-07,OPEN,False,,CONTROLLED_SYNTHETIC
A0001753,C001455,SAVINGS,TRY,2024-07-13,OPEN,False,,CONTROLLED_SYNTHETIC
A0001754,C001742,SAVINGS,TRY,2015-11-10,OPEN,False,,CONTROLLED_SYNTHETIC
A0001755,C000626,PAYMENT,TRY,2021-10-07,OPEN,False,,CONTROLLED_SYNTHETIC
A0001756,C001424,SAVINGS,TRY,2015-12-04,OPEN,False,,CONTROLLED_SYNTHETIC
A0001757,C000143,PAYMENT,TRY,2022-01-17,OPEN,False,,CONTROLLED_SYNTHETIC
A0001758,C001576,CURRENT,TRY,2025-09-06,OPEN,False,,CONTROLLED_SYNTHETIC
A0001759,C001268,PAYMENT,TRY,2026-01-05,OPEN,False,,CONTROLLED_SYNTHETIC
A0001760,C000955,SAVINGS,TRY,2023-10-26,OPEN,False,,CONTROLLED_SYNTHETIC
A0001761,C000196,SAVINGS,TRY,2020-08-04,OPEN,False,,CONTROLLED_SYNTHETIC
A0001762,C001414,CURRENT,TRY,2020-06-12,OPEN,False,,CONTROLLED_SYNTHETIC
A0001763,C001784,BUSINESS,TRY,2015-08-24,OPEN,False,,CONTROLLED_SYNTHETIC
A0001764,C001071,CURRENT,EUR,2017-03-11,OPEN,False,,CONTROLLED_SYNTHETIC
A0001765,C000742,CURRENT,TRY,2021-07-05,OPEN,False,,CONTROLLED_SYNTHETIC
A0001766,C000058,SAVINGS,TRY,2025-10-28,OPEN,False,,CONTROLLED_SYNTHETIC
A0001767,C000760,CURRENT,TRY,2020-03-21,OPEN,False,,CONTROLLED_SYNTHETIC
A0001768,C001713,CURRENT,TRY,2016-11-02,OPEN,False,,CONTROLLED_SYNTHETIC
A0001769,C001664,BUSINESS,TRY,2024-03-10,OPEN,True,1727308800000000000,CONTROLLED_SYNTHETIC
A0001770,C000568,PAYMENT,TRY,2018-05-18,OPEN,False,,CONTROLLED_SYNTHETIC
A0001771,C001757,BUSINESS,TRY,2023-09-19,OPEN,False,,CONTROLLED_SYNTHETIC
A0001772,C001706,PAYMENT,USD,2020-11-07,OPEN,False,,CONTROLLED_SYNTHETIC
A0001773,C001714,CURRENT,TRY,2023-03-18,OPEN,False,,CONTROLLED_SYNTHETIC
A0001774,C000197,CURRENT,TRY,2020-02-25,OPEN,False,,CONTROLLED_SYNTHETIC
A0001775,C000389,CURRENT,TRY,2020-12-06,OPEN,True,1719792000000000000,CONTROLLED_SYNTHETIC
A0001776,C001328,CURRENT,TRY,2022-04-29,OPEN,False,,CONTROLLED_SYNTHETIC
A0001777,C001319,SAVINGS,TRY,2017-12-12,OPEN,False,,CONTROLLED_SYNTHETIC
A0001778,C000553,SAVINGS,TRY,2024-09-24,OPEN,False,,CONTROLLED_SYNTHETIC
A0001779,C001094,SAVINGS,TRY,2020-09-30,OPEN,False,,CONTROLLED_SYNTHETIC
A0001780,C001740,SAVINGS,TRY,2017-08-04,OPEN,False,,CONTROLLED_SYNTHETIC
A0001781,C000617,CURRENT,TRY,2016-01-21,OPEN,False,,CONTROLLED_SYNTHETIC
A0001782,C001097,CURRENT,TRY,2025-06-04,OPEN,True,1715299200000000000,CONTROLLED_SYNTHETIC
A0001783,C001128,PAYMENT,TRY,2016-06-05,OPEN,False,,CONTROLLED_SYNTHETIC
A0001784,C000298,BUSINESS,TRY,2014-12-30,OPEN,False,,CONTROLLED_SYNTHETIC
A0001785,C000454,PAYMENT,TRY,2016-04-04,OPEN,False,,CONTROLLED_SYNTHETIC
A0001786,C001722,PAYMENT,TRY,2016-11-25,OPEN,False,,CONTROLLED_SYNTHETIC
A0001787,C001623,CURRENT,TRY,2021-10-31,OPEN,True,1719964800000000000,CONTROLLED_SYNTHETIC
A0001788,C000930,SAVINGS,TRY,2025-11-13,OPEN,False,,CONTROLLED_SYNTHETIC
A0001789,C000525,SAVINGS,TRY,2022-10-18,OPEN,False,,CONTROLLED_SYNTHETIC
A0001790,C000639,PAYMENT,TRY,2018-01-13,OPEN,False,,CONTROLLED_SYNTHETIC
A0001791,C001730,SAVINGS,EUR,2015-01-15,OPEN,False,,CONTROLLED_SYNTHETIC
A0001792,C000646,SAVINGS,TRY,2018-05-28,OPEN,False,,CONTROLLED_SYNTHETIC
A0001793,C001679,PAYMENT,USD,2021-12-19,OPEN,False,,CONTROLLED_SYNTHETIC
A0001794,C001189,CURRENT,USD,2017-09-25,OPEN,True,1713052800000000000,CONTROLLED_SYNTHETIC
A0001795,C001673,SAVINGS,TRY,2020-12-29,OPEN,False,,CONTROLLED_SYNTHETIC
A0001796,C000942,BUSINESS,TRY,2019-05-03,OPEN,False,,CONTROLLED_SYNTHETIC
A0001797,C001528,CURRENT,TRY,2025-06-11,OPEN,False,,CONTROLLED_SYNTHETIC
A0001798,C000820,CURRENT,EUR,2023-07-03,OPEN,False,,CONTROLLED_SYNTHETIC
A0001799,C000686,SAVINGS,TRY,2018-04-29,OPEN,False,,CONTROLLED_SYNTHETIC
A0001800,C000055,CURRENT,TRY,2022-05-01,OPEN,False,,CONTROLLED_SYNTHETIC
A0001801,C001290,PAYMENT,TRY,2023-07-10,OPEN,False,,CONTROLLED_SYNTHETIC
A0001802,C000041,PAYMENT,TRY,2018-02-25,OPEN,False,,CONTROLLED_SYNTHETIC
A0001803,C000944,PAYMENT,TRY,2018-11-01,OPEN,False,,CONTROLLED_SYNTHETIC
A0001804,C000163,CURRENT,TRY,2022-06-05,OPEN,False,,CONTROLLED_SYNTHETIC
A0001805,C000038,BUSINESS,TRY,2016-01-10,OPEN,True,1745020800000000000,CONTROLLED_SYNTHETIC
A0001806,C000139,CURRENT,TRY,2018-06-17,OPEN,False,,CONTROLLED_SYNTHETIC
A0001807,C001699,BUSINESS,TRY,2023-11-24,OPEN,False,,CONTROLLED_SYNTHETIC
A0001808,C000434,PAYMENT,TRY,2021-02-13,OPEN,True,1726012800000000000,CONTROLLED_SYNTHETIC
A0001809,C001429,SAVINGS,TRY,2019-04-27,OPEN,False,,CONTROLLED_SYNTHETIC
A0001810,C001178,PAYMENT,TRY,2024-04-22,OPEN,False,,CONTROLLED_SYNTHETIC
A0001811,C001473,CURRENT,TRY,2018-12-02,OPEN,False,,CONTROLLED_SYNTHETIC
A0001812,C001443,PAYMENT,TRY,2015-11-16,OPEN,False,,CONTROLLED_SYNTHETIC
A0001813,C001485,BUSINESS,TRY,2017-07-18,OPEN,False,,CONTROLLED_SYNTHETIC
A0001814,C000864,SAVINGS,TRY,2024-02-21,OPEN,False,,CONTROLLED_SYNTHETIC
A0001815,C000932,CURRENT,TRY,2023-12-28,OPEN,False,,CONTROLLED_SYNTHETIC
A0001816,C001308,PAYMENT,TRY,2016-11-14,OPEN,False,,CONTROLLED_SYNTHETIC
A0001817,C000671,CURRENT,TRY,2023-07-24,OPEN,True,1767484800000000000,CONTROLLED_SYNTHETIC
A0001818,C000017,CURRENT,TRY,2015-11-23,OPEN,False,,CONTROLLED_SYNTHETIC
A0001819,C000194,CURRENT,TRY,2015-04-30,OPEN,False,,CONTROLLED_SYNTHETIC
A0001820,C001310,SAVINGS,TRY,2019-12-18,OPEN,False,,CONTROLLED_SYNTHETIC
A0001821,C001545,CURRENT,USD,2021-01-13,OPEN,False,,CONTROLLED_SYNTHETIC
A0001822,C000207,BUSINESS,TRY,2021-10-05,OPEN,False,,CONTROLLED_SYNTHETIC
A0001823,C001069,CURRENT,TRY,2021-06-12,OPEN,True,1742515200000000000,CONTROLLED_SYNTHETIC
A0001824,C001642,PAYMENT,TRY,2019-06-03,OPEN,False,,CONTROLLED_SYNTHETIC
A0001825,C001233,SAVINGS,USD,2025-11-03,OPEN,False,,CONTROLLED_SYNTHETIC
A0001826,C001189,PAYMENT,TRY,2022-02-03,OPEN,False,,CONTROLLED_SYNTHETIC
A0001827,C000397,CURRENT,TRY,2018-05-10,OPEN,False,,CONTROLLED_SYNTHETIC
A0001828,C000353,BUSINESS,TRY,2022-02-27,OPEN,False,,CONTROLLED_SYNTHETIC
A0001829,C001282,BUSINESS,TRY,2023-12-04,OPEN,False,,CONTROLLED_SYNTHETIC
A0001830,C001286,PAYMENT,TRY,2015-08-30,OPEN,False,,CONTROLLED_SYNTHETIC
A0001831,C000109,CURRENT,USD,2022-01-18,OPEN,False,,CONTROLLED_SYNTHETIC
A0001832,C001510,SAVINGS,TRY,2025-04-20,OPEN,False,,CONTROLLED_SYNTHETIC
A0001833,C001518,PAYMENT,USD,2014-12-20,OPEN,False,,CONTROLLED_SYNTHETIC
A0001834,C001183,PAYMENT,USD,2024-03-25,OPEN,False,,CONTROLLED_SYNTHETIC
A0001835,C000331,CURRENT,USD,2015-06-09,OPEN,False,,CONTROLLED_SYNTHETIC
A0001836,C000543,BUSINESS,USD,2018-12-26,OPEN,False,,CONTROLLED_SYNTHETIC
A0001837,C000272,SAVINGS,TRY,2019-10-21,OPEN,False,,CONTROLLED_SYNTHETIC
A0001838,C000436,PAYMENT,TRY,2020-10-05,OPEN,False,,CONTROLLED_SYNTHETIC
A0001839,C001681,BUSINESS,TRY,2020-01-15,OPEN,False,,CONTROLLED_SYNTHETIC
A0001840,C000662,PAYMENT,TRY,2024-05-14,OPEN,False,,CONTROLLED_SYNTHETIC
A0001841,C000907,CURRENT,TRY,2024-03-18,OPEN,False,,CONTROLLED_SYNTHETIC
A0001842,C001373,CURRENT,TRY,2024-09-15,OPEN,False,,CONTROLLED_SYNTHETIC
A0001843,C001702,SAVINGS,TRY,2016-07-12,OPEN,False,,CONTROLLED_SYNTHETIC
A0001844,C001797,SAVINGS,TRY,2025-07-15,OPEN,False,,CONTROLLED_SYNTHETIC
A0001845,C001383,BUSINESS,TRY,2015-04-11,OPEN,False,,CONTROLLED_SYNTHETIC
A0001846,C001667,BUSINESS,TRY,2020-07-24,OPEN,False,,CONTROLLED_SYNTHETIC
A0001847,C000159,PAYMENT,TRY,2023-02-26,OPEN,False,,CONTROLLED_SYNTHETIC
A0001848,C000673,CURRENT,TRY,2018-02-11,OPEN,False,,CONTROLLED_SYNTHETIC
A0001849,C000501,CURRENT,TRY,2024-03-05,OPEN,False,,CONTROLLED_SYNTHETIC
A0001850,C001279,PAYMENT,TRY,2022-07-02,OPEN,False,,CONTROLLED_SYNTHETIC
A0001851,C000315,PAYMENT,TRY,2025-12-31,OPEN,False,,CONTROLLED_SYNTHETIC
A0001852,C000545,CURRENT,TRY,2024-07-23,OPEN,False,,CONTROLLED_SYNTHETIC
A0001853,C001444,CURRENT,TRY,2021-04-09,OPEN,False,,CONTROLLED_SYNTHETIC
A0001854,C001703,CURRENT,TRY,2015-01-25,OPEN,False,,CONTROLLED_SYNTHETIC
A0001855,C000843,CURRENT,TRY,2014-11-18,OPEN,False,,CONTROLLED_SYNTHETIC
A0001856,C001536,PAYMENT,USD,2016-11-15,OPEN,True,1748217600000000000,CONTROLLED_SYNTHETIC
A0001857,C000076,CURRENT,TRY,2024-02-22,OPEN,False,,CONTROLLED_SYNTHETIC
A0001858,C000071,CURRENT,TRY,2020-08-28,OPEN,False,,CONTROLLED_SYNTHETIC
A0001859,C000789,PAYMENT,TRY,2018-02-10,OPEN,False,,CONTROLLED_SYNTHETIC
A0001860,C000705,SAVINGS,TRY,2015-01-14,OPEN,False,,CONTROLLED_SYNTHETIC
A0001861,C000312,SAVINGS,TRY,2025-12-29,OPEN,False,,CONTROLLED_SYNTHETIC
A0001862,C000164,PAYMENT,TRY,2017-01-11,OPEN,False,,CONTROLLED_SYNTHETIC
A0001863,C001533,BUSINESS,TRY,2015-12-19,OPEN,False,,CONTROLLED_SYNTHETIC
A0001864,C000161,PAYMENT,TRY,2024-10-16,OPEN,False,,CONTROLLED_SYNTHETIC
A0001865,C000493,CURRENT,TRY,2020-04-02,OPEN,False,,CONTROLLED_SYNTHETIC
A0001866,C001344,CURRENT,TRY,2022-01-10,OPEN,False,,CONTROLLED_SYNTHETIC
A0001867,C001173,PAYMENT,TRY,2023-08-17,OPEN,False,,CONTROLLED_SYNTHETIC
A0001868,C001521,PAYMENT,TRY,2025-06-16,OPEN,False,,CONTROLLED_SYNTHETIC
A0001869,C000296,SAVINGS,TRY,2023-05-21,OPEN,False,,CONTROLLED_SYNTHETIC
A0001870,C000461,BUSINESS,TRY,2022-12-16,OPEN,False,,CONTROLLED_SYNTHETIC
A0001871,C000719,SAVINGS,TRY,2016-09-14,OPEN,False,,CONTROLLED_SYNTHETIC
A0001872,C001691,CURRENT,TRY,2022-10-19,OPEN,False,,CONTROLLED_SYNTHETIC
A0001873,C001318,PAYMENT,TRY,2020-11-08,OPEN,False,,CONTROLLED_SYNTHETIC
A0001874,C001143,CURRENT,TRY,2021-05-02,OPEN,False,,CONTROLLED_SYNTHETIC
A0001875,C000379,PAYMENT,USD,2018-06-09,OPEN,False,,CONTROLLED_SYNTHETIC
A0001876,C001010,CURRENT,TRY,2016-10-17,OPEN,False,,CONTROLLED_SYNTHETIC
A0001877,C001619,CURRENT,TRY,2021-01-05,OPEN,False,,CONTROLLED_SYNTHETIC
A0001878,C001372,CURRENT,EUR,2021-11-09,OPEN,False,,CONTROLLED_SYNTHETIC
A0001879,C000230,PAYMENT,USD,2026-01-31,OPEN,False,,CONTROLLED_SYNTHETIC
A0001880,C000485,SAVINGS,TRY,2016-08-23,OPEN,False,,CONTROLLED_SYNTHETIC
A0001881,C000633,SAVINGS,TRY,2017-02-18,OPEN,False,,CONTROLLED_SYNTHETIC
A0001882,C000729,CURRENT,TRY,2017-11-07,OPEN,False,,CONTROLLED_SYNTHETIC
A0001883,C001038,PAYMENT,TRY,2022-11-17,OPEN,False,,CONTROLLED_SYNTHETIC
A0001884,C001414,PAYMENT,TRY,2015-02-02,OPEN,False,,CONTROLLED_SYNTHETIC
A0001885,C000083,SAVINGS,TRY,2020-03-27,OPEN,False,,CONTROLLED_SYNTHETIC
A0001886,C001663,PAYMENT,TRY,2017-09-18,OPEN,False,,CONTROLLED_SYNTHETIC
A0001887,C001184,PAYMENT,USD,2016-10-28,OPEN,False,,CONTROLLED_SYNTHETIC
A0001888,C000795,PAYMENT,TRY,2024-03-03,OPEN,False,,CONTROLLED_SYNTHETIC
A0001889,C000579,CURRENT,TRY,2015-05-18,OPEN,False,,CONTROLLED_SYNTHETIC
A0001890,C001546,CURRENT,TRY,2016-07-09,OPEN,False,,CONTROLLED_SYNTHETIC
A0001891,C000539,CURRENT,TRY,2019-08-07,OPEN,False,,CONTROLLED_SYNTHETIC
A0001892,C000524,PAYMENT,TRY,2023-05-18,OPEN,False,,CONTROLLED_SYNTHETIC
A0001893,C001342,SAVINGS,TRY,2022-09-13,OPEN,True,1761782400000000000,CONTROLLED_SYNTHETIC
A0001894,C001310,BUSINESS,TRY,2024-05-11,OPEN,False,,CONTROLLED_SYNTHETIC
A0001895,C000134,CURRENT,TRY,2014-11-22,OPEN,False,,CONTROLLED_SYNTHETIC
A0001896,C001665,SAVINGS,EUR,2015-05-12,OPEN,False,,CONTROLLED_SYNTHETIC
A0001897,C001551,SAVINGS,TRY,2017-10-29,OPEN,False,,CONTROLLED_SYNTHETIC
A0001898,C001278,BUSINESS,TRY,2021-01-19,OPEN,False,,CONTROLLED_SYNTHETIC
A0001899,C001731,CURRENT,TRY,2016-01-13,OPEN,False,,CONTROLLED_SYNTHETIC
A0001900,C000417,CURRENT,TRY,2023-11-29,OPEN,False,,CONTROLLED_SYNTHETIC
A0001901,C000841,PAYMENT,TRY,2018-12-03,OPEN,False,,CONTROLLED_SYNTHETIC
A0001902,C001008,SAVINGS,TRY,2015-09-05,OPEN,False,,CONTROLLED_SYNTHETIC
A0001903,C000623,CURRENT,TRY,2018-01-07,OPEN,False,,CONTROLLED_SYNTHETIC
A0001904,C001683,CURRENT,TRY,2018-11-09,OPEN,False,,CONTROLLED_SYNTHETIC
A0001905,C000131,CURRENT,EUR,2025-03-18,OPEN,False,,CONTROLLED_SYNTHETIC
A0001906,C000426,CURRENT,TRY,2018-12-08,OPEN,False,,CONTROLLED_SYNTHETIC
A0001907,C000775,SAVINGS,TRY,2015-09-17,OPEN,False,,CONTROLLED_SYNTHETIC
A0001908,C000142,CURRENT,TRY,2023-11-22,OPEN,False,,CONTROLLED_SYNTHETIC
A0001909,C001416,BUSINESS,TRY,2022-07-15,OPEN,False,,CONTROLLED_SYNTHETIC
A0001910,C001231,BUSINESS,TRY,2020-06-30,OPEN,False,,CONTROLLED_SYNTHETIC
A0001911,C000263,BUSINESS,TRY,2016-10-03,OPEN,False,,CONTROLLED_SYNTHETIC
A0001912,C000911,CURRENT,TRY,2020-07-12,OPEN,False,,CONTROLLED_SYNTHETIC
A0001913,C001771,BUSINESS,TRY,2015-08-21,OPEN,False,,CONTROLLED_SYNTHETIC
A0001914,C000890,PAYMENT,USD,2019-12-31,OPEN,False,,CONTROLLED_SYNTHETIC
A0001915,C001548,CURRENT,TRY,2025-08-17,OPEN,False,,CONTROLLED_SYNTHETIC
A0001916,C000173,PAYMENT,EUR,2016-01-25,OPEN,False,,CONTROLLED_SYNTHETIC
A0001917,C000512,CURRENT,TRY,2015-03-21,OPEN,False,,CONTROLLED_SYNTHETIC
A0001918,C000538,BUSINESS,TRY,2024-11-16,OPEN,False,,CONTROLLED_SYNTHETIC
A0001919,C000496,BUSINESS,TRY,2018-11-21,OPEN,False,,CONTROLLED_SYNTHETIC
A0001920,C001347,CURRENT,USD,2018-03-17,OPEN,False,,CONTROLLED_SYNTHETIC
A0001921,C000220,CURRENT,EUR,2024-02-08,OPEN,False,,CONTROLLED_SYNTHETIC
A0001922,C000168,PAYMENT,TRY,2017-04-02,OPEN,False,,CONTROLLED_SYNTHETIC
A0001923,C001587,PAYMENT,TRY,2021-08-19,OPEN,False,,CONTROLLED_SYNTHETIC
A0001924,C001172,CURRENT,TRY,2021-10-28,OPEN,False,,CONTROLLED_SYNTHETIC
A0001925,C000644,CURRENT,USD,2019-11-25,OPEN,False,,CONTROLLED_SYNTHETIC
A0001926,C001384,SAVINGS,USD,2024-09-06,OPEN,False,,CONTROLLED_SYNTHETIC
A0001927,C000822,CURRENT,USD,2018-04-17,OPEN,True,1747785600000000000,CONTROLLED_SYNTHETIC
A0001928,C001109,CURRENT,TRY,2025-09-10,OPEN,False,,CONTROLLED_SYNTHETIC
A0001929,C001505,CURRENT,TRY,2016-09-16,OPEN,False,,CONTROLLED_SYNTHETIC
A0001930,C000339,CURRENT,TRY,2025-08-21,OPEN,False,,CONTROLLED_SYNTHETIC
A0001931,C001281,PAYMENT,TRY,2017-03-13,OPEN,False,,CONTROLLED_SYNTHETIC
A0001932,C000273,PAYMENT,TRY,2022-10-26,OPEN,False,,CONTROLLED_SYNTHETIC
A0001933,C000260,PAYMENT,TRY,2018-05-07,OPEN,False,,CONTROLLED_SYNTHETIC
A0001934,C001139,CURRENT,TRY,2015-06-07,OPEN,False,,CONTROLLED_SYNTHETIC
A0001935,C001650,BUSINESS,USD,2021-09-16,OPEN,False,,CONTROLLED_SYNTHETIC
A0001936,C000559,CURRENT,TRY,2022-05-01,OPEN,True,1728691200000000000,CONTROLLED_SYNTHETIC
A0001937,C000282,CURRENT,TRY,2017-09-24,OPEN,True,1726704000000000000,CONTROLLED_SYNTHETIC
A0001938,C001527,BUSINESS,TRY,2015-12-20,OPEN,False,,CONTROLLED_SYNTHETIC
A0001939,C000028,CURRENT,TRY,2016-04-30,OPEN,False,,CONTROLLED_SYNTHETIC
A0001940,C000325,CURRENT,TRY,2020-12-06,OPEN,False,,CONTROLLED_SYNTHETIC
A0001941,C001271,PAYMENT,TRY,2015-09-22,OPEN,False,,CONTROLLED_SYNTHETIC
A0001942,C001709,CURRENT,TRY,2017-01-02,OPEN,False,,CONTROLLED_SYNTHETIC
A0001943,C000947,SAVINGS,TRY,2021-04-08,OPEN,False,,CONTROLLED_SYNTHETIC
A0001944,C001456,PAYMENT,EUR,2021-03-30,OPEN,False,,CONTROLLED_SYNTHETIC
A0001945,C000030,CURRENT,USD,2026-01-13,OPEN,False,,CONTROLLED_SYNTHETIC
A0001946,C001148,CURRENT,TRY,2015-10-20,OPEN,False,,CONTROLLED_SYNTHETIC
A0001947,C000408,CURRENT,EUR,2021-08-09,OPEN,False,,CONTROLLED_SYNTHETIC
A0001948,C000245,CURRENT,TRY,2019-05-04,OPEN,False,,CONTROLLED_SYNTHETIC
A0001949,C001082,SAVINGS,EUR,2017-06-02,OPEN,False,,CONTROLLED_SYNTHETIC
A0001950,C001322,SAVINGS,TRY,2016-03-26,OPEN,False,,CONTROLLED_SYNTHETIC
A0001951,C000301,CURRENT,TRY,2021-11-04,OPEN,False,,CONTROLLED_SYNTHETIC
A0001952,C001265,SAVINGS,USD,2021-10-07,OPEN,False,,CONTROLLED_SYNTHETIC
A0001953,C001525,CURRENT,TRY,2020-06-29,OPEN,False,,CONTROLLED_SYNTHETIC
A0001954,C000176,SAVINGS,TRY,2018-06-29,OPEN,False,,CONTROLLED_SYNTHETIC
A0001955,C001331,CURRENT,TRY,2025-07-09,OPEN,False,,CONTROLLED_SYNTHETIC
A0001956,C000706,CURRENT,TRY,2017-03-06,OPEN,False,,CONTROLLED_SYNTHETIC
A0001957,C001711,CURRENT,TRY,2019-05-11,OPEN,False,,CONTROLLED_SYNTHETIC
A0001958,C001326,BUSINESS,USD,2024-08-09,OPEN,False,,CONTROLLED_SYNTHETIC
A0001959,C001315,CURRENT,TRY,2025-10-02,OPEN,False,,CONTROLLED_SYNTHETIC
A0001960,C000847,PAYMENT,TRY,2018-08-30,OPEN,False,,CONTROLLED_SYNTHETIC
A0001961,C001517,SAVINGS,TRY,2017-07-09,OPEN,False,,CONTROLLED_SYNTHETIC
A0001962,C000670,BUSINESS,TRY,2021-12-21,OPEN,False,,CONTROLLED_SYNTHETIC
A0001963,C000507,BUSINESS,TRY,2016-01-24,OPEN,False,,CONTROLLED_SYNTHETIC
A0001964,C000509,CURRENT,TRY,2021-05-11,OPEN,False,,CONTROLLED_SYNTHETIC
A0001965,C001502,CURRENT,TRY,2017-12-19,OPEN,False,,CONTROLLED_SYNTHETIC
A0001966,C000499,SAVINGS,TRY,2015-09-19,OPEN,False,,CONTROLLED_SYNTHETIC
A0001967,C001470,BUSINESS,TRY,2019-07-06,OPEN,False,,CONTROLLED_SYNTHETIC
A0001968,C000177,BUSINESS,TRY,2021-04-15,OPEN,False,,CONTROLLED_SYNTHETIC
A0001969,C000484,PAYMENT,TRY,2025-12-27,OPEN,False,,CONTROLLED_SYNTHETIC
A0001970,C001726,PAYMENT,TRY,2015-08-11,OPEN,False,,CONTROLLED_SYNTHETIC
A0001971,C001765,SAVINGS,TRY,2019-01-04,OPEN,False,,CONTROLLED_SYNTHETIC
A0001972,C001475,CURRENT,TRY,2019-02-25,OPEN,False,,CONTROLLED_SYNTHETIC
A0001973,C000228,BUSINESS,USD,2018-01-25,OPEN,False,,CONTROLLED_SYNTHETIC
A0001974,C000128,CURRENT,TRY,2024-12-20,OPEN,False,,CONTROLLED_SYNTHETIC
A0001975,C000500,SAVINGS,TRY,2021-05-12,OPEN,False,,CONTROLLED_SYNTHETIC
A0001976,C000529,CURRENT,TRY,2024-07-31,OPEN,False,,CONTROLLED_SYNTHETIC
A0001977,C001188,PAYMENT,TRY,2025-10-21,OPEN,False,,CONTROLLED_SYNTHETIC
A0001978,C000111,CURRENT,TRY,2016-03-22,OPEN,False,,CONTROLLED_SYNTHETIC
A0001979,C000477,BUSINESS,TRY,2024-04-18,OPEN,False,,CONTROLLED_SYNTHETIC
A0001980,C000310,BUSINESS,TRY,2015-04-07,OPEN,False,,CONTROLLED_SYNTHETIC
A0001981,C000982,CURRENT,EUR,2018-01-06,OPEN,False,,CONTROLLED_SYNTHETIC
A0001982,C000086,CURRENT,TRY,2019-12-09,OPEN,False,,CONTROLLED_SYNTHETIC
A0001983,C001106,PAYMENT,TRY,2018-07-20,OPEN,False,,CONTROLLED_SYNTHETIC
A0001984,C000286,CURRENT,TRY,2020-12-28,OPEN,False,,CONTROLLED_SYNTHETIC
A0001985,C001779,SAVINGS,TRY,2019-04-06,OPEN,True,1752278400000000000,CONTROLLED_SYNTHETIC
A0001986,C000917,CURRENT,TRY,2023-07-01,OPEN,False,,CONTROLLED_SYNTHETIC
A0001987,C000828,SAVINGS,TRY,2015-02-24,OPEN,False,,CONTROLLED_SYNTHETIC
A0001988,C001235,SAVINGS,TRY,2021-09-11,OPEN,False,,CONTROLLED_SYNTHETIC
A0001989,C001239,SAVINGS,TRY,2018-08-14,OPEN,False,,CONTROLLED_SYNTHETIC
A0001990,C000670,SAVINGS,TRY,2016-05-12,OPEN,True,1762387200000000000,CONTROLLED_SYNTHETIC
A0001991,C000087,CURRENT,TRY,2024-11-29,OPEN,False,,CONTROLLED_SYNTHETIC
A0001992,C000452,PAYMENT,TRY,2024-07-25,OPEN,False,,CONTROLLED_SYNTHETIC
A0001993,C001119,PAYMENT,TRY,2024-12-07,OPEN,False,,CONTROLLED_SYNTHETIC
A0001994,C000374,BUSINESS,USD,2022-01-02,OPEN,False,,CONTROLLED_SYNTHETIC
A0001995,C000658,SAVINGS,TRY,2024-12-09,OPEN,False,,CONTROLLED_SYNTHETIC
A0001996,C000700,SAVINGS,USD,2018-11-03,OPEN,False,,CONTROLLED_SYNTHETIC
A0001997,C000431,PAYMENT,USD,2022-03-09,OPEN,False,,CONTROLLED_SYNTHETIC
A0001998,C000698,CURRENT,TRY,2019-06-22,OPEN,False,,CONTROLLED_SYNTHETIC
A0001999,C000409,PAYMENT,EUR,2016-08-22,OPEN,False,,CONTROLLED_SYNTHETIC
A0002000,C000432,BUSINESS,TRY,2021-03-08,OPEN,False,,CONTROLLED_SYNTHETIC
A0002001,C001221,CURRENT,TRY,2018-09-12,OPEN,False,,CONTROLLED_SYNTHETIC
A0002002,C001650,SAVINGS,EUR,2020-12-04,OPEN,False,,CONTROLLED_SYNTHETIC
A0002003,C000258,CURRENT,USD,2015-01-13,OPEN,False,,CONTROLLED_SYNTHETIC
A0002004,C000583,SAVINGS,USD,2017-05-10,OPEN,False,,CONTROLLED_SYNTHETIC
A0002005,C000615,SAVINGS,TRY,2016-10-22,OPEN,False,,CONTROLLED_SYNTHETIC
A0002006,C001021,CURRENT,TRY,2019-06-15,OPEN,False,,CONTROLLED_SYNTHETIC
A0002007,C000991,CURRENT,TRY,2021-10-22,OPEN,False,,CONTROLLED_SYNTHETIC
A0002008,C000353,PAYMENT,TRY,2020-10-04,OPEN,False,,CONTROLLED_SYNTHETIC
A0002009,C001083,CURRENT,TRY,2017-11-26,OPEN,False,,CONTROLLED_SYNTHETIC
A0002010,C000316,CURRENT,TRY,2020-02-14,OPEN,False,,CONTROLLED_SYNTHETIC
A0002011,C000236,CURRENT,TRY,2025-02-27,OPEN,False,,CONTROLLED_SYNTHETIC
A0002012,C000782,PAYMENT,TRY,2021-02-01,OPEN,False,,CONTROLLED_SYNTHETIC
A0002013,C000765,CURRENT,TRY,2014-12-24,OPEN,False,,CONTROLLED_SYNTHETIC
A0002014,C000284,BUSINESS,TRY,2020-09-16,OPEN,False,,CONTROLLED_SYNTHETIC
A0002015,C000614,CURRENT,USD,2025-10-17,OPEN,False,,CONTROLLED_SYNTHETIC
A0002016,C001569,PAYMENT,TRY,2019-05-11,OPEN,False,,CONTROLLED_SYNTHETIC
A0002017,C000027,PAYMENT,TRY,2021-03-15,OPEN,False,,CONTROLLED_SYNTHETIC
A0002018,C001406,SAVINGS,TRY,2024-12-31,OPEN,False,,CONTROLLED_SYNTHETIC
A0002019,C000031,SAVINGS,TRY,2015-05-12,OPEN,False,,CONTROLLED_SYNTHETIC
A0002020,C000736,CURRENT,TRY,2023-04-27,OPEN,False,,CONTROLLED_SYNTHETIC
A0002021,C000217,SAVINGS,TRY,2025-10-21,OPEN,False,,CONTROLLED_SYNTHETIC
A0002022,C000935,CURRENT,TRY,2020-03-17,OPEN,False,,CONTROLLED_SYNTHETIC
A0002023,C001072,SAVINGS,TRY,2024-04-16,OPEN,False,,CONTROLLED_SYNTHETIC
A0002024,C001255,SAVINGS,TRY,2021-06-08,OPEN,False,,CONTROLLED_SYNTHETIC
A0002025,C001711,BUSINESS,USD,2017-06-04,OPEN,False,,CONTROLLED_SYNTHETIC
A0002026,C001736,CURRENT,TRY,2017-09-06,OPEN,False,,CONTROLLED_SYNTHETIC
A0002027,C001014,SAVINGS,USD,2020-01-07,OPEN,False,,CONTROLLED_SYNTHETIC
A0002028,C000188,PAYMENT,TRY,2024-05-10,OPEN,False,,CONTROLLED_SYNTHETIC
A0002029,C001524,CURRENT,TRY,2019-08-07,OPEN,False,,CONTROLLED_SYNTHETIC
A0002030,C001796,PAYMENT,TRY,2020-06-18,OPEN,False,,CONTROLLED_SYNTHETIC
A0002031,C001588,CURRENT,TRY,2021-11-19,OPEN,False,,CONTROLLED_SYNTHETIC
A0002032,C000679,SAVINGS,TRY,2018-12-14,OPEN,False,,CONTROLLED_SYNTHETIC
A0002033,C000801,PAYMENT,TRY,2024-01-02,OPEN,False,,CONTROLLED_SYNTHETIC
A0002034,C001355,PAYMENT,TRY,2015-03-25,OPEN,False,,CONTROLLED_SYNTHETIC
A0002035,C001135,PAYMENT,TRY,2025-06-06,OPEN,False,,CONTROLLED_SYNTHETIC
A0002036,C001684,CURRENT,TRY,2020-09-11,OPEN,False,,CONTROLLED_SYNTHETIC
A0002037,C000222,CURRENT,TRY,2022-09-20,OPEN,False,,CONTROLLED_SYNTHETIC
A0002038,C000730,CURRENT,EUR,2016-06-12,OPEN,False,,CONTROLLED_SYNTHETIC
A0002039,C000516,SAVINGS,USD,2023-03-01,OPEN,False,,CONTROLLED_SYNTHETIC
A0002040,C000888,CURRENT,TRY,2022-05-16,OPEN,False,,CONTROLLED_SYNTHETIC
A0002041,C000707,SAVINGS,TRY,2020-03-21,OPEN,False,,CONTROLLED_SYNTHETIC
A0002042,C001242,PAYMENT,USD,2024-04-07,OPEN,False,,CONTROLLED_SYNTHETIC
A0002043,C001447,PAYMENT,TRY,2015-02-22,OPEN,False,,CONTROLLED_SYNTHETIC
A0002044,C001597,BUSINESS,TRY,2015-05-03,OPEN,False,,CONTROLLED_SYNTHETIC
A0002045,C001234,CURRENT,TRY,2014-12-26,OPEN,False,,CONTROLLED_SYNTHETIC
A0002046,C000981,PAYMENT,TRY,2023-12-04,OPEN,False,,CONTROLLED_SYNTHETIC
A0002047,C000766,SAVINGS,TRY,2018-05-08,OPEN,False,,CONTROLLED_SYNTHETIC
A0002048,C000895,CURRENT,USD,2025-05-28,OPEN,False,,CONTROLLED_SYNTHETIC
A0002049,C001584,PAYMENT,TRY,2020-02-22,OPEN,False,,CONTROLLED_SYNTHETIC
A0002050,C000257,SAVINGS,TRY,2022-12-09,OPEN,False,,CONTROLLED_SYNTHETIC
A0002051,C001573,PAYMENT,TRY,2024-11-25,OPEN,False,,CONTROLLED_SYNTHETIC
A0002052,C000776,PAYMENT,EUR,2017-10-12,OPEN,False,,CONTROLLED_SYNTHETIC
A0002053,C000630,CURRENT,TRY,2017-05-15,OPEN,False,,CONTROLLED_SYNTHETIC
A0002054,C001103,PAYMENT,TRY,2019-11-24,OPEN,False,,CONTROLLED_SYNTHETIC
A0002055,C000971,BUSINESS,TRY,2019-06-26,OPEN,False,,CONTROLLED_SYNTHETIC
A0002056,C001402,SAVINGS,TRY,2023-07-20,OPEN,False,,CONTROLLED_SYNTHETIC
A0002057,C001487,BUSINESS,TRY,2018-03-30,OPEN,False,,CONTROLLED_SYNTHETIC
A0002058,C001692,SAVINGS,TRY,2022-08-07,OPEN,False,,CONTROLLED_SYNTHETIC
A0002059,C001629,CURRENT,TRY,2022-02-22,OPEN,False,,CONTROLLED_SYNTHETIC
A0002060,C000704,SAVINGS,TRY,2021-03-19,OPEN,False,,CONTROLLED_SYNTHETIC
A0002061,C001729,BUSINESS,TRY,2023-08-07,OPEN,False,,CONTROLLED_SYNTHETIC
A0002062,C001786,PAYMENT,TRY,2025-01-20,OPEN,False,,CONTROLLED_SYNTHETIC
A0002063,C001526,SAVINGS,TRY,2023-09-19,OPEN,False,,CONTROLLED_SYNTHETIC
A0002064,C001110,CURRENT,USD,2017-07-24,OPEN,False,,CONTROLLED_SYNTHETIC
A0002065,C000799,PAYMENT,TRY,2018-01-28,OPEN,False,,CONTROLLED_SYNTHETIC
A0002066,C000741,PAYMENT,TRY,2025-02-01,OPEN,False,,CONTROLLED_SYNTHETIC
A0002067,C001487,CURRENT,EUR,2016-04-27,OPEN,False,,CONTROLLED_SYNTHETIC
A0002068,C000805,PAYMENT,USD,2020-06-18,OPEN,False,,CONTROLLED_SYNTHETIC
A0002069,C000969,SAVINGS,TRY,2016-05-29,OPEN,False,,CONTROLLED_SYNTHETIC
A0002070,C000882,CURRENT,TRY,2019-06-24,OPEN,False,,CONTROLLED_SYNTHETIC
A0002071,C000474,PAYMENT,EUR,2019-10-08,OPEN,False,,CONTROLLED_SYNTHETIC
A0002072,C000605,BUSINESS,USD,2024-03-13,OPEN,False,,CONTROLLED_SYNTHETIC
A0002073,C001402,CURRENT,TRY,2015-11-18,OPEN,False,,CONTROLLED_SYNTHETIC
A0002074,C001048,CURRENT,TRY,2017-05-14,OPEN,False,,CONTROLLED_SYNTHETIC
A0002075,C001237,CURRENT,TRY,2017-08-25,OPEN,False,,CONTROLLED_SYNTHETIC
A0002076,C001635,PAYMENT,USD,2023-05-28,OPEN,False,,CONTROLLED_SYNTHETIC
A0002077,C001562,CURRENT,TRY,2016-01-06,OPEN,False,,CONTROLLED_SYNTHETIC
A0002078,C001717,CURRENT,TRY,2022-11-18,OPEN,False,,CONTROLLED_SYNTHETIC
A0002079,C000939,SAVINGS,TRY,2026-01-25,OPEN,False,,CONTROLLED_SYNTHETIC
A0002080,C001259,BUSINESS,TRY,2022-12-13,OPEN,False,,CONTROLLED_SYNTHETIC
A0002081,C001752,CURRENT,TRY,2015-10-30,OPEN,False,,CONTROLLED_SYNTHETIC
A0002082,C001398,CURRENT,TRY,2022-12-16,OPEN,False,,CONTROLLED_SYNTHETIC
A0002083,C000171,BUSINESS,TRY,2023-04-30,OPEN,False,,CONTROLLED_SYNTHETIC
A0002084,C000763,CURRENT,EUR,2017-02-25,OPEN,False,,CONTROLLED_SYNTHETIC
A0002085,C000135,CURRENT,TRY,2022-02-24,OPEN,False,,CONTROLLED_SYNTHETIC
A0002086,C000343,SAVINGS,TRY,2021-07-25,OPEN,False,,CONTROLLED_SYNTHETIC
A0002087,C000513,CURRENT,TRY,2016-10-08,OPEN,False,,CONTROLLED_SYNTHETIC
A0002088,C001464,CURRENT,TRY,2016-03-18,OPEN,False,,CONTROLLED_SYNTHETIC
A0002089,C001291,CURRENT,TRY,2022-09-23,OPEN,False,,CONTROLLED_SYNTHETIC
A0002090,C001639,SAVINGS,TRY,2021-03-15,OPEN,False,,CONTROLLED_SYNTHETIC
A0002091,C000495,CURRENT,TRY,2021-10-19,OPEN,False,,CONTROLLED_SYNTHETIC
A0002092,C001741,PAYMENT,TRY,2021-03-23,OPEN,False,,CONTROLLED_SYNTHETIC
A0002093,C000341,CURRENT,TRY,2021-10-06,OPEN,False,,CONTROLLED_SYNTHETIC
A0002094,C000928,CURRENT,TRY,2016-09-15,OPEN,False,,CONTROLLED_SYNTHETIC
A0002095,C000160,CURRENT,TRY,2019-11-27,OPEN,False,,CONTROLLED_SYNTHETIC
A0002096,C001471,PAYMENT,EUR,2015-10-22,OPEN,False,,CONTROLLED_SYNTHETIC
A0002097,C000369,PAYMENT,TRY,2023-05-07,OPEN,False,,CONTROLLED_SYNTHETIC
A0002098,C000713,CURRENT,TRY,2024-11-27,OPEN,True,1766534400000000000,CONTROLLED_SYNTHETIC
A0002099,C001375,BUSINESS,TRY,2025-02-25,OPEN,True,1760054400000000000,CONTROLLED_SYNTHETIC
A0002100,C001634,SAVINGS,TRY,2016-02-15,OPEN,False,,CONTROLLED_SYNTHETIC
A0002101,C001595,SAVINGS,TRY,2017-01-16,OPEN,True,1761868800000000000,CONTROLLED_SYNTHETIC
A0002102,C001581,CURRENT,EUR,2020-03-06,OPEN,True,1752019200000000000,CONTROLLED_SYNTHETIC
A0002103,C000542,CURRENT,TRY,2018-11-19,OPEN,True,1715644800000000000,CONTROLLED_SYNTHETIC
A0002104,C000940,CURRENT,TRY,2022-03-31,OPEN,False,,CONTROLLED_SYNTHETIC
A0002105,C000903,CURRENT,TRY,2016-05-13,OPEN,False,,CONTROLLED_SYNTHETIC
A0002106,C001746,BUSINESS,TRY,2020-11-06,OPEN,False,,CONTROLLED_SYNTHETIC
A0002107,C001165,SAVINGS,TRY,2019-06-29,OPEN,False,,CONTROLLED_SYNTHETIC
A0002108,C001420,SAVINGS,TRY,2017-02-27,OPEN,False,,CONTROLLED_SYNTHETIC
A0002109,C000425,CURRENT,TRY,2019-10-17,OPEN,False,,CONTROLLED_SYNTHETIC
A0002110,C000876,SAVINGS,TRY,2023-03-06,OPEN,True,1746921600000000000,CONTROLLED_SYNTHETIC
A0002111,C001334,CURRENT,TRY,2019-03-27,OPEN,False,,CONTROLLED_SYNTHETIC
A0002112,C001332,SAVINGS,USD,2017-03-08,OPEN,False,,CONTROLLED_SYNTHETIC
A0002113,C000202,CURRENT,TRY,2024-05-08,OPEN,False,,CONTROLLED_SYNTHETIC
A0002114,C001346,SAVINGS,TRY,2017-09-25,OPEN,False,,CONTROLLED_SYNTHETIC
A0002115,C000253,BUSINESS,TRY,2020-11-11,OPEN,False,,CONTROLLED_SYNTHETIC
A0002116,C000641,CURRENT,TRY,2021-05-31,OPEN,True,1740268800000000000,CONTROLLED_SYNTHETIC
A0002117,C001379,CURRENT,TRY,2023-08-05,OPEN,False,,CONTROLLED_SYNTHETIC
A0002118,C000948,PAYMENT,TRY,2024-07-03,OPEN,False,,CONTROLLED_SYNTHETIC
A0002119,C000592,CURRENT,TRY,2015-11-23,OPEN,False,,CONTROLLED_SYNTHETIC
A0002120,C000514,SAVINGS,TRY,2021-08-31,OPEN,True,1728691200000000000,CONTROLLED_SYNTHETIC
A0002121,C000380,CURRENT,EUR,2024-07-17,OPEN,False,,CONTROLLED_SYNTHETIC
A0002122,C001077,CURRENT,TRY,2024-02-16,OPEN,False,,CONTROLLED_SYNTHETIC
A0002123,C000071,CURRENT,TRY,2018-02-19,OPEN,True,1726099200000000000,CONTROLLED_SYNTHETIC
A0002124,C001462,CURRENT,TRY,2022-02-10,OPEN,False,,CONTROLLED_SYNTHETIC
A0002125,C000728,CURRENT,TRY,2024-09-01,OPEN,False,,CONTROLLED_SYNTHETIC
A0002126,C001413,SAVINGS,TRY,2016-07-17,OPEN,False,,CONTROLLED_SYNTHETIC
A0002127,C000703,SAVINGS,TRY,2020-08-07,OPEN,False,,CONTROLLED_SYNTHETIC
A0002128,C001144,CURRENT,TRY,2023-01-14,OPEN,False,,CONTROLLED_SYNTHETIC
A0002129,C000608,PAYMENT,TRY,2020-10-04,OPEN,True,1728950400000000000,CONTROLLED_SYNTHETIC
A0002130,C000694,BUSINESS,TRY,2018-06-13,OPEN,False,,CONTROLLED_SYNTHETIC
A0002131,C001305,CURRENT,TRY,2020-06-27,OPEN,False,,CONTROLLED_SYNTHETIC
A0002132,C000653,SAVINGS,TRY,2016-11-27,OPEN,False,,CONTROLLED_SYNTHETIC
A0002133,C001132,CURRENT,TRY,2022-08-19,OPEN,False,,CONTROLLED_SYNTHETIC
A0002134,C001120,BUSINESS,TRY,2022-11-23,OPEN,False,,CONTROLLED_SYNTHETIC
A0002135,C001514,CURRENT,TRY,2022-12-16,OPEN,False,,CONTROLLED_SYNTHETIC
A0002136,C000034,SAVINGS,USD,2022-06-05,OPEN,False,,CONTROLLED_SYNTHETIC
A0002137,C001383,CURRENT,USD,2015-10-19,OPEN,False,,CONTROLLED_SYNTHETIC
A0002138,C000376,BUSINESS,TRY,2024-09-24,OPEN,False,,CONTROLLED_SYNTHETIC
A0002139,C001529,BUSINESS,TRY,2021-10-10,OPEN,False,,CONTROLLED_SYNTHETIC
A0002140,C000687,SAVINGS,TRY,2021-07-04,OPEN,False,,CONTROLLED_SYNTHETIC
A0002141,C001065,SAVINGS,TRY,2018-12-05,OPEN,False,,CONTROLLED_SYNTHETIC
A0002142,C001193,BUSINESS,USD,2022-11-17,OPEN,False,,CONTROLLED_SYNTHETIC
A0002143,C000204,SAVINGS,TRY,2025-03-31,OPEN,False,,CONTROLLED_SYNTHETIC
A0002144,C001412,CURRENT,TRY,2019-04-11,OPEN,False,,CONTROLLED_SYNTHETIC
A0002145,C001263,CURRENT,TRY,2021-01-09,OPEN,False,,CONTROLLED_SYNTHETIC
A0002146,C000180,PAYMENT,TRY,2022-08-09,OPEN,False,,CONTROLLED_SYNTHETIC
A0002147,C000730,SAVINGS,TRY,2015-06-01,OPEN,False,,CONTROLLED_SYNTHETIC
A0002148,C001370,PAYMENT,TRY,2023-06-08,OPEN,False,,CONTROLLED_SYNTHETIC
A0002149,C001041,CURRENT,TRY,2024-07-16,OPEN,False,,CONTROLLED_SYNTHETIC
A0002150,C000615,PAYMENT,TRY,2021-07-31,OPEN,False,,CONTROLLED_SYNTHETIC
A0002151,C000764,CURRENT,TRY,2024-05-24,OPEN,False,,CONTROLLED_SYNTHETIC
A0002152,C001380,CURRENT,TRY,2018-01-29,OPEN,False,,CONTROLLED_SYNTHETIC
A0002153,C000604,CURRENT,TRY,2019-06-23,OPEN,False,,CONTROLLED_SYNTHETIC
A0002154,C001533,BUSINESS,TRY,2018-05-21,OPEN,False,,CONTROLLED_SYNTHETIC
A0002155,C000452,CURRENT,TRY,2023-01-12,OPEN,False,,CONTROLLED_SYNTHETIC
A0002156,C000952,BUSINESS,TRY,2015-03-29,OPEN,False,,CONTROLLED_SYNTHETIC
A0002157,C001195,PAYMENT,TRY,2019-08-11,OPEN,False,,CONTROLLED_SYNTHETIC
A0002158,C001745,BUSINESS,TRY,2016-10-18,OPEN,False,,CONTROLLED_SYNTHETIC
A0002159,C001602,PAYMENT,TRY,2015-07-12,OPEN,False,,CONTROLLED_SYNTHETIC
A0002160,C001680,CURRENT,TRY,2020-10-30,OPEN,False,,CONTROLLED_SYNTHETIC
A0002161,C000330,CURRENT,TRY,2017-02-01,OPEN,False,,CONTROLLED_SYNTHETIC
A0002162,C000059,PAYMENT,TRY,2024-07-14,OPEN,False,,CONTROLLED_SYNTHETIC
A0002163,C000598,PAYMENT,USD,2018-01-25,OPEN,False,,CONTROLLED_SYNTHETIC
A0002164,C001627,CURRENT,TRY,2017-03-15,OPEN,False,,CONTROLLED_SYNTHETIC
A0002165,C000905,BUSINESS,EUR,2017-04-12,OPEN,False,,CONTROLLED_SYNTHETIC
A0002166,C001324,PAYMENT,TRY,2024-03-17,OPEN,False,,CONTROLLED_SYNTHETIC
A0002167,C000541,CURRENT,TRY,2025-04-09,OPEN,False,,CONTROLLED_SYNTHETIC
A0002168,C000367,CURRENT,TRY,2015-03-13,OPEN,True,1724198400000000000,CONTROLLED_SYNTHETIC
A0002169,C000560,CURRENT,TRY,2021-08-19,OPEN,False,,CONTROLLED_SYNTHETIC
A0002170,C000906,CURRENT,TRY,2022-02-28,OPEN,False,,CONTROLLED_SYNTHETIC
A0002171,C001492,BUSINESS,TRY,2024-06-12,OPEN,False,,CONTROLLED_SYNTHETIC
A0002172,C001515,CURRENT,TRY,2019-06-04,OPEN,False,,CONTROLLED_SYNTHETIC
A0002173,C000871,PAYMENT,TRY,2018-11-19,OPEN,False,,CONTROLLED_SYNTHETIC
A0002174,C001648,CURRENT,TRY,2017-05-16,OPEN,False,,CONTROLLED_SYNTHETIC
A0002175,C001210,CURRENT,EUR,2017-12-18,OPEN,False,,CONTROLLED_SYNTHETIC
A0002176,C001172,SAVINGS,TRY,2019-02-01,OPEN,False,,CONTROLLED_SYNTHETIC
A0002177,C001300,SAVINGS,TRY,2021-07-04,OPEN,False,,CONTROLLED_SYNTHETIC
A0002178,C000470,PAYMENT,USD,2020-02-15,OPEN,False,,CONTROLLED_SYNTHETIC
A0002179,C001296,SAVINGS,TRY,2017-11-04,OPEN,False,,CONTROLLED_SYNTHETIC
A0002180,C001073,CURRENT,TRY,2024-10-17,OPEN,False,,CONTROLLED_SYNTHETIC
A0002181,C000498,SAVINGS,TRY,2024-08-24,OPEN,False,,CONTROLLED_SYNTHETIC
A0002182,C000582,BUSINESS,EUR,2019-03-29,OPEN,False,,CONTROLLED_SYNTHETIC
A0002183,C000988,CURRENT,TRY,2014-12-30,OPEN,False,,CONTROLLED_SYNTHETIC
A0002184,C001451,CURRENT,TRY,2021-05-20,OPEN,False,,CONTROLLED_SYNTHETIC
A0002185,C000356,CURRENT,USD,2015-11-12,OPEN,False,,CONTROLLED_SYNTHETIC
A0002186,C001036,BUSINESS,TRY,2020-10-03,OPEN,False,,CONTROLLED_SYNTHETIC
A0002187,C001097,CURRENT,USD,2023-02-07,OPEN,False,,CONTROLLED_SYNTHETIC
A0002188,C000332,CURRENT,TRY,2022-11-23,OPEN,False,,CONTROLLED_SYNTHETIC
A0002189,C000103,BUSINESS,TRY,2018-02-10,OPEN,False,,CONTROLLED_SYNTHETIC
A0002190,C001561,CURRENT,TRY,2019-10-14,OPEN,False,,CONTROLLED_SYNTHETIC
A0002191,C001027,CURRENT,USD,2016-09-14,OPEN,False,,CONTROLLED_SYNTHETIC
A0002192,C000845,CURRENT,TRY,2023-10-02,OPEN,False,,CONTROLLED_SYNTHETIC
A0002193,C000311,PAYMENT,TRY,2023-09-04,OPEN,False,,CONTROLLED_SYNTHETIC
A0002194,C000418,SAVINGS,EUR,2016-05-08,OPEN,False,,CONTROLLED_SYNTHETIC
A0002195,C001605,CURRENT,TRY,2025-06-05,OPEN,True,1768435200000000000,CONTROLLED_SYNTHETIC
A0002196,C000004,SAVINGS,USD,2025-12-02,OPEN,False,,CONTROLLED_SYNTHETIC
A0002197,C001538,PAYMENT,TRY,2018-03-11,OPEN,False,,CONTROLLED_SYNTHETIC
A0002198,C000490,BUSINESS,TRY,2025-04-09,OPEN,False,,CONTROLLED_SYNTHETIC
A0002199,C000620,SAVINGS,TRY,2025-09-06,OPEN,False,,CONTROLLED_SYNTHETIC
A0002200,C001121,CURRENT,TRY,2020-07-25,OPEN,False,,CONTROLLED_SYNTHETIC
A0002201,C000308,SAVINGS,TRY,2018-07-24,OPEN,False,,CONTROLLED_SYNTHETIC
A0002202,C000327,CURRENT,TRY,2025-07-02,OPEN,False,,CONTROLLED_SYNTHETIC
A0002203,C001298,SAVINGS,USD,2019-06-14,OPEN,False,,CONTROLLED_SYNTHETIC
A0002204,C001610,CURRENT,TRY,2021-03-22,OPEN,False,,CONTROLLED_SYNTHETIC
A0002205,C001016,CURRENT,TRY,2021-03-12,OPEN,False,,CONTROLLED_SYNTHETIC
A0002206,C000696,CURRENT,TRY,2018-11-06,OPEN,False,,CONTROLLED_SYNTHETIC
A0002207,C000542,CURRENT,TRY,2019-01-13,OPEN,False,,CONTROLLED_SYNTHETIC
A0002208,C001671,CURRENT,TRY,2015-09-14,OPEN,False,,CONTROLLED_SYNTHETIC
A0002209,C000643,CURRENT,TRY,2025-03-14,OPEN,False,,CONTROLLED_SYNTHETIC
A0002210,C001437,PAYMENT,TRY,2026-01-12,OPEN,False,,CONTROLLED_SYNTHETIC
A0002211,C001724,PAYMENT,TRY,2016-03-28,OPEN,False,,CONTROLLED_SYNTHETIC
A0002212,C000815,CURRENT,TRY,2020-08-12,OPEN,False,,CONTROLLED_SYNTHETIC
A0002213,C000689,CURRENT,TRY,2018-10-31,OPEN,False,,CONTROLLED_SYNTHETIC
A0002214,C000978,CURRENT,TRY,2020-06-29,OPEN,False,,CONTROLLED_SYNTHETIC
A0002215,C000053,BUSINESS,TRY,2023-01-29,OPEN,False,,CONTROLLED_SYNTHETIC
A0002216,C000786,SAVINGS,TRY,2022-01-16,OPEN,False,,CONTROLLED_SYNTHETIC
A0002217,C001591,SAVINGS,TRY,2015-05-03,OPEN,False,,CONTROLLED_SYNTHETIC
A0002218,C000307,SAVINGS,TRY,2022-04-16,OPEN,False,,CONTROLLED_SYNTHETIC
A0002219,C000250,SAVINGS,TRY,2020-03-06,OPEN,True,1765065600000000000,CONTROLLED_SYNTHETIC
A0002220,C000676,CURRENT,TRY,2018-05-28,OPEN,False,,CONTROLLED_SYNTHETIC
A0002221,C000324,BUSINESS,EUR,2019-12-06,OPEN,False,,CONTROLLED_SYNTHETIC
A0002222,C000391,CURRENT,TRY,2016-06-02,OPEN,False,,CONTROLLED_SYNTHETIC
A0002223,C000880,CURRENT,TRY,2022-07-14,OPEN,False,,CONTROLLED_SYNTHETIC
A0002224,C001750,PAYMENT,TRY,2019-10-20,OPEN,False,,CONTROLLED_SYNTHETIC
A0002225,C000203,CURRENT,TRY,2022-10-27,OPEN,False,,CONTROLLED_SYNTHETIC
A0002226,C001313,PAYMENT,TRY,2017-02-04,OPEN,False,,CONTROLLED_SYNTHETIC
A0002227,C000832,CURRENT,USD,2022-08-24,OPEN,False,,CONTROLLED_SYNTHETIC
A0002228,C001220,SAVINGS,TRY,2019-08-10,OPEN,False,,CONTROLLED_SYNTHETIC
A0002229,C000185,SAVINGS,TRY,2015-10-04,OPEN,False,,CONTROLLED_SYNTHETIC
A0002230,C000270,CURRENT,TRY,2020-11-12,OPEN,True,1763251200000000000,CONTROLLED_SYNTHETIC
A0002231,C001476,PAYMENT,USD,2019-06-25,OPEN,False,,CONTROLLED_SYNTHETIC
A0002232,C000019,SAVINGS,TRY,2015-05-13,OPEN,True,1757980800000000000,CONTROLLED_SYNTHETIC
A0002233,C000136,PAYMENT,TRY,2015-04-01,OPEN,False,,CONTROLLED_SYNTHETIC
A0002234,C000772,CURRENT,USD,2015-09-09,OPEN,False,,CONTROLLED_SYNTHETIC
A0002235,C000027,CURRENT,TRY,2020-11-24,OPEN,False,,CONTROLLED_SYNTHETIC
A0002236,C000886,SAVINGS,TRY,2014-12-14,OPEN,False,,CONTROLLED_SYNTHETIC
A0002237,C000821,PAYMENT,TRY,2025-12-09,OPEN,False,,CONTROLLED_SYNTHETIC
A0002238,C001027,CURRENT,TRY,2021-08-06,OPEN,False,,CONTROLLED_SYNTHETIC
A0002239,C000424,CURRENT,TRY,2025-04-25,OPEN,False,,CONTROLLED_SYNTHETIC
A0002240,C001358,PAYMENT,TRY,2023-04-27,OPEN,False,,CONTROLLED_SYNTHETIC
A0002241,C000722,SAVINGS,TRY,2020-11-17,OPEN,False,,CONTROLLED_SYNTHETIC
A0002242,C001478,CURRENT,TRY,2025-02-08,OPEN,False,,CONTROLLED_SYNTHETIC
A0002243,C000361,SAVINGS,TRY,2023-07-07,OPEN,False,,CONTROLLED_SYNTHETIC
A0002244,C001270,CURRENT,USD,2025-10-06,OPEN,False,,CONTROLLED_SYNTHETIC
A0002245,C001508,CURRENT,TRY,2017-01-25,OPEN,False,,CONTROLLED_SYNTHETIC
A0002246,C001399,SAVINGS,TRY,2023-12-15,OPEN,False,,CONTROLLED_SYNTHETIC
A0002247,C000319,BUSINESS,TRY,2019-10-31,OPEN,False,,CONTROLLED_SYNTHETIC
A0002248,C001361,SAVINGS,EUR,2019-06-23,OPEN,False,,CONTROLLED_SYNTHETIC
A0002249,C001206,BUSINESS,EUR,2020-10-23,OPEN,False,,CONTROLLED_SYNTHETIC
A0002250,C000411,SAVINGS,TRY,2018-06-18,OPEN,False,,CONTROLLED_SYNTHETIC
