customer_id,customer_label,customer_type,segment,residence_country,onboarding_channel,onboarding_date,pep_flag,synthetic_watchlist_match,occupation_risk,expected_monthly_turnover_try,expected_tx_count_30d,kyc_review_due_date,beneficial_owner_complete,source_of_funds_verified,data_class
C000001,Synthetic Customer 000001,INDIVIDUAL,MASS,TR,DIGITAL,2019-06-22,False,False,MEDIUM,135433.250000,28,2027-05-15,True,True,CONTROLLED_SYNTHETIC
C000002,Synthetic Customer 000002,CORPORATE,COMMERCIAL,TR,DIGITAL,2021-08-28,False,False,LOW,70020.380000,28,2027-04-08,True,True,CONTROLLED_SYNTHETIC
C000003,Synthetic Customer 000003,INDIVIDUAL,MASS,GB,RELATIONSHIP_MANAGER,2025-01-03,False,False,LOW,54538.100000,28,2027-09-07,True,True,CONTROLLED_SYNTHETIC
C000004,Synthetic Customer 000004,INDIVIDUAL,MASS,TR,DIGITAL,2020-10-29,False,False,LOW,15183.870000,28,2027-03-30,True,True,CONTROLLED_SYNTHETIC
C000005,Synthetic Customer 000005,INDIVIDUAL,MASS,TR,BRANCH,2020-07-21,False,False,LOW,64190.710000,27,2026-08-09,True,True,CONTROLLED_SYNTHETIC
C000006,Synthetic Customer 000006,INDIVIDUAL,MASS,TR,BRANCH,2024-01-01,True,False,LOW,131663.590000,34,2026-08-08,True,True,CONTROLLED_SYNTHETIC
C000007,Synthetic Customer 000007,CORPORATE,SME,XH,BRANCH,2023-02-24,False,False,LOW,17472.300000,40,2027-02-14,True,True,CONTROLLED_SYNTHETIC
C000008,Synthetic Customer 000008,INDIVIDUAL,AFFLUENT,TR,BRANCH,2024-05-09,False,False,LOW,38598.220000,23,2026-07-22,True,True,CONTROLLED_SYNTHETIC
C000009,Synthetic Customer 000009,INDIVIDUAL,MASS,TR,DIGITAL,2021-01-27,False,False,LOW,43924.100000,22,2026-04-11,True,False,CONTROLLED_SYNTHETIC
C000010,Synthetic Customer 000010,INDIVIDUAL,AFFLUENT,TR,RELATIONSHIP_MANAGER,2018-03-20,False,False,LOW,118800.000000,23,2026-08-08,True,True,CONTROLLED_SYNTHETIC
C000011,Synthetic Customer 000011,INDIVIDUAL,MASS,TR,DIGITAL,2024-05-31,False,False,LOW,71870.490000,31,2027-04-30,True,False,CONTROLLED_SYNTHETIC
C000012,Synthetic Customer 000012,INDIVIDUAL,MASS,TR,DIGITAL,2022-10-02,False,False,LOW,16386.350000,22,2027-08-12,True,True,CONTROLLED_SYNTHETIC
C000013,Synthetic Customer 000013,INDIVIDUAL,MASS,TR,DIGITAL,2024-11-03,False,False,LOW,291059.560000,26,2025-08-18,True,True,CONTROLLED_SYNTHETIC
C000014,Synthetic Customer 000014,INDIVIDUAL,MASS,TR,DIGITAL,2021-08-08,False,False,LOW,187349.190000,27,2027-01-29,True,True,CONTROLLED_SYNTHETIC
C000015,Synthetic Customer 000015,INDIVIDUAL,AFFLUENT,TR,DIGITAL,2021-07-21,False,False,LOW,176818.590000,29,2027-09-19,True,True,CONTROLLED_SYNTHETIC
C000016,Synthetic Customer 000016,INDIVIDUAL,MASS,TR,DIGITAL,2024-01-01,False,False,LOW,18832.660000,29,2026-07-31,True,True,CONTROLLED_SYNTHETIC
C000017,Synthetic Customer 000017,CORPORATE,SME,TR,DIGITAL,2018-12-19,False,False,MEDIUM,46957.070000,31,2027-02-09,True,True,CONTROLLED_SYNTHETIC
C000018,Synthetic Customer 000018,INDIVIDUAL,MASS,TR,BRANCH,2022-05-01,False,False,HIGH,271192.140000,26,2026-12-03,True,True,CONTROLLED_SYNTHETIC
C000019,Synthetic Customer 000019,INDIVIDUAL,MASS,TR,RELATIONSHIP_MANAGER,2025-02-13,False,False,LOW,9042.330000,29,2026-07-12,True,True,CONTROLLED_SYNTHETIC
C000020,Synthetic Customer 000020,CORPORATE,SME,TR,BRANCH,2024-12-18,False,False,MEDIUM,99044.380000,28,2026-07-07,True,True,CONTROLLED_SYNTHETIC
C000021,Synthetic Customer 000021,INDIVIDUAL,MASS,TR,BRANCH,2019-06-29,False,False,LOW,298997.340000,38,2026-07-17,True,True,CONTROLLED_SYNTHETIC
C000022,Synthetic Customer 000022,INDIVIDUAL,MASS,RS,BRANCH,2024-08-29,False,False,HIGH,280265.400000,19,2027-10-05,True,True,CONTROLLED_SYNTHETIC
C000023,Synthetic Customer 000023,INDIVIDUAL,MASS,TR,RELATIONSHIP_MANAGER,2017-05-09,False,False,LOW,33548.400000,31,2025-08-02,True,False,CONTROLLED_SYNTHETIC
C000024,Synthetic Customer 000024,CORPORATE,SME,TR,BRANCH,2024-07-26,False,False,LOW,68471.790000,31,2027-04-05,True,True,CONTROLLED_SYNTHETIC
C000025,Synthetic Customer 000025,CORPORATE,SME,RS,BRANCH,2019-07-05,False,False,LOW,109112.020000,25,2025-09-12,True,True,CONTROLLED_SYNTHETIC
C000026,Synthetic Customer 000026,INDIVIDUAL,MASS,TR,BRANCH,2017-02-06,False,False,MEDIUM,81853.350000,30,2025-12-21,True,True,CONTROLLED_SYNTHETIC
C000027,Synthetic Customer 000027,INDIVIDUAL,MASS,TR,DIGITAL,2019-04-07,False,False,MEDIUM,267125.070000,32,2027-09-30,True,True,CONTROLLED_SYNTHETIC
C000028,Synthetic Customer 000028,INDIVIDUAL,MASS,US,DIGITAL,2024-09-25,False,False,LOW,44106.480000,31,2026-08-03,True,True,CONTROLLED_SYNTHETIC
C000029,Synthetic Customer 000029,CORPORATE,SME,TR,BRANCH,2018-10-29,False,False,LOW,284350.510000,31,2027-07-06,True,True,CONTROLLED_SYNTHETIC
C000030,Synthetic Customer 000030,INDIVIDUAL,MASS,GB,DIGITAL,2019-06-08,False,False,LOW,107693.990000,28,2026-05-24,True,True,CONTROLLED_SYNTHETIC
C000031,Synthetic Customer 000031,INDIVIDUAL,AFFLUENT,GE,DIGITAL,2017-04-26,False,False,HIGH,68808.940000,31,2027-01-22,True,True,CONTROLLED_SYNTHETIC
C000032,Synthetic Customer 000032,INDIVIDUAL,AFFLUENT,US,DIGITAL,2022-07-17,False,False,MEDIUM,262689.680000,23,2027-06-21,True,False,CONTROLLED_SYNTHETIC
C000033,Synthetic Customer 000033,INDIVIDUAL,MASS,TR,DIGITAL,2023-10-24,False,False,LOW,1077494.310000,26,2025-06-30,True,True,CONTROLLED_SYNTHETIC
C000034,Synthetic Customer 000034,INDIVIDUAL,AFFLUENT,TR,DIGITAL,2025-01-29,False,False,LOW,247373.620000,35,2027-08-29,True,False,CONTROLLED_SYNTHETIC
C000035,Synthetic Customer 000035,INDIVIDUAL,MASS,TR,RELATIONSHIP_MANAGER,2020-10-05,False,False,LOW,28711.080000,25,2026-11-22,True,True,CONTROLLED_SYNTHETIC
C000036,Synthetic Customer 000036,CORPORATE,SME,TR,BRANCH,2018-05-25,False,False,HIGH,270964.520000,26,2027-01-17,True,True,CONTROLLED_SYNTHETIC
C000037,Synthetic Customer 000037,INDIVIDUAL,MASS,US,DIGITAL,2017-05-18,False,False,LOW,93639.770000,27,2026-06-17,True,True,CONTROLLED_SYNTHETIC
C000038,Synthetic Customer 000038,INDIVIDUAL,MASS,TR,BRANCH,2019-02-06,False,False,LOW,25963.140000,26,2026-09-27,True,True,CONTROLLED_SYNTHETIC
C000039,Synthetic Customer 000039,INDIVIDUAL,MASS,TR,BRANCH,2022-03-27,False,False,LOW,11241.110000,34,2025-08-19,True,True,CONTROLLED_SYNTHETIC
C000040,Synthetic Customer 000040,INDIVIDUAL,MASS,TR,DIGITAL,2020-04-20,False,False,HIGH,47154.420000,27,2026-04-06,True,True,CONTROLLED_SYNTHETIC
C000041,Synthetic Customer 000041,INDIVIDUAL,MASS,TR,DIGITAL,2026-03-02,False,False,MEDIUM,545742.360000,21,2027-03-24,True,True,CONTROLLED_SYNTHETIC
C000042,Synthetic Customer 000042,INDIVIDUAL,PRIVATE,TR,BRANCH,2018-04-29,False,False,LOW,609960.880000,31,2025-08-26,True,True,CONTROLLED_SYNTHETIC
C000043,Synthetic Customer 000043,CORPORATE,SME,TR,RELATIONSHIP_MANAGER,2023-06-19,False,False,LOW,34474.680000,21,2027-04-26,True,False,CONTROLLED_SYNTHETIC
C000044,Synthetic Customer 000044,INDIVIDUAL,MASS,TR,DIGITAL,2025-11-08,False,False,LOW,30293.850000,33,2026-11-13,True,True,CONTROLLED_SYNTHETIC
C000045,Synthetic Customer 000045,CORPORATE,COMMERCIAL,TR,BRANCH,2022-05-31,False,False,LOW,29085.210000,31,2027-09-16,True,True,CONTROLLED_SYNTHETIC
C000046,Synthetic Customer 000046,INDIVIDUAL,AFFLUENT,TR,BRANCH,2018-02-08,False,False,MEDIUM,54839.850000,28,2026-10-05,True,True,CONTROLLED_SYNTHETIC
C000047,Synthetic Customer 000047,CORPORATE,SME,TR,DIGITAL,2019-11-26,False,False,LOW,452206.420000,28,2027-04-30,True,False,CONTROLLED_SYNTHETIC
C000048,Synthetic Customer 000048,INDIVIDUAL,MASS,TR,BRANCH,2021-10-26,False,False,MEDIUM,79447.620000,25,2026-01-28,True,True,CONTROLLED_SYNTHETIC
C000049,Synthetic Customer 000049,INDIVIDUAL,MASS,TR,DIGITAL,2016-10-30,False,False,MEDIUM,522968.810000,28,2027-01-14,True,True,CONTROLLED_SYNTHETIC
C000050,Synthetic Customer 000050,INDIVIDUAL,MASS,TR,BRANCH,2022-06-10,False,False,LOW,56081.850000,23,2025-11-28,True,False,CONTROLLED_SYNTHETIC
C000051,Synthetic Customer 000051,INDIVIDUAL,MASS,TR,BRANCH,2023-08-11,False,False,MEDIUM,24109.680000,27,2025-07-15,True,True,CONTROLLED_SYNTHETIC
C000052,Synthetic Customer 000052,INDIVIDUAL,MASS,TR,BRANCH,2025-11-27,False,False,LOW,52408.190000,41,2026-09-20,True,True,CONTROLLED_SYNTHETIC
C000053,Synthetic Customer 000053,INDIVIDUAL,MASS,TR,DIGITAL,2021-06-15,False,False,LOW,57437.480000,17,2026-11-27,True,True,CONTROLLED_SYNTHETIC
C000054,Synthetic Customer 000054,INDIVIDUAL,PRIVATE,TR,DIGITAL,2025-05-27,False,False,LOW,74123.800000,23,2026-03-05,True,True,CONTROLLED_SYNTHETIC
C000055,Synthetic Customer 000055,CORPORATE,SME,TR,BRANCH,2023-11-26,False,False,LOW,68276.310000,26,2027-01-12,True,True,CONTROLLED_SYNTHETIC
C000056,Synthetic Customer 000056,INDIVIDUAL,MASS,TR,RELATIONSHIP_MANAGER,2023-11-20,False,False,LOW,8000.000000,27,2025-10-17,True,True,CONTROLLED_SYNTHETIC
C000057,Synthetic Customer 000057,CORPORATE,SME,TR,BRANCH,2016-12-14,False,False,LOW,8825.710000,32,2027-04-27,True,True,CONTROLLED_SYNTHETIC
C000058,Synthetic Customer 000058,INDIVIDUAL,MASS,TR,DIGITAL,2022-08-24,False,False,LOW,18300.020000,29,2026-12-28,True,True,CONTROLLED_SYNTHETIC
C000059,Synthetic Customer 000059,INDIVIDUAL,MASS,TR,RELATIONSHIP_MANAGER,2026-06-07,False,False,LOW,17504.250000,33,2025-08-13,True,True,CONTROLLED_SYNTHETIC
C000060,Synthetic Customer 000060,INDIVIDUAL,MASS,TR,DIGITAL,2023-08-15,False,False,MEDIUM,184680.550000,20,2026-10-10,True,True,CONTROLLED_SYNTHETIC
C000061,Synthetic Customer 000061,INDIVIDUAL,MASS,TR,DIGITAL,2017-03-19,False,False,LOW,246092.790000,32,2027-04-04,True,True,CONTROLLED_SYNTHETIC
C000062,Synthetic Customer 000062,INDIVIDUAL,MASS,TR,DIGITAL,2016-12-14,False,False,LOW,256386.720000,23,2027-09-22,True,True,CONTROLLED_SYNTHETIC
C000063,Synthetic Customer 000063,INDIVIDUAL,MASS,TR,BRANCH,2021-10-10,False,False,LOW,20396.050000,27,2026-02-13,True,False,CONTROLLED_SYNTHETIC
C000064,Synthetic Customer 000064,INDIVIDUAL,AFFLUENT,TR,BRANCH,2022-05-18,False,False,LOW,23472.930000,24,2026-04-20,True,False,CONTROLLED_SYNTHETIC
C000065,Synthetic Customer 000065,INDIVIDUAL,AFFLUENT,TR,BRANCH,2019-02-07,False,False,MEDIUM,56643.060000,38,2027-04-23,True,True,CONTROLLED_SYNTHETIC
C000066,Synthetic Customer 000066,CORPORATE,COMMERCIAL,TR,DIGITAL,2022-02-06,False,False,HIGH,169307.720000,22,2026-06-25,True,True,CONTROLLED_SYNTHETIC
C000067,Synthetic Customer 000067,INDIVIDUAL,MASS,TR,BRANCH,2023-06-26,False,False,MEDIUM,22827.910000,20,2026-09-04,True,True,CONTROLLED_SYNTHETIC
C000068,Synthetic Customer 000068,INDIVIDUAL,MASS,TR,BRANCH,2020-05-01,False,False,LOW,25363.080000,28,2026-04-29,True,True,CONTROLLED_SYNTHETIC
C000069,Synthetic Customer 000069,CORPORATE,COMMERCIAL,TR,BRANCH,2022-03-27,True,False,LOW,85061.340000,32,2027-07-04,True,True,CONTROLLED_SYNTHETIC
C000070,Synthetic Customer 000070,INDIVIDUAL,MASS,TR,DIGITAL,2024-07-14,False,False,LOW,16137.580000,25,2026-03-15,True,True,CONTROLLED_SYNTHETIC
C000071,Synthetic Customer 000071,INDIVIDUAL,MASS,DE,BRANCH,2025-03-19,False,False,LOW,23331.210000,35,2025-08-20,True,True,CONTROLLED_SYNTHETIC
C000072,Synthetic Customer 000072,CORPORATE,SME,TR,BRANCH,2021-11-24,False,False,LOW,20897.180000,28,2027-06-04,True,True,CONTROLLED_SYNTHETIC
C000073,Synthetic Customer 000073,CORPORATE,SME,TR,BRANCH,2022-01-03,False,False,MEDIUM,406289.990000,28,2027-09-23,True,True,CONTROLLED_SYNTHETIC
C000074,Synthetic Customer 000074,CORPORATE,SME,TR,DIGITAL,2023-03-16,False,False,MEDIUM,81101.360000,37,2026-08-14,True,True,CONTROLLED_SYNTHETIC
C000075,Synthetic Customer 000075,INDIVIDUAL,AFFLUENT,TR,DIGITAL,2024-05-06,False,False,LOW,101692.050000,32,2027-04-12,True,True,CONTROLLED_SYNTHETIC
C000076,Synthetic Customer 000076,CORPORATE,COMMERCIAL,TR,BRANCH,2020-10-23,False,False,MEDIUM,35795.730000,22,2025-07-24,True,True,CONTROLLED_SYNTHETIC
C000077,Synthetic Customer 000077,INDIVIDUAL,MASS,TR,BRANCH,2017-04-19,False,False,MEDIUM,44149.750000,30,2026-12-22,True,True,CONTROLLED_SYNTHETIC
C000078,Synthetic Customer 000078,INDIVIDUAL,MASS,TR,DIGITAL,2020-08-11,False,False,HIGH,51635.720000,23,2026-05-06,True,True,CONTROLLED_SYNTHETIC
C000079,Synthetic Customer 000079,INDIVIDUAL,PRIVATE,TR,BRANCH,2021-05-04,False,False,LOW,92543.810000,27,2027-02-04,True,True,CONTROLLED_SYNTHETIC
C000080,Synthetic Customer 000080,INDIVIDUAL,MASS,TR,BRANCH,2019-02-27,True,False,LOW,190114.930000,26,2027-04-02,True,True,CONTROLLED_SYNTHETIC
C000081,Synthetic Customer 000081,INDIVIDUAL,MASS,TR,DIGITAL,2019-09-24,False,False,MEDIUM,20766.640000,34,2027-09-25,True,True,CONTROLLED_SYNTHETIC
C000082,Synthetic Customer 000082,CORPORATE,COMMERCIAL,RS,BRANCH,2018-12-25,False,False,HIGH,10936.830000,31,2026-11-06,True,True,CONTROLLED_SYNTHETIC
C000083,Synthetic Customer 000083,INDIVIDUAL,AFFLUENT,TR,BRANCH,2019-10-11,False,False,MEDIUM,20335.410000,27,2026-04-06,True,True,CONTROLLED_SYNTHETIC
C000084,Synthetic Customer 000084,CORPORATE,SME,TR,BRANCH,2019-07-20,False,False,MEDIUM,116806.840000,32,2026-04-27,True,True,CONTROLLED_SYNTHETIC
C000085,Synthetic Customer 000085,CORPORATE,SME,TR,DIGITAL,2022-05-13,False,False,LOW,776134.810000,27,2027-02-24,True,True,CONTROLLED_SYNTHETIC
C000086,Synthetic Customer 000086,INDIVIDUAL,MASS,TR,DIGITAL,2017-03-27,False,False,MEDIUM,51799.370000,30,2025-08-31,True,True,CONTROLLED_SYNTHETIC
C000087,Synthetic Customer 000087,CORPORATE,SME,TR,RELATIONSHIP_MANAGER,2024-02-13,False,False,HIGH,15142.970000,23,2025-11-18,True,True,CONTROLLED_SYNTHETIC
C000088,Synthetic Customer 000088,INDIVIDUAL,MASS,TR,BRANCH,2022-07-31,False,False,LOW,127417.940000,31,2026-12-24,True,True,CONTROLLED_SYNTHETIC
C000089,Synthetic Customer 000089,INDIVIDUAL,MASS,TR,DIGITAL,2017-07-15,False,False,LOW,143170.280000,26,2027-06-17,True,True,CONTROLLED_SYNTHETIC
C000090,Synthetic Customer 000090,INDIVIDUAL,MASS,US,DIGITAL,2018-10-27,False,False,MEDIUM,70802.920000,25,2026-10-05,True,True,CONTROLLED_SYNTHETIC
C000091,Synthetic Customer 000091,INDIVIDUAL,AFFLUENT,AE,BRANCH,2018-10-05,False,False,LOW,14920.240000,23,2025-08-21,True,True,CONTROLLED_SYNTHETIC
C000092,Synthetic Customer 000092,INDIVIDUAL,MASS,TR,BRANCH,2016-12-27,False,False,HIGH,154011.430000,31,2025-09-18,True,True,CONTROLLED_SYNTHETIC
C000093,Synthetic Customer 000093,INDIVIDUAL,MASS,TR,BRANCH,2021-11-04,False,False,MEDIUM,62830.940000,27,2025-09-25,True,True,CONTROLLED_SYNTHETIC
C000094,Synthetic Customer 000094,INDIVIDUAL,MASS,AE,RELATIONSHIP_MANAGER,2019-12-26,False,False,LOW,17796.600000,25,2027-07-31,True,True,CONTROLLED_SYNTHETIC
C000095,Synthetic Customer 000095,INDIVIDUAL,MASS,AE,BRANCH,2023-11-14,False,False,LOW,79566.510000,24,2026-02-15,True,True,CONTROLLED_SYNTHETIC
C000096,Synthetic Customer 000096,INDIVIDUAL,MASS,TR,BRANCH,2024-06-24,False,False,LOW,46628.600000,19,2026-10-08,True,True,CONTROLLED_SYNTHETIC
C000097,Synthetic Customer 000097,INDIVIDUAL,AFFLUENT,TR,BRANCH,2020-10-29,False,False,MEDIUM,39405.800000,22,2025-10-10,True,True,CONTROLLED_SYNTHETIC
C000098,Synthetic Customer 000098,INDIVIDUAL,MASS,TR,BRANCH,2019-03-01,False,False,LOW,8000.000000,24,2025-08-28,True,True,CONTROLLED_SYNTHETIC
C000099,Synthetic Customer 000099,INDIVIDUAL,AFFLUENT,AE,BRANCH,2023-12-30,False,False,LOW,246033.180000,31,2025-08-19,True,True,CONTROLLED_SYNTHETIC
C000100,Synthetic Customer 000100,INDIVIDUAL,MASS,GE,BRANCH,2018-09-15,False,False,LOW,97844.260000,28,2026-08-04,True,True,CONTROLLED_SYNTHETIC
C000101,Synthetic Customer 000101,CORPORATE,SME,TR,BRANCH,2023-11-21,False,False,LOW,369896.470000,41,2025-11-08,True,True,CONTROLLED_SYNTHETIC
C000102,Synthetic Customer 000102,INDIVIDUAL,MASS,TR,BRANCH,2024-07-18,False,False,LOW,740736.980000,33,2027-03-08,True,True,CONTROLLED_SYNTHETIC
C000103,Synthetic Customer 000103,CORPORATE,SME,TR,BRANCH,2025-11-04,False,False,LOW,52750.020000,37,2025-07-04,True,True,CONTROLLED_SYNTHETIC
C000104,Synthetic Customer 000104,INDIVIDUAL,MASS,TR,DIGITAL,2017-02-25,False,False,MEDIUM,20689.950000,26,2026-12-17,True,True,CONTROLLED_SYNTHETIC
C000105,Synthetic Customer 000105,INDIVIDUAL,MASS,TR,BRANCH,2026-05-16,False,False,LOW,48358.250000,30,2027-01-21,True,True,CONTROLLED_SYNTHETIC
C000106,Synthetic Customer 000106,INDIVIDUAL,MASS,RS,BRANCH,2020-09-12,False,False,LOW,199334.700000,26,2027-06-17,True,True,CONTROLLED_SYNTHETIC
C000107,Synthetic Customer 000107,CORPORATE,COMMERCIAL,TR,DIGITAL,2018-01-10,False,False,MEDIUM,41113.250000,23,2025-12-24,True,True,CONTROLLED_SYNTHETIC
C000108,Synthetic Customer 000108,INDIVIDUAL,MASS,TR,DIGITAL,2022-11-30,False,False,LOW,63222.830000,27,2027-08-24,True,True,CONTROLLED_SYNTHETIC
C000109,Synthetic Customer 000109,INDIVIDUAL,MASS,GB,DIGITAL,2020-07-09,False,False,MEDIUM,229822.390000,26,2026-07-14,True,True,CONTROLLED_SYNTHETIC
C000110,Synthetic Customer 000110,INDIVIDUAL,MASS,TR,BRANCH,2025-10-26,False,False,LOW,191389.870000,34,2026-08-17,True,False,CONTROLLED_SYNTHETIC
C000111,Synthetic Customer 000111,CORPORATE,SME,TR,BRANCH,2022-11-26,False,False,LOW,36198.840000,29,2025-11-06,True,True,CONTROLLED_SYNTHETIC
C000112,Synthetic Customer 000112,INDIVIDUAL,AFFLUENT,TR,DIGITAL,2024-08-11,False,False,MEDIUM,18981.330000,29,2026-12-26,True,True,CONTROLLED_SYNTHETIC
C000113,Synthetic Customer 000113,INDIVIDUAL,MASS,TR,DIGITAL,2024-11-09,False,False,LOW,79864.810000,17,2026-02-17,True,True,CONTROLLED_SYNTHETIC
C000114,Synthetic Customer 000114,INDIVIDUAL,MASS,GE,BRANCH,2024-05-07,False,False,LOW,771897.950000,26,2026-10-26,True,True,CONTROLLED_SYNTHETIC
C000115,Synthetic Customer 000115,INDIVIDUAL,AFFLUENT,TR,DIGITAL,2021-07-06,False,False,LOW,44044.150000,28,2026-12-22,True,True,CONTROLLED_SYNTHETIC
C000116,Synthetic Customer 000116,INDIVIDUAL,AFFLUENT,RS,RELATIONSHIP_MANAGER,2017-07-25,False,False,MEDIUM,8000.000000,29,2026-05-20,True,True,CONTROLLED_SYNTHETIC
C000117,Synthetic Customer 000117,INDIVIDUAL,MASS,TR,DIGITAL,2021-12-31,False,False,LOW,27427.580000,28,2026-02-21,True,True,CONTROLLED_SYNTHETIC
C000118,Synthetic Customer 000118,INDIVIDUAL,MASS,TR,RELATIONSHIP_MANAGER,2017-12-23,False,False,LOW,188206.920000,28,2025-07-21,True,True,CONTROLLED_SYNTHETIC
C000119,Synthetic Customer 000119,INDIVIDUAL,AFFLUENT,TR,DIGITAL,2018-04-07,False,False,LOW,404397.780000,36,2026-07-06,True,True,CONTROLLED_SYNTHETIC
C000120,Synthetic Customer 000120,INDIVIDUAL,AFFLUENT,TR,BRANCH,2022-01-17,False,False,LOW,60403.440000,22,2026-01-13,True,True,CONTROLLED_SYNTHETIC
C000121,Synthetic Customer 000121,INDIVIDUAL,MASS,TR,DIGITAL,2023-01-01,False,False,LOW,408615.420000,35,2026-01-29,True,True,CONTROLLED_SYNTHETIC
C000122,Synthetic Customer 000122,INDIVIDUAL,MASS,TR,BRANCH,2022-06-03,False,False,LOW,38262.280000,20,2027-05-28,True,False,CONTROLLED_SYNTHETIC
C000123,Synthetic Customer 000123,CORPORATE,SME,TR,BRANCH,2017-03-29,False,False,HIGH,8000.000000,24,2026-08-02,True,True,CONTROLLED_SYNTHETIC
C000124,Synthetic Customer 000124,INDIVIDUAL,MASS,TR,DIGITAL,2019-03-27,False,False,LOW,340132.890000,27,2026-02-19,True,True,CONTROLLED_SYNTHETIC
C000125,Synthetic Customer 000125,CORPORATE,SME,TR,RELATIONSHIP_MANAGER,2019-04-15,False,False,LOW,20807.690000,29,2026-11-10,True,True,CONTROLLED_SYNTHETIC
C000126,Synthetic Customer 000126,INDIVIDUAL,MASS,TR,DIGITAL,2020-09-30,False,False,MEDIUM,106744.930000,28,2027-02-26,True,True,CONTROLLED_SYNTHETIC
C000127,Synthetic Customer 000127,INDIVIDUAL,AFFLUENT,TR,RELATIONSHIP_MANAGER,2025-06-21,False,False,LOW,1268074.870000,28,2027-06-03,True,True,CONTROLLED_SYNTHETIC
C000128,Synthetic Customer 000128,INDIVIDUAL,AFFLUENT,TR,DIGITAL,2021-05-23,False,False,MEDIUM,75829.460000,25,2027-05-06,True,True,CONTROLLED_SYNTHETIC
C000129,Synthetic Customer 000129,CORPORATE,SME,TR,DIGITAL,2024-02-13,False,False,MEDIUM,93217.330000,31,2026-10-19,True,True,CONTROLLED_SYNTHETIC
C000130,Synthetic Customer 000130,CORPORATE,COMMERCIAL,TR,RELATIONSHIP_MANAGER,2026-03-23,False,False,MEDIUM,28004.220000,28,2026-01-09,True,True,CONTROLLED_SYNTHETIC
C000131,Synthetic Customer 000131,INDIVIDUAL,MASS,TR,DIGITAL,2019-09-18,False,False,HIGH,9916.660000,21,2026-07-30,True,True,CONTROLLED_SYNTHETIC
C000132,Synthetic Customer 000132,INDIVIDUAL,MASS,AE,BRANCH,2024-07-23,False,False,LOW,40784.010000,24,2025-11-27,True,True,CONTROLLED_SYNTHETIC
C000133,Synthetic Customer 000133,CORPORATE,SME,GE,RELATIONSHIP_MANAGER,2021-09-05,False,False,MEDIUM,509547.220000,27,2026-08-03,True,True,CONTROLLED_SYNTHETIC
C000134,Synthetic Customer 000134,INDIVIDUAL,MASS,RS,BRANCH,2023-10-28,False,False,LOW,123063.990000,33,2025-07-03,True,True,CONTROLLED_SYNTHETIC
C000135,Synthetic Customer 000135,INDIVIDUAL,MASS,TR,DIGITAL,2025-10-13,False,False,LOW,45340.560000,26,2027-08-06,True,True,CONTROLLED_SYNTHETIC
C000136,Synthetic Customer 000136,INDIVIDUAL,AFFLUENT,TR,BRANCH,2019-04-23,False,False,MEDIUM,65003.940000,25,2026-05-25,True,True,CONTROLLED_SYNTHETIC
C000137,Synthetic Customer 000137,INDIVIDUAL,MASS,TR,DIGITAL,2025-10-26,False,False,LOW,72322.820000,32,2026-07-18,True,True,CONTROLLED_SYNTHETIC
C000138,Synthetic Customer 000138,INDIVIDUAL,AFFLUENT,TR,DIGITAL,2019-12-18,False,False,LOW,371036.740000,26,2027-01-18,True,True,CONTROLLED_SYNTHETIC
C000139,Synthetic Customer 000139,INDIVIDUAL,MASS,TR,DIGITAL,2026-01-31,True,False,LOW,9695.630000,32,2026-08-01,True,True,CONTROLLED_SYNTHETIC
C000140,Synthetic Customer 000140,INDIVIDUAL,MASS,GB,BRANCH,2021-04-22,False,False,MEDIUM,68780.940000,32,2025-11-08,True,True,CONTROLLED_SYNTHETIC
C000141,Synthetic Customer 000141,CORPORATE,SME,TR,DIGITAL,2019-08-19,False,False,LOW,207979.740000,28,2025-09-06,True,True,CONTROLLED_SYNTHETIC
C000142,Synthetic Customer 000142,INDIVIDUAL,MASS,TR,DIGITAL,2023-01-14,False,False,LOW,13159.340000,30,2027-02-28,True,True,CONTROLLED_SYNTHETIC
C000143,Synthetic Customer 000143,INDIVIDUAL,MASS,TR,RELATIONSHIP_MANAGER,2017-04-29,False,False,MEDIUM,412068.450000,27,2025-10-15,True,True,CONTROLLED_SYNTHETIC
C000144,Synthetic Customer 000144,INDIVIDUAL,MASS,TR,DIGITAL,2020-06-30,False,False,LOW,69793.240000,21,2027-05-08,True,True,CONTROLLED_SYNTHETIC
C000145,Synthetic Customer 000145,INDIVIDUAL,AFFLUENT,TR,BRANCH,2023-09-06,False,False,LOW,275570.660000,30,2025-07-21,True,True,CONTROLLED_SYNTHETIC
C000146,Synthetic Customer 000146,INDIVIDUAL,MASS,TR,BRANCH,2025-03-06,False,False,LOW,87351.210000,29,2027-01-21,True,True,CONTROLLED_SYNTHETIC
C000147,Synthetic Customer 000147,CORPORATE,SME,TR,RELATIONSHIP_MANAGER,2023-03-06,False,False,LOW,239378.360000,28,2025-08-01,True,True,CONTROLLED_SYNTHETIC
C000148,Synthetic Customer 000148,INDIVIDUAL,MASS,TR,DIGITAL,2025-01-28,False,False,LOW,43008.470000,25,2027-02-15,True,True,CONTROLLED_SYNTHETIC
C000149,Synthetic Customer 000149,INDIVIDUAL,MASS,TR,BRANCH,2022-07-22,False,False,MEDIUM,36803.610000,24,2027-06-11,True,True,CONTROLLED_SYNTHETIC
C000150,Synthetic Customer 000150,INDIVIDUAL,MASS,TR,BRANCH,2020-04-01,False,False,MEDIUM,283643.720000,27,2027-09-10,True,True,CONTROLLED_SYNTHETIC
C000151,Synthetic Customer 000151,INDIVIDUAL,MASS,TR,BRANCH,2018-05-03,False,False,MEDIUM,24297.660000,35,2027-02-14,True,True,CONTROLLED_SYNTHETIC
C000152,Synthetic Customer 000152,INDIVIDUAL,MASS,DE,BRANCH,2022-10-27,False,False,LOW,132043.250000,35,2027-05-24,True,True,CONTROLLED_SYNTHETIC
C000153,Synthetic Customer 000153,CORPORATE,SME,TR,BRANCH,2018-06-12,False,False,MEDIUM,14086.470000,30,2025-09-07,True,False,CONTROLLED_SYNTHETIC
C000154,Synthetic Customer 000154,INDIVIDUAL,MASS,TR,BRANCH,2024-10-07,True,False,LOW,8000.000000,19,2027-03-07,True,True,CONTROLLED_SYNTHETIC
C000155,Synthetic Customer 000155,CORPORATE,SME,TR,BRANCH,2026-04-01,False,False,LOW,50728.670000,25,2026-10-15,True,True,CONTROLLED_SYNTHETIC
C000156,Synthetic Customer 000156,INDIVIDUAL,MASS,TR,BRANCH,2018-02-25,False,False,MEDIUM,22070.180000,24,2025-07-23,True,True,CONTROLLED_SYNTHETIC
C000157,Synthetic Customer 000157,CORPORATE,COMMERCIAL,TR,RELATIONSHIP_MANAGER,2019-07-10,False,False,LOW,71829.900000,21,2027-02-09,True,True,CONTROLLED_SYNTHETIC
C000158,Synthetic Customer 000158,INDIVIDUAL,MASS,TR,BRANCH,2023-10-28,False,False,MEDIUM,181947.670000,42,2025-10-31,True,True,CONTROLLED_SYNTHETIC
C000159,Synthetic Customer 000159,CORPORATE,COMMERCIAL,TR,BRANCH,2020-04-20,False,False,MEDIUM,407911.280000,28,2025-10-28,True,True,CONTROLLED_SYNTHETIC
C000160,Synthetic Customer 000160,INDIVIDUAL,AFFLUENT,TR,BRANCH,2021-05-22,False,False,LOW,15412.180000,21,2026-10-01,True,True,CONTROLLED_SYNTHETIC
C000161,Synthetic Customer 000161,INDIVIDUAL,MASS,RS,DIGITAL,2017-01-07,False,False,LOW,66306.980000,34,2027-02-08,True,True,CONTROLLED_SYNTHETIC
C000162,Synthetic Customer 000162,INDIVIDUAL,MASS,TR,DIGITAL,2023-06-12,False,False,LOW,63671.970000,28,2026-04-08,True,True,CONTROLLED_SYNTHETIC
C000163,Synthetic Customer 000163,INDIVIDUAL,AFFLUENT,TR,BRANCH,2019-08-28,False,False,LOW,38203.290000,28,2027-03-15,True,True,CONTROLLED_SYNTHETIC
C000164,Synthetic Customer 000164,INDIVIDUAL,PRIVATE,TR,BRANCH,2023-04-26,False,False,LOW,66943.580000,26,2026-12-27,True,True,CONTROLLED_SYNTHETIC
C000165,Synthetic Customer 000165,INDIVIDUAL,MASS,TR,DIGITAL,2023-02-20,False,False,LOW,101053.640000,33,2027-02-14,True,True,CONTROLLED_SYNTHETIC
C000166,Synthetic Customer 000166,INDIVIDUAL,MASS,TR,DIGITAL,2021-02-03,False,False,LOW,45613.720000,28,2026-11-05,True,True,CONTROLLED_SYNTHETIC
C000167,Synthetic Customer 000167,INDIVIDUAL,MASS,AE,BRANCH,2017-08-29,False,False,MEDIUM,116804.100000,29,2027-09-30,True,True,CONTROLLED_SYNTHETIC
C000168,Synthetic Customer 000168,INDIVIDUAL,MASS,TR,BRANCH,2017-04-03,False,False,LOW,145468.140000,23,2026-04-23,True,True,CONTROLLED_SYNTHETIC
C000169,Synthetic Customer 000169,INDIVIDUAL,MASS,TR,BRANCH,2023-05-27,False,False,LOW,210200.100000,29,2026-08-16,True,True,CONTROLLED_SYNTHETIC
C000170,Synthetic Customer 000170,INDIVIDUAL,MASS,GB,DIGITAL,2020-11-08,False,False,MEDIUM,313751.810000,30,2027-01-25,True,True,CONTROLLED_SYNTHETIC
C000171,Synthetic Customer 000171,INDIVIDUAL,MASS,TR,DIGITAL,2021-07-11,False,False,HIGH,77472.620000,30,2025-10-15,True,True,CONTROLLED_SYNTHETIC
C000172,Synthetic Customer 000172,CORPORATE,SME,TR,RELATIONSHIP_MANAGER,2023-02-24,False,False,LOW,168201.120000,32,2025-12-30,True,True,CONTROLLED_SYNTHETIC
C000173,Synthetic Customer 000173,INDIVIDUAL,MASS,TR,BRANCH,2022-05-10,False,False,MEDIUM,84315.480000,24,2027-09-26,True,True,CONTROLLED_SYNTHETIC
C000174,Synthetic Customer 000174,INDIVIDUAL,MASS,TR,BRANCH,2022-11-28,True,False,MEDIUM,26752.820000,22,2027-09-06,True,True,CONTROLLED_SYNTHETIC
C000175,Synthetic Customer 000175,INDIVIDUAL,MASS,TR,BRANCH,2021-09-01,False,False,LOW,18211.140000,22,2027-05-16,True,True,CONTROLLED_SYNTHETIC
C000176,Synthetic Customer 000176,INDIVIDUAL,AFFLUENT,TR,RELATIONSHIP_MANAGER,2026-04-09,False,False,LOW,36041.240000,34,2027-03-18,True,True,CONTROLLED_SYNTHETIC
C000177,Synthetic Customer 000177,INDIVIDUAL,MASS,TR,DIGITAL,2022-10-11,True,False,LOW,49543.010000,29,2026-06-23,True,True,CONTROLLED_SYNTHETIC
C000178,Synthetic Customer 000178,INDIVIDUAL,MASS,TR,DIGITAL,2026-05-25,False,False,MEDIUM,352030.290000,23,2026-08-01,True,True,CONTROLLED_SYNTHETIC
C000179,Synthetic Customer 000179,CORPORATE,SME,TR,DIGITAL,2026-05-18,False,False,MEDIUM,62705.930000,34,2026-05-30,True,True,CONTROLLED_SYNTHETIC
C000180,Synthetic Customer 000180,INDIVIDUAL,MASS,TR,DIGITAL,2024-12-08,False,False,MEDIUM,228697.500000,31,2025-09-13,True,True,CONTROLLED_SYNTHETIC
C000181,Synthetic Customer 000181,CORPORATE,SME,RS,BRANCH,2024-12-23,True,False,LOW,119057.500000,35,2027-01-06,True,True,CONTROLLED_SYNTHETIC
C000182,Synthetic Customer 000182,INDIVIDUAL,MASS,TR,BRANCH,2025-02-13,False,False,LOW,34333.640000,24,2027-01-24,True,True,CONTROLLED_SYNTHETIC
C000183,Synthetic Customer 000183,INDIVIDUAL,MASS,TR,DIGITAL,2025-08-21,False,False,LOW,25261.710000,30,2026-10-16,True,True,CONTROLLED_SYNTHETIC
C000184,Synthetic Customer 000184,CORPORATE,COMMERCIAL,DE,BRANCH,2022-09-19,False,False,LOW,66076.230000,29,2025-07-18,True,True,CONTROLLED_SYNTHETIC
C000185,Synthetic Customer 000185,CORPORATE,SME,RS,BRANCH,2025-05-30,False,False,MEDIUM,51342.690000,26,2026-06-23,False,False,CONTROLLED_SYNTHETIC
C000186,Synthetic Customer 000186,INDIVIDUAL,PRIVATE,TR,RELATIONSHIP_MANAGER,2016-10-27,False,False,LOW,263347.090000,24,2026-07-01,True,True,CONTROLLED_SYNTHETIC
C000187,Synthetic Customer 000187,INDIVIDUAL,MASS,TR,DIGITAL,2022-01-30,False,False,MEDIUM,179578.830000,24,2026-12-30,True,True,CONTROLLED_SYNTHETIC
C000188,Synthetic Customer 000188,INDIVIDUAL,MASS,TR,DIGITAL,2021-10-21,False,False,LOW,30537.960000,30,2027-09-24,True,True,CONTROLLED_SYNTHETIC
C000189,Synthetic Customer 000189,CORPORATE,COMMERCIAL,TR,DIGITAL,2024-10-23,False,False,LOW,49596.380000,28,2026-01-08,True,True,CONTROLLED_SYNTHETIC
C000190,Synthetic Customer 000190,INDIVIDUAL,MASS,TR,BRANCH,2023-04-15,False,False,MEDIUM,389503.370000,38,2027-03-25,True,True,CONTROLLED_SYNTHETIC
C000191,Synthetic Customer 000191,CORPORATE,SME,TR,DIGITAL,2021-11-11,False,False,HIGH,42813.860000,34,2026-08-18,True,True,CONTROLLED_SYNTHETIC
C000192,Synthetic Customer 000192,INDIVIDUAL,MASS,TR,DIGITAL,2016-12-16,False,False,LOW,69223.890000,30,2026-12-03,True,True,CONTROLLED_SYNTHETIC
C000193,Synthetic Customer 000193,INDIVIDUAL,MASS,TR,DIGITAL,2018-05-31,False,False,LOW,8000.000000,26,2027-01-19,True,True,CONTROLLED_SYNTHETIC
C000194,Synthetic Customer 000194,INDIVIDUAL,AFFLUENT,DE,DIGITAL,2020-04-14,False,False,MEDIUM,65116.870000,29,2026-08-25,True,True,CONTROLLED_SYNTHETIC
C000195,Synthetic Customer 000195,INDIVIDUAL,MASS,TR,BRANCH,2023-07-22,False,False,LOW,23655.000000,30,2025-06-27,True,True,CONTROLLED_SYNTHETIC
C000196,Synthetic Customer 000196,INDIVIDUAL,MASS,TR,BRANCH,2017-10-03,False,False,LOW,70115.280000,32,2025-11-14,True,True,CONTROLLED_SYNTHETIC
C000197,Synthetic Customer 000197,INDIVIDUAL,MASS,TR,DIGITAL,2024-10-16,False,False,MEDIUM,59787.970000,32,2026-05-12,True,True,CONTROLLED_SYNTHETIC
C000198,Synthetic Customer 000198,INDIVIDUAL,MASS,US,DIGITAL,2022-11-29,False,False,LOW,390634.450000,33,2027-05-10,True,True,CONTROLLED_SYNTHETIC
C000199,Synthetic Customer 000199,INDIVIDUAL,MASS,TR,DIGITAL,2020-09-03,False,False,MEDIUM,441360.750000,19,2026-07-02,True,True,CONTROLLED_SYNTHETIC
C000200,Synthetic Customer 000200,CORPORATE,COMMERCIAL,TR,BRANCH,2017-09-26,False,False,LOW,108804.730000,30,2025-11-12,True,True,CONTROLLED_SYNTHETIC
C000201,Synthetic Customer 000201,INDIVIDUAL,MASS,TR,DIGITAL,2022-09-08,False,False,HIGH,18260.960000,27,2026-02-21,True,True,CONTROLLED_SYNTHETIC
C000202,Synthetic Customer 000202,CORPORATE,SME,TR,BRANCH,2019-02-28,False,False,LOW,416606.750000,26,2026-04-16,True,True,CONTROLLED_SYNTHETIC
C000203,Synthetic Customer 000203,INDIVIDUAL,MASS,TR,BRANCH,2017-06-02,False,False,LOW,761512.890000,35,2025-11-16,True,True,CONTROLLED_SYNTHETIC
C000204,Synthetic Customer 000204,CORPORATE,COMMERCIAL,TR,BRANCH,2024-02-23,True,False,LOW,337270.190000,31,2025-07-23,True,True,CONTROLLED_SYNTHETIC
C000205,Synthetic Customer 000205,INDIVIDUAL,MASS,TR,RELATIONSHIP_MANAGER,2017-05-12,False,False,LOW,25303.000000,28,2026-08-09,True,True,CONTROLLED_SYNTHETIC
C000206,Synthetic Customer 000206,INDIVIDUAL,MASS,TR,DIGITAL,2021-01-11,False,False,MEDIUM,56532.650000,25,2027-09-05,True,True,CONTROLLED_SYNTHETIC
C000207,Synthetic Customer 000207,CORPORATE,SME,TR,BRANCH,2022-08-18,False,False,LOW,154354.460000,31,2026-05-28,True,True,CONTROLLED_SYNTHETIC
C000208,Synthetic Customer 000208,INDIVIDUAL,PRIVATE,RS,BRANCH,2024-05-05,False,False,LOW,224321.390000,30,2025-11-21,True,True,CONTROLLED_SYNTHETIC
C000209,Synthetic Customer 000209,INDIVIDUAL,MASS,TR,RELATIONSHIP_MANAGER,2022-09-15,False,False,LOW,130879.250000,25,2025-08-05,True,True,CONTROLLED_SYNTHETIC
C000210,Synthetic Customer 000210,INDIVIDUAL,MASS,TR,RELATIONSHIP_MANAGER,2017-10-11,False,False,MEDIUM,77954.950000,26,2025-11-11,True,False,CONTROLLED_SYNTHETIC
C000211,Synthetic Customer 000211,CORPORATE,COMMERCIAL,US,DIGITAL,2017-08-28,False,False,HIGH,85510.850000,38,2026-05-14,True,False,CONTROLLED_SYNTHETIC
C000212,Synthetic Customer 000212,INDIVIDUAL,MASS,TR,BRANCH,2018-12-10,False,False,LOW,26115.030000,33,2025-09-09,True,True,CONTROLLED_SYNTHETIC
C000213,Synthetic Customer 000213,INDIVIDUAL,AFFLUENT,TR,DIGITAL,2022-07-29,False,False,LOW,787288.630000,36,2027-06-13,True,True,CONTROLLED_SYNTHETIC
C000214,Synthetic Customer 000214,INDIVIDUAL,MASS,TR,BRANCH,2025-10-25,False,False,LOW,8000.000000,36,2026-12-31,True,True,CONTROLLED_SYNTHETIC
C000215,Synthetic Customer 000215,INDIVIDUAL,MASS,TR,BRANCH,2017-11-13,False,False,MEDIUM,28329.370000,34,2026-03-24,True,True,CONTROLLED_SYNTHETIC
C000216,Synthetic Customer 000216,INDIVIDUAL,MASS,TR,DIGITAL,2019-10-20,False,False,MEDIUM,65852.550000,23,2025-08-22,True,True,CONTROLLED_SYNTHETIC
C000217,Synthetic Customer 000217,INDIVIDUAL,AFFLUENT,TR,DIGITAL,2017-02-11,False,False,LOW,84933.230000,31,2025-07-27,True,True,CONTROLLED_SYNTHETIC
C000218,Synthetic Customer 000218,INDIVIDUAL,MASS,AE,DIGITAL,2017-07-03,False,False,LOW,23272.950000,37,2026-10-01,True,True,CONTROLLED_SYNTHETIC
C000219,Synthetic Customer 000219,INDIVIDUAL,AFFLUENT,TR,DIGITAL,2017-11-16,False,False,LOW,497531.420000,31,2027-05-01,True,True,CONTROLLED_SYNTHETIC
C000220,Synthetic Customer 000220,CORPORATE,SME,AE,DIGITAL,2016-12-16,False,False,LOW,37654.940000,27,2025-07-23,True,True,CONTROLLED_SYNTHETIC
C000221,Synthetic Customer 000221,INDIVIDUAL,MASS,TR,DIGITAL,2024-06-20,False,False,MEDIUM,87061.460000,34,2026-09-10,True,True,CONTROLLED_SYNTHETIC
C000222,Synthetic Customer 000222,INDIVIDUAL,MASS,TR,DIGITAL,2025-07-19,False,False,LOW,8000.000000,28,2026-05-01,True,True,CONTROLLED_SYNTHETIC
C000223,Synthetic Customer 000223,INDIVIDUAL,MASS,TR,BRANCH,2025-12-14,False,False,HIGH,178637.310000,28,2026-11-20,True,True,CONTROLLED_SYNTHETIC
C000224,Synthetic Customer 000224,CORPORATE,SME,AE,DIGITAL,2020-07-31,False,False,MEDIUM,8607.050000,36,2027-05-20,False,True,CONTROLLED_SYNTHETIC
C000225,Synthetic Customer 000225,INDIVIDUAL,MASS,TR,BRANCH,2019-07-14,False,False,LOW,33475.210000,36,2027-02-26,True,True,CONTROLLED_SYNTHETIC
C000226,Synthetic Customer 000226,CORPORATE,SME,TR,DIGITAL,2026-05-30,False,False,LOW,114589.110000,25,2027-03-02,True,True,CONTROLLED_SYNTHETIC
C000227,Synthetic Customer 000227,INDIVIDUAL,AFFLUENT,US,DIGITAL,2023-05-06,True,False,LOW,88259.160000,33,2026-02-16,True,True,CONTROLLED_SYNTHETIC
C000228,Synthetic Customer 000228,INDIVIDUAL,MASS,TR,BRANCH,2018-03-22,False,False,MEDIUM,28343.990000,25,2025-08-14,True,True,CONTROLLED_SYNTHETIC
C000229,Synthetic Customer 000229,INDIVIDUAL,AFFLUENT,TR,BRANCH,2023-04-17,False,False,HIGH,25948.980000,20,2026-08-03,True,True,CONTROLLED_SYNTHETIC
C000230,Synthetic Customer 000230,INDIVIDUAL,MASS,TR,BRANCH,2024-06-12,False,False,LOW,218190.400000,32,2027-02-26,True,True,CONTROLLED_SYNTHETIC
C000231,Synthetic Customer 000231,CORPORATE,SME,AE,DIGITAL,2023-07-08,False,False,MEDIUM,46097.230000,19,2025-12-05,True,True,CONTROLLED_SYNTHETIC
C000232,Synthetic Customer 000232,INDIVIDUAL,MASS,GE,DIGITAL,2024-06-03,False,False,LOW,47079.970000,41,2027-06-06,True,True,CONTROLLED_SYNTHETIC
C000233,Synthetic Customer 000233,INDIVIDUAL,AFFLUENT,RS,BRANCH,2021-02-06,False,False,MEDIUM,120111.490000,25,2025-12-19,True,True,CONTROLLED_SYNTHETIC
C000234,Synthetic Customer 000234,INDIVIDUAL,MASS,TR,DIGITAL,2024-08-20,False,False,LOW,171483.450000,25,2026-05-22,True,True,CONTROLLED_SYNTHETIC
C000235,Synthetic Customer 000235,CORPORATE,SME,TR,DIGITAL,2024-05-05,False,False,MEDIUM,121511.650000,26,2026-12-16,False,True,CONTROLLED_SYNTHETIC
C000236,Synthetic Customer 000236,INDIVIDUAL,MASS,TR,BRANCH,2021-07-27,False,False,LOW,54716.170000,25,2027-05-21,True,True,CONTROLLED_SYNTHETIC
C000237,Synthetic Customer 000237,INDIVIDUAL,AFFLUENT,TR,BRANCH,2020-01-07,False,False,LOW,16856.380000,31,2026-09-17,True,True,CONTROLLED_SYNTHETIC
C000238,Synthetic Customer 000238,INDIVIDUAL,MASS,DE,BRANCH,2023-02-04,False,False,HIGH,215705.350000,22,2025-08-21,True,True,CONTROLLED_SYNTHETIC
C000239,Synthetic Customer 000239,CORPORATE,SME,RS,BRANCH,2017-12-04,False,False,MEDIUM,115905.170000,32,2026-10-07,True,True,CONTROLLED_SYNTHETIC
C000240,Synthetic Customer 000240,INDIVIDUAL,AFFLUENT,TR,BRANCH,2024-12-26,False,False,MEDIUM,8000.000000,23,2027-03-21,True,True,CONTROLLED_SYNTHETIC
C000241,Synthetic Customer 000241,INDIVIDUAL,PRIVATE,TR,BRANCH,2023-06-15,False,False,LOW,16991.590000,33,2027-07-07,True,True,CONTROLLED_SYNTHETIC
C000242,Synthetic Customer 000242,INDIVIDUAL,AFFLUENT,TR,DIGITAL,2023-01-09,False,False,LOW,229197.720000,36,2027-07-22,True,True,CONTROLLED_SYNTHETIC
C000243,Synthetic Customer 000243,INDIVIDUAL,MASS,TR,DIGITAL,2024-01-08,False,False,MEDIUM,8865.780000,22,2026-11-08,True,True,CONTROLLED_SYNTHETIC
C000244,Synthetic Customer 000244,INDIVIDUAL,AFFLUENT,AE,DIGITAL,2022-12-01,False,False,MEDIUM,36666.970000,25,2025-09-09,True,True,CONTROLLED_SYNTHETIC
C000245,Synthetic Customer 000245,INDIVIDUAL,MASS,TR,BRANCH,2016-08-27,False,False,MEDIUM,22619.600000,36,2027-06-24,True,True,CONTROLLED_SYNTHETIC
C000246,Synthetic Customer 000246,INDIVIDUAL,AFFLUENT,TR,BRANCH,2022-02-01,False,False,MEDIUM,25095.090000,29,2027-05-06,True,True,CONTROLLED_SYNTHETIC
C000247,Synthetic Customer 000247,INDIVIDUAL,MASS,TR,DIGITAL,2018-04-21,False,False,LOW,514846.460000,19,2027-07-30,True,True,CONTROLLED_SYNTHETIC
C000248,Synthetic Customer 000248,INDIVIDUAL,MASS,TR,DIGITAL,2019-04-21,False,False,LOW,137992.040000,26,2026-08-23,True,True,CONTROLLED_SYNTHETIC
C000249,Synthetic Customer 000249,CORPORATE,CORPORATE,DE,DIGITAL,2020-11-10,False,False,HIGH,79359.260000,29,2025-08-09,True,True,CONTROLLED_SYNTHETIC
C000250,Synthetic Customer 000250,CORPORATE,SME,TR,DIGITAL,2025-09-26,False,False,MEDIUM,180266.350000,23,2026-04-04,True,True,CONTROLLED_SYNTHETIC
C000251,Synthetic Customer 000251,INDIVIDUAL,MASS,TR,DIGITAL,2019-11-17,False,False,LOW,176656.620000,31,2027-05-09,True,True,CONTROLLED_SYNTHETIC
C000252,Synthetic Customer 000252,CORPORATE,SME,TR,BRANCH,2018-06-25,False,False,MEDIUM,130132.650000,22,2026-02-14,True,True,CONTROLLED_SYNTHETIC
C000253,Synthetic Customer 000253,INDIVIDUAL,MASS,TR,DIGITAL,2026-05-12,False,False,LOW,22147.300000,30,2026-08-28,True,True,CONTROLLED_SYNTHETIC
C000254,Synthetic Customer 000254,INDIVIDUAL,AFFLUENT,TR,RELATIONSHIP_MANAGER,2026-05-05,False,False,LOW,37595.530000,37,2026-02-03,True,True,CONTROLLED_SYNTHETIC
C000255,Synthetic Customer 000255,INDIVIDUAL,MASS,TR,DIGITAL,2025-10-31,False,False,LOW,85061.150000,35,2027-08-30,True,True,CONTROLLED_SYNTHETIC
C000256,Synthetic Customer 000256,CORPORATE,COMMERCIAL,TR,BRANCH,2025-05-08,False,False,LOW,102141.530000,29,2027-03-28,False,True,CONTROLLED_SYNTHETIC
C000257,Synthetic Customer 000257,INDIVIDUAL,MASS,TR,DIGITAL,2020-11-15,False,False,LOW,101774.800000,34,2026-05-04,True,True,CONTROLLED_SYNTHETIC
C000258,Synthetic Customer 000258,INDIVIDUAL,AFFLUENT,TR,BRANCH,2022-11-20,False,False,LOW,31421.760000,27,2027-04-11,True,True,CONTROLLED_SYNTHETIC
C000259,Synthetic Customer 000259,INDIVIDUAL,MASS,RS,BRANCH,2017-08-06,False,False,LOW,56969.480000,27,2027-01-09,True,True,CONTROLLED_SYNTHETIC
C000260,Synthetic Customer 000260,INDIVIDUAL,MASS,AE,BRANCH,2024-03-03,False,False,LOW,20113.720000,30,2026-07-24,True,True,CONTROLLED_SYNTHETIC
C000261,Synthetic Customer 000261,INDIVIDUAL,MASS,TR,DIGITAL,2022-12-16,False,False,LOW,148036.640000,27,2026-10-29,True,True,CONTROLLED_SYNTHETIC
C000262,Synthetic Customer 000262,INDIVIDUAL,MASS,TR,BRANCH,2024-07-28,False,False,LOW,325004.100000,19,2026-11-28,True,True,CONTROLLED_SYNTHETIC
C000263,Synthetic Customer 000263,INDIVIDUAL,PRIVATE,TR,DIGITAL,2022-03-19,False,False,LOW,102186.180000,31,2026-07-11,True,True,CONTROLLED_SYNTHETIC
C000264,Synthetic Customer 000264,CORPORATE,SME,TR,DIGITAL,2018-11-11,False,False,MEDIUM,136365.460000,32,2026-04-24,True,False,CONTROLLED_SYNTHETIC
C000265,Synthetic Customer 000265,INDIVIDUAL,MASS,TR,DIGITAL,2024-07-28,False,False,MEDIUM,583467.660000,27,2027-09-09,True,True,CONTROLLED_SYNTHETIC
C000266,Synthetic Customer 000266,CORPORATE,SME,TR,DIGITAL,2018-11-06,False,False,LOW,200002.260000,29,2027-03-23,True,True,CONTROLLED_SYNTHETIC
C000267,Synthetic Customer 000267,INDIVIDUAL,MASS,TR,BRANCH,2020-04-16,False,False,HIGH,50505.890000,24,2025-12-05,True,True,CONTROLLED_SYNTHETIC
C000268,Synthetic Customer 000268,INDIVIDUAL,MASS,US,BRANCH,2025-11-03,False,False,MEDIUM,151329.830000,26,2026-04-02,True,True,CONTROLLED_SYNTHETIC
C000269,Synthetic Customer 000269,INDIVIDUAL,AFFLUENT,TR,BRANCH,2019-04-04,False,False,LOW,14300.210000,26,2026-12-07,True,True,CONTROLLED_SYNTHETIC
C000270,Synthetic Customer 000270,INDIVIDUAL,MASS,TR,DIGITAL,2026-05-20,False,False,LOW,878457.640000,32,2026-04-18,True,True,CONTROLLED_SYNTHETIC
C000271,Synthetic Customer 000271,CORPORATE,SME,TR,DIGITAL,2017-06-14,False,False,LOW,100514.480000,34,2026-04-02,True,True,CONTROLLED_SYNTHETIC
C000272,Synthetic Customer 000272,INDIVIDUAL,MASS,TR,DIGITAL,2018-07-16,False,False,LOW,136331.670000,35,2025-10-30,True,True,CONTROLLED_SYNTHETIC
C000273,Synthetic Customer 000273,INDIVIDUAL,MASS,TR,DIGITAL,2022-05-18,False,False,LOW,191593.400000,31,2027-03-29,True,True,CONTROLLED_SYNTHETIC
C000274,Synthetic Customer 000274,INDIVIDUAL,MASS,TR,BRANCH,2022-05-27,False,False,LOW,119571.380000,23,2027-02-27,True,True,CONTROLLED_SYNTHETIC
C000275,Synthetic Customer 000275,INDIVIDUAL,MASS,TR,DIGITAL,2018-04-26,False,False,MEDIUM,79367.730000,30,2027-01-24,True,True,CONTROLLED_SYNTHETIC
C000276,Synthetic Customer 000276,INDIVIDUAL,MASS,TR,BRANCH,2025-03-14,False,False,LOW,8000.000000,33,2027-08-16,True,True,CONTROLLED_SYNTHETIC
C000277,Synthetic Customer 000277,INDIVIDUAL,AFFLUENT,GE,DIGITAL,2025-08-13,False,False,MEDIUM,51731.850000,26,2026-02-27,True,True,CONTROLLED_SYNTHETIC
C000278,Synthetic Customer 000278,INDIVIDUAL,MASS,GE,DIGITAL,2023-05-22,False,False,LOW,8000.000000,29,2026-05-08,True,True,CONTROLLED_SYNTHETIC
C000279,Synthetic Customer 000279,INDIVIDUAL,AFFLUENT,TR,BRANCH,2026-01-03,False,False,LOW,8000.000000,28,2026-02-17,True,True,CONTROLLED_SYNTHETIC
C000280,Synthetic Customer 000280,INDIVIDUAL,MASS,TR,BRANCH,2021-01-02,False,False,LOW,29373.870000,26,2027-08-26,True,True,CONTROLLED_SYNTHETIC
C000281,Synthetic Customer 000281,INDIVIDUAL,PRIVATE,TR,BRANCH,2018-09-13,False,False,LOW,218765.780000,25,2027-09-10,True,True,CONTROLLED_SYNTHETIC
C000282,Synthetic Customer 000282,INDIVIDUAL,MASS,TR,DIGITAL,2021-08-18,False,False,LOW,19472.540000,29,2027-07-29,True,True,CONTROLLED_SYNTHETIC
C000283,Synthetic Customer 000283,INDIVIDUAL,MASS,TR,BRANCH,2017-01-18,False,False,MEDIUM,134569.190000,32,2025-10-28,True,True,CONTROLLED_SYNTHETIC
C000284,Synthetic Customer 000284,INDIVIDUAL,MASS,TR,DIGITAL,2023-11-24,False,False,LOW,48995.560000,29,2025-11-26,True,True,CONTROLLED_SYNTHETIC
C000285,Synthetic Customer 000285,CORPORATE,SME,TR,DIGITAL,2020-12-10,False,False,LOW,88421.270000,31,2025-10-20,True,True,CONTROLLED_SYNTHETIC
C000286,Synthetic Customer 000286,INDIVIDUAL,AFFLUENT,TR,DIGITAL,2017-01-20,False,False,LOW,82097.000000,32,2026-12-17,True,True,CONTROLLED_SYNTHETIC
C000287,Synthetic Customer 000287,INDIVIDUAL,MASS,TR,BRANCH,2026-03-28,False,False,HIGH,32046.820000,31,2026-02-14,True,True,CONTROLLED_SYNTHETIC
C000288,Synthetic Customer 000288,CORPORATE,SME,TR,DIGITAL,2021-10-07,False,False,LOW,29512.930000,24,2027-06-03,True,True,CONTROLLED_SYNTHETIC
C000289,Synthetic Customer 000289,CORPORATE,SME,TR,DIGITAL,2024-05-16,True,False,LOW,83303.010000,23,2025-07-16,True,True,CONTROLLED_SYNTHETIC
C000290,Synthetic Customer 000290,INDIVIDUAL,MASS,TR,BRANCH,2017-10-27,False,False,LOW,61231.370000,41,2025-09-04,True,True,CONTROLLED_SYNTHETIC
C000291,Synthetic Customer 000291,INDIVIDUAL,MASS,TR,DIGITAL,2026-03-04,False,False,LOW,173214.560000,32,2025-11-14,True,True,CONTROLLED_SYNTHETIC
C000292,Synthetic Customer 000292,INDIVIDUAL,MASS,TR,BRANCH,2020-08-25,False,False,LOW,141981.280000,21,2026-12-18,True,True,CONTROLLED_SYNTHETIC
C000293,Synthetic Customer 000293,INDIVIDUAL,PRIVATE,RS,DIGITAL,2025-06-25,False,False,MEDIUM,37721.630000,27,2027-04-15,True,True,CONTROLLED_SYNTHETIC
C000294,Synthetic Customer 000294,INDIVIDUAL,MASS,TR,BRANCH,2018-12-23,False,False,LOW,29610.390000,27,2027-06-03,True,True,CONTROLLED_SYNTHETIC
C000295,Synthetic Customer 000295,INDIVIDUAL,MASS,TR,BRANCH,2022-06-18,False,False,LOW,44668.890000,21,2025-07-18,True,True,CONTROLLED_SYNTHETIC
C000296,Synthetic Customer 000296,CORPORATE,COMMERCIAL,TR,DIGITAL,2025-08-22,False,False,MEDIUM,17236.640000,23,2026-06-16,True,True,CONTROLLED_SYNTHETIC
C000297,Synthetic Customer 000297,INDIVIDUAL,AFFLUENT,TR,DIGITAL,2025-01-08,False,False,LOW,158386.990000,29,2025-11-29,True,True,CONTROLLED_SYNTHETIC
C000298,Synthetic Customer 000298,INDIVIDUAL,MASS,TR,DIGITAL,2021-07-27,False,False,LOW,67188.270000,24,2027-05-01,True,True,CONTROLLED_SYNTHETIC
C000299,Synthetic Customer 000299,CORPORATE,SME,TR,RELATIONSHIP_MANAGER,2022-06-20,False,False,LOW,218829.030000,28,2025-10-28,True,True,CONTROLLED_SYNTHETIC
C000300,Synthetic Customer 000300,CORPORATE,SME,TR,DIGITAL,2022-07-10,False,False,LOW,34842.010000,28,2026-01-29,True,True,CONTROLLED_SYNTHETIC
C000301,Synthetic Customer 000301,INDIVIDUAL,AFFLUENT,TR,RELATIONSHIP_MANAGER,2020-10-30,False,False,LOW,44197.310000,19,2026-08-11,True,True,CONTROLLED_SYNTHETIC
C000302,Synthetic Customer 000302,INDIVIDUAL,MASS,TR,DIGITAL,2026-03-12,False,False,LOW,27822.050000,24,2026-02-09,True,True,CONTROLLED_SYNTHETIC
C000303,Synthetic Customer 000303,INDIVIDUAL,MASS,TR,DIGITAL,2016-09-28,False,False,LOW,52748.810000,24,2026-10-21,True,True,CONTROLLED_SYNTHETIC
C000304,Synthetic Customer 000304,INDIVIDUAL,MASS,TR,DIGITAL,2022-06-13,False,False,HIGH,61552.150000,36,2026-12-25,True,True,CONTROLLED_SYNTHETIC
C000305,Synthetic Customer 000305,INDIVIDUAL,MASS,TR,BRANCH,2020-12-03,False,False,HIGH,23604.610000,25,2026-03-18,True,True,CONTROLLED_SYNTHETIC
C000306,Synthetic Customer 000306,INDIVIDUAL,MASS,TR,DIGITAL,2023-11-18,False,False,LOW,24192.550000,32,2027-09-27,True,True,CONTROLLED_SYNTHETIC
C000307,Synthetic Customer 000307,INDIVIDUAL,MASS,TR,DIGITAL,2021-06-03,False,False,MEDIUM,334742.690000,25,2027-05-14,True,True,CONTROLLED_SYNTHETIC
C000308,Synthetic Customer 000308,INDIVIDUAL,MASS,TR,DIGITAL,2017-01-07,False,False,LOW,213240.280000,22,2025-08-04,True,True,CONTROLLED_SYNTHETIC
C000309,Synthetic Customer 000309,INDIVIDUAL,MASS,AE,DIGITAL,2021-10-02,False,False,MEDIUM,337295.830000,33,2026-10-28,True,True,CONTROLLED_SYNTHETIC
C000310,Synthetic Customer 000310,INDIVIDUAL,AFFLUENT,RS,BRANCH,2022-03-31,False,False,MEDIUM,10176.950000,35,2026-06-24,True,False,CONTROLLED_SYNTHETIC
C000311,Synthetic Customer 000311,INDIVIDUAL,AFFLUENT,TR,BRANCH,2023-03-18,False,False,MEDIUM,43825.200000,30,2027-09-09,True,True,CONTROLLED_SYNTHETIC
C000312,Synthetic Customer 000312,INDIVIDUAL,MASS,TR,RELATIONSHIP_MANAGER,2024-08-14,False,False,LOW,27870.910000,32,2025-12-17,True,True,CONTROLLED_SYNTHETIC
C000313,Synthetic Customer 000313,INDIVIDUAL,MASS,TR,DIGITAL,2021-02-14,False,False,LOW,15804.100000,33,2026-12-12,True,True,CONTROLLED_SYNTHETIC
C000314,Synthetic Customer 000314,INDIVIDUAL,MASS,TR,DIGITAL,2024-07-11,False,False,MEDIUM,19013.540000,27,2027-03-10,True,True,CONTROLLED_SYNTHETIC
C000315,Synthetic Customer 000315,INDIVIDUAL,MASS,TR,DIGITAL,2024-03-21,False,False,LOW,32252.340000,30,2026-10-16,True,True,CONTROLLED_SYNTHETIC
C000316,Synthetic Customer 000316,INDIVIDUAL,MASS,GE,DIGITAL,2018-03-26,False,False,LOW,21916.100000,33,2027-08-01,True,True,CONTROLLED_SYNTHETIC
C000317,Synthetic Customer 000317,INDIVIDUAL,MASS,TR,RELATIONSHIP_MANAGER,2017-08-05,False,False,LOW,151708.820000,26,2026-09-06,True,True,CONTROLLED_SYNTHETIC
C000318,Synthetic Customer 000318,INDIVIDUAL,MASS,TR,DIGITAL,2020-07-02,False,False,LOW,114198.950000,29,2026-09-12,True,True,CONTROLLED_SYNTHETIC
C000319,Synthetic Customer 000319,INDIVIDUAL,MASS,TR,DIGITAL,2026-01-14,False,False,MEDIUM,91666.060000,32,2026-06-02,True,True,CONTROLLED_SYNTHETIC
C000320,Synthetic Customer 000320,INDIVIDUAL,MASS,XH,BRANCH,2021-05-19,False,False,MEDIUM,70370.120000,27,2026-01-14,True,True,CONTROLLED_SYNTHETIC
C000321,Synthetic Customer 000321,INDIVIDUAL,MASS,TR,DIGITAL,2026-05-17,False,False,LOW,82066.400000,26,2027-01-11,True,True,CONTROLLED_SYNTHETIC
C000322,Synthetic Customer 000322,INDIVIDUAL,MASS,US,DIGITAL,2019-11-22,False,False,LOW,27813.510000,24,2027-10-04,True,True,CONTROLLED_SYNTHETIC
C000323,Synthetic Customer 000323,CORPORATE,SME,TR,BRANCH,2020-08-30,False,False,LOW,68146.140000,23,2026-04-12,True,True,CONTROLLED_SYNTHETIC
C000324,Synthetic Customer 000324,INDIVIDUAL,MASS,US,BRANCH,2018-12-13,False,False,MEDIUM,54080.050000,27,2025-10-16,True,True,CONTROLLED_SYNTHETIC
C000325,Synthetic Customer 000325,INDIVIDUAL,MASS,DE,DIGITAL,2017-06-13,False,False,MEDIUM,346644.360000,31,2026-05-22,True,True,CONTROLLED_SYNTHETIC
C000326,Synthetic Customer 000326,INDIVIDUAL,MASS,TR,RELATIONSHIP_MANAGER,2021-10-28,False,False,LOW,222320.890000,27,2026-07-22,True,True,CONTROLLED_SYNTHETIC
C000327,Synthetic Customer 000327,INDIVIDUAL,MASS,TR,BRANCH,2017-04-08,False,False,LOW,59064.580000,27,2025-10-30,True,True,CONTROLLED_SYNTHETIC
C000328,Synthetic Customer 000328,CORPORATE,SME,GE,DIGITAL,2018-08-22,False,False,MEDIUM,31220.710000,29,2026-10-19,True,True,CONTROLLED_SYNTHETIC
C000329,Synthetic Customer 000329,CORPORATE,COMMERCIAL,TR,DIGITAL,2017-05-30,False,False,LOW,139000.460000,31,2025-09-24,True,True,CONTROLLED_SYNTHETIC
C000330,Synthetic Customer 000330,INDIVIDUAL,MASS,TR,DIGITAL,2018-04-04,False,False,LOW,38207.500000,22,2026-10-08,True,True,CONTROLLED_SYNTHETIC
C000331,Synthetic Customer 000331,CORPORATE,SME,TR,BRANCH,2026-02-11,False,False,HIGH,46444.220000,30,2027-03-09,True,True,CONTROLLED_SYNTHETIC
C000332,Synthetic Customer 000332,CORPORATE,SME,TR,RELATIONSHIP_MANAGER,2023-06-17,False,False,LOW,37688.970000,30,2027-07-26,True,True,CONTROLLED_SYNTHETIC
C000333,Synthetic Customer 000333,CORPORATE,COMMERCIAL,GB,DIGITAL,2018-08-03,False,False,LOW,59368.560000,37,2026-10-19,True,True,CONTROLLED_SYNTHETIC
C000334,Synthetic Customer 000334,CORPORATE,SME,TR,BRANCH,2025-07-28,False,False,HIGH,101009.910000,32,2027-06-14,True,True,CONTROLLED_SYNTHETIC
C000335,Synthetic Customer 000335,INDIVIDUAL,PRIVATE,US,DIGITAL,2016-09-11,False,False,LOW,54426.150000,30,2025-10-18,True,True,CONTROLLED_SYNTHETIC
C000336,Synthetic Customer 000336,CORPORATE,SME,TR,DIGITAL,2023-04-04,False,False,LOW,10490.540000,21,2027-05-24,True,True,CONTROLLED_SYNTHETIC
C000337,Synthetic Customer 000337,INDIVIDUAL,MASS,TR,RELATIONSHIP_MANAGER,2019-02-17,False,False,LOW,59937.570000,30,2027-01-16,True,True,CONTROLLED_SYNTHETIC
C000338,Synthetic Customer 000338,INDIVIDUAL,MASS,TR,RELATIONSHIP_MANAGER,2022-12-27,False,False,MEDIUM,237131.510000,22,2025-12-08,True,True,CONTROLLED_SYNTHETIC
C000339,Synthetic Customer 000339,INDIVIDUAL,MASS,TR,BRANCH,2016-12-11,False,False,LOW,90117.020000,33,2025-11-19,True,True,CONTROLLED_SYNTHETIC
C000340,Synthetic Customer 000340,INDIVIDUAL,MASS,GB,BRANCH,2017-04-16,False,False,MEDIUM,366359.290000,26,2026-08-06,True,True,CONTROLLED_SYNTHETIC
C000341,Synthetic Customer 000341,INDIVIDUAL,MASS,TR,DIGITAL,2021-05-04,False,False,LOW,41750.630000,36,2026-07-27,True,True,CONTROLLED_SYNTHETIC
C000342,Synthetic Customer 000342,INDIVIDUAL,AFFLUENT,TR,RELATIONSHIP_MANAGER,2022-08-28,False,False,LOW,42115.030000,25,2026-07-26,True,True,CONTROLLED_SYNTHETIC
C000343,Synthetic Customer 000343,INDIVIDUAL,MASS,AE,RELATIONSHIP_MANAGER,2025-09-20,False,False,LOW,403248.500000,29,2027-09-23,True,True,CONTROLLED_SYNTHETIC
C000344,Synthetic Customer 000344,INDIVIDUAL,MASS,TR,DIGITAL,2023-03-01,False,False,LOW,15570.030000,26,2026-07-29,True,True,CONTROLLED_SYNTHETIC
C000345,Synthetic Customer 000345,INDIVIDUAL,MASS,US,BRANCH,2024-02-09,False,False,LOW,69159.580000,34,2026-12-25,True,True,CONTROLLED_SYNTHETIC
C000346,Synthetic Customer 000346,INDIVIDUAL,MASS,TR,DIGITAL,2022-03-24,False,False,MEDIUM,258483.660000,29,2027-05-17,True,True,CONTROLLED_SYNTHETIC
C000347,Synthetic Customer 000347,CORPORATE,SME,RS,RELATIONSHIP_MANAGER,2026-06-04,False,False,MEDIUM,37358.560000,23,2027-09-18,True,True,CONTROLLED_SYNTHETIC
C000348,Synthetic Customer 000348,INDIVIDUAL,MASS,TR,BRANCH,2022-10-13,False,False,LOW,54534.270000,33,2025-11-01,True,True,CONTROLLED_SYNTHETIC
C000349,Synthetic Customer 000349,INDIVIDUAL,MASS,TR,DIGITAL,2018-06-02,False,False,LOW,136237.040000,41,2026-10-16,True,True,CONTROLLED_SYNTHETIC
C000350,Synthetic Customer 000350,INDIVIDUAL,MASS,TR,DIGITAL,2020-12-03,False,False,MEDIUM,92390.370000,30,2026-05-09,True,True,CONTROLLED_SYNTHETIC
C000351,Synthetic Customer 000351,CORPORATE,SME,TR,BRANCH,2018-12-27,False,False,LOW,276758.540000,35,2027-07-13,True,True,CONTROLLED_SYNTHETIC
C000352,Synthetic Customer 000352,INDIVIDUAL,AFFLUENT,TR,DIGITAL,2023-01-15,False,False,LOW,326832.380000,29,2025-10-01,True,True,CONTROLLED_SYNTHETIC
C000353,Synthetic Customer 000353,INDIVIDUAL,MASS,TR,BRANCH,2024-04-04,False,False,LOW,28730.930000,27,2026-07-31,True,False,CONTROLLED_SYNTHETIC
C000354,Synthetic Customer 000354,INDIVIDUAL,MASS,RS,BRANCH,2019-07-15,False,False,LOW,46334.400000,26,2026-08-03,True,True,CONTROLLED_SYNTHETIC
C000355,Synthetic Customer 000355,CORPORATE,SME,GB,DIGITAL,2018-08-24,False,False,MEDIUM,36164.430000,24,2026-11-03,True,True,CONTROLLED_SYNTHETIC
C000356,Synthetic Customer 000356,INDIVIDUAL,PRIVATE,TR,BRANCH,2026-01-08,False,False,LOW,114579.350000,24,2025-10-27,True,True,CONTROLLED_SYNTHETIC
C000357,Synthetic Customer 000357,CORPORATE,SME,TR,BRANCH,2019-09-07,False,False,LOW,91792.620000,31,2027-05-17,True,True,CONTROLLED_SYNTHETIC
C000358,Synthetic Customer 000358,CORPORATE,SME,TR,BRANCH,2021-07-02,False,False,MEDIUM,357605.110000,26,2027-08-10,True,True,CONTROLLED_SYNTHETIC
C000359,Synthetic Customer 000359,INDIVIDUAL,MASS,US,RELATIONSHIP_MANAGER,2021-12-25,False,False,LOW,83553.660000,29,2026-12-17,True,True,CONTROLLED_SYNTHETIC
C000360,Synthetic Customer 000360,INDIVIDUAL,AFFLUENT,TR,BRANCH,2022-03-12,False,False,LOW,29760.700000,19,2025-12-29,True,True,CONTROLLED_SYNTHETIC
C000361,Synthetic Customer 000361,INDIVIDUAL,MASS,TR,BRANCH,2024-07-15,False,False,HIGH,43111.800000,26,2026-06-05,True,True,CONTROLLED_SYNTHETIC
C000362,Synthetic Customer 000362,CORPORATE,COMMERCIAL,TR,BRANCH,2020-08-29,True,False,LOW,156471.290000,29,2027-01-02,True,True,CONTROLLED_SYNTHETIC
C000363,Synthetic Customer 000363,INDIVIDUAL,MASS,GB,BRANCH,2024-02-03,False,False,LOW,8734.600000,25,2026-12-08,True,True,CONTROLLED_SYNTHETIC
C000364,Synthetic Customer 000364,INDIVIDUAL,MASS,TR,RELATIONSHIP_MANAGER,2025-10-02,False,False,LOW,12638.870000,20,2027-09-23,True,False,CONTROLLED_SYNTHETIC
C000365,Synthetic Customer 000365,CORPORATE,COMMERCIAL,TR,DIGITAL,2017-01-13,False,False,LOW,12115.080000,21,2027-02-06,True,True,CONTROLLED_SYNTHETIC
C000366,Synthetic Customer 000366,INDIVIDUAL,MASS,TR,BRANCH,2016-10-19,False,True,LOW,74755.100000,23,2027-03-15,True,True,CONTROLLED_SYNTHETIC
C000367,Synthetic Customer 000367,INDIVIDUAL,MASS,TR,BRANCH,2023-10-08,False,False,MEDIUM,2495905.610000,23,2027-01-11,True,True,CONTROLLED_SYNTHETIC
C000368,Synthetic Customer 000368,INDIVIDUAL,MASS,TR,DIGITAL,2019-11-22,False,False,LOW,114729.700000,22,2027-01-08,True,True,CONTROLLED_SYNTHETIC
C000369,Synthetic Customer 000369,INDIVIDUAL,MASS,TR,BRANCH,2024-02-25,False,False,LOW,150233.370000,32,2026-10-22,True,True,CONTROLLED_SYNTHETIC
C000370,Synthetic Customer 000370,INDIVIDUAL,PRIVATE,XH,DIGITAL,2017-10-05,False,False,LOW,14931.090000,20,2025-07-12,True,True,CONTROLLED_SYNTHETIC
C000371,Synthetic Customer 000371,INDIVIDUAL,MASS,TR,BRANCH,2023-07-29,False,False,LOW,11314.550000,33,2027-05-04,True,True,CONTROLLED_SYNTHETIC
C000372,Synthetic Customer 000372,INDIVIDUAL,PRIVATE,TR,DIGITAL,2020-06-16,False,False,HIGH,127335.580000,29,2025-10-25,True,True,CONTROLLED_SYNTHETIC
C000373,Synthetic Customer 000373,INDIVIDUAL,MASS,TR,DIGITAL,2022-08-16,False,False,LOW,97940.330000,28,2027-08-28,True,True,CONTROLLED_SYNTHETIC
C000374,Synthetic Customer 000374,INDIVIDUAL,MASS,TR,BRANCH,2019-09-21,True,False,LOW,86547.730000,37,2027-01-09,True,True,CONTROLLED_SYNTHETIC
C000375,Synthetic Customer 000375,INDIVIDUAL,AFFLUENT,TR,DIGITAL,2024-10-30,False,False,LOW,50257.460000,28,2025-10-12,True,True,CONTROLLED_SYNTHETIC
C000376,Synthetic Customer 000376,INDIVIDUAL,MASS,TR,BRANCH,2022-05-20,False,False,LOW,306344.690000,26,2026-06-21,True,True,CONTROLLED_SYNTHETIC
C000377,Synthetic Customer 000377,INDIVIDUAL,MASS,TR,DIGITAL,2025-05-20,False,False,HIGH,51803.680000,19,2027-07-17,True,True,CONTROLLED_SYNTHETIC
C000378,Synthetic Customer 000378,INDIVIDUAL,AFFLUENT,TR,DIGITAL,2020-07-20,False,False,LOW,43625.940000,21,2026-10-24,True,True,CONTROLLED_SYNTHETIC
C000379,Synthetic Customer 000379,INDIVIDUAL,AFFLUENT,AE,DIGITAL,2018-09-03,False,False,MEDIUM,167245.580000,30,2026-09-15,True,True,CONTROLLED_SYNTHETIC
C000380,Synthetic Customer 000380,CORPORATE,COMMERCIAL,DE,DIGITAL,2020-01-03,False,False,MEDIUM,11874.760000,35,2026-03-31,True,True,CONTROLLED_SYNTHETIC
C000381,Synthetic Customer 000381,CORPORATE,SME,TR,DIGITAL,2017-10-14,False,False,LOW,12430.830000,29,2026-04-02,True,True,CONTROLLED_SYNTHETIC
C000382,Synthetic Customer 000382,INDIVIDUAL,AFFLUENT,TR,RELATIONSHIP_MANAGER,2023-06-17,False,False,LOW,21091.140000,23,2025-11-12,True,True,CONTROLLED_SYNTHETIC
C000383,Synthetic Customer 000383,INDIVIDUAL,MASS,TR,DIGITAL,2021-11-16,False,False,LOW,138625.320000,31,2027-06-11,True,True,CONTROLLED_SYNTHETIC
C000384,Synthetic Customer 000384,INDIVIDUAL,AFFLUENT,TR,BRANCH,2021-01-16,False,False,LOW,214489.350000,32,2026-07-05,True,True,CONTROLLED_SYNTHETIC
C000385,Synthetic Customer 000385,INDIVIDUAL,AFFLUENT,US,DIGITAL,2024-12-07,False,False,LOW,89601.070000,29,2027-01-20,True,True,CONTROLLED_SYNTHETIC
C000386,Synthetic Customer 000386,INDIVIDUAL,MASS,TR,DIGITAL,2018-02-17,False,False,MEDIUM,96397.270000,29,2026-03-24,True,True,CONTROLLED_SYNTHETIC
C000387,Synthetic Customer 000387,INDIVIDUAL,AFFLUENT,TR,BRANCH,2017-04-29,False,False,LOW,80257.270000,33,2025-11-07,True,True,CONTROLLED_SYNTHETIC
C000388,Synthetic Customer 000388,INDIVIDUAL,MASS,TR,BRANCH,2018-04-06,False,False,LOW,115078.580000,28,2027-06-13,True,True,CONTROLLED_SYNTHETIC
C000389,Synthetic Customer 000389,INDIVIDUAL,MASS,TR,DIGITAL,2026-03-06,False,False,LOW,105078.930000,31,2027-08-27,True,True,CONTROLLED_SYNTHETIC
C000390,Synthetic Customer 000390,INDIVIDUAL,MASS,GE,DIGITAL,2021-05-04,False,False,LOW,310935.350000,33,2025-10-13,True,True,CONTROLLED_SYNTHETIC
C000391,Synthetic Customer 000391,INDIVIDUAL,MASS,TR,BRANCH,2025-03-24,False,False,MEDIUM,10695.930000,18,2027-06-23,True,True,CONTROLLED_SYNTHETIC
C000392,Synthetic Customer 000392,INDIVIDUAL,MASS,TR,RELATIONSHIP_MANAGER,2019-09-22,False,False,LOW,21848.670000,28,2026-11-09,True,True,CONTROLLED_SYNTHETIC
C000393,Synthetic Customer 000393,INDIVIDUAL,AFFLUENT,TR,BRANCH,2023-08-14,False,False,LOW,564784.250000,21,2026-04-06,True,True,CONTROLLED_SYNTHETIC
C000394,Synthetic Customer 000394,INDIVIDUAL,MASS,TR,BRANCH,2021-11-26,False,False,LOW,16311.790000,25,2026-08-03,True,True,CONTROLLED_SYNTHETIC
C000395,Synthetic Customer 000395,INDIVIDUAL,MASS,TR,BRANCH,2023-12-29,False,False,HIGH,47377.410000,31,2026-07-05,True,True,CONTROLLED_SYNTHETIC
C000396,Synthetic Customer 000396,INDIVIDUAL,MASS,TR,DIGITAL,2025-09-04,False,False,LOW,458799.790000,39,2025-10-28,True,True,CONTROLLED_SYNTHETIC
C000397,Synthetic Customer 000397,INDIVIDUAL,MASS,TR,DIGITAL,2019-08-17,False,False,LOW,147208.290000,30,2026-06-03,True,True,CONTROLLED_SYNTHETIC
C000398,Synthetic Customer 000398,INDIVIDUAL,MASS,TR,DIGITAL,2022-06-28,False,False,MEDIUM,68529.810000,19,2027-01-04,True,True,CONTROLLED_SYNTHETIC
C000399,Synthetic Customer 000399,INDIVIDUAL,MASS,TR,DIGITAL,2019-05-17,False,False,MEDIUM,247193.420000,27,2026-03-29,True,True,CONTROLLED_SYNTHETIC
C000400,Synthetic Customer 000400,CORPORATE,SME,TR,DIGITAL,2016-11-06,False,False,LOW,18318.720000,25,2026-11-18,True,True,CONTROLLED_SYNTHETIC
C000401,Synthetic Customer 000401,CORPORATE,COMMERCIAL,DE,DIGITAL,2026-01-13,False,False,LOW,8982.190000,31,2027-03-24,True,True,CONTROLLED_SYNTHETIC
C000402,Synthetic Customer 000402,INDIVIDUAL,AFFLUENT,TR,DIGITAL,2020-01-30,False,False,LOW,429022.930000,24,2027-07-30,True,True,CONTROLLED_SYNTHETIC
C000403,Synthetic Customer 000403,INDIVIDUAL,PRIVATE,GB,BRANCH,2023-05-25,False,False,MEDIUM,227517.300000,29,2026-10-29,True,True,CONTROLLED_SYNTHETIC
C000404,Synthetic Customer 000404,INDIVIDUAL,AFFLUENT,DE,DIGITAL,2020-07-11,False,False,LOW,69450.140000,31,2026-05-13,True,True,CONTROLLED_SYNTHETIC
C000405,Synthetic Customer 000405,INDIVIDUAL,MASS,TR,DIGITAL,2025-11-09,False,False,MEDIUM,46391.860000,34,2026-04-17,True,True,CONTROLLED_SYNTHETIC
C000406,Synthetic Customer 000406,INDIVIDUAL,MASS,TR,DIGITAL,2021-12-25,False,False,LOW,29724.900000,32,2026-11-08,True,True,CONTROLLED_SYNTHETIC
C000407,Synthetic Customer 000407,INDIVIDUAL,MASS,TR,RELATIONSHIP_MANAGER,2018-03-11,False,False,LOW,8000.000000,32,2027-01-10,True,True,CONTROLLED_SYNTHETIC
C000408,Synthetic Customer 000408,INDIVIDUAL,AFFLUENT,TR,DIGITAL,2019-08-12,False,False,LOW,1078991.810000,34,2027-03-27,True,True,CONTROLLED_SYNTHETIC
C000409,Synthetic Customer 000409,INDIVIDUAL,MASS,TR,DIGITAL,2021-06-05,False,False,LOW,45838.070000,36,2027-06-25,True,True,CONTROLLED_SYNTHETIC
C000410,Synthetic Customer 000410,INDIVIDUAL,MASS,GE,RELATIONSHIP_MANAGER,2021-01-24,False,False,LOW,343680.360000,23,2027-09-24,True,True,CONTROLLED_SYNTHETIC
C000411,Synthetic Customer 000411,INDIVIDUAL,MASS,TR,DIGITAL,2017-01-14,False,False,MEDIUM,165781.530000,35,2027-02-15,True,True,CONTROLLED_SYNTHETIC
C000412,Synthetic Customer 000412,INDIVIDUAL,PRIVATE,TR,BRANCH,2018-07-09,False,False,LOW,250682.590000,26,2027-05-03,True,True,CONTROLLED_SYNTHETIC
C000413,Synthetic Customer 000413,INDIVIDUAL,MASS,TR,DIGITAL,2023-05-07,False,False,LOW,8000.000000,31,2025-08-14,True,True,CONTROLLED_SYNTHETIC
C000414,Synthetic Customer 000414,CORPORATE,SME,TR,BRANCH,2022-09-13,False,False,LOW,22468.250000,23,2027-05-01,True,True,CONTROLLED_SYNTHETIC
C000415,Synthetic Customer 000415,INDIVIDUAL,MASS,TR,BRANCH,2021-08-31,False,False,LOW,25583.270000,24,2027-08-02,True,True,CONTROLLED_SYNTHETIC
C000416,Synthetic Customer 000416,INDIVIDUAL,AFFLUENT,TR,DIGITAL,2025-09-18,False,False,MEDIUM,32068.270000,30,2027-08-18,True,True,CONTROLLED_SYNTHETIC
C000417,Synthetic Customer 000417,INDIVIDUAL,MASS,AE,RELATIONSHIP_MANAGER,2025-02-27,False,False,LOW,376482.430000,22,2027-09-20,True,True,CONTROLLED_SYNTHETIC
C000418,Synthetic Customer 000418,CORPORATE,SME,TR,DIGITAL,2019-05-09,False,False,HIGH,155206.890000,25,2026-03-24,True,True,CONTROLLED_SYNTHETIC
C000419,Synthetic Customer 000419,INDIVIDUAL,MASS,TR,BRANCH,2024-12-26,False,False,HIGH,9815.380000,35,2026-04-30,True,True,CONTROLLED_SYNTHETIC
C000420,Synthetic Customer 000420,INDIVIDUAL,MASS,AE,DIGITAL,2020-12-25,False,False,MEDIUM,1037905.850000,25,2026-11-05,True,True,CONTROLLED_SYNTHETIC
C000421,Synthetic Customer 000421,INDIVIDUAL,MASS,TR,BRANCH,2021-04-01,False,False,LOW,172722.740000,37,2025-10-02,True,True,CONTROLLED_SYNTHETIC
C000422,Synthetic Customer 000422,INDIVIDUAL,AFFLUENT,GB,DIGITAL,2025-06-29,False,False,LOW,140643.950000,28,2026-11-30,True,True,CONTROLLED_SYNTHETIC
C000423,Synthetic Customer 000423,INDIVIDUAL,AFFLUENT,TR,RELATIONSHIP_MANAGER,2024-06-09,False,False,MEDIUM,33545.460000,33,2027-08-08,True,True,CONTROLLED_SYNTHETIC
C000424,Synthetic Customer 000424,CORPORATE,SME,DE,DIGITAL,2026-01-14,False,False,LOW,54675.930000,39,2027-06-22,True,True,CONTROLLED_SYNTHETIC
C000425,Synthetic Customer 000425,INDIVIDUAL,MASS,TR,DIGITAL,2023-12-30,False,False,LOW,43728.930000,25,2027-01-30,True,True,CONTROLLED_SYNTHETIC
C000426,Synthetic Customer 000426,INDIVIDUAL,MASS,TR,DIGITAL,2024-07-29,False,False,LOW,64859.810000,37,2027-01-07,True,True,CONTROLLED_SYNTHETIC
C000427,Synthetic Customer 000427,INDIVIDUAL,MASS,TR,DIGITAL,2022-12-06,False,False,MEDIUM,361403.160000,36,2025-12-13,True,True,CONTROLLED_SYNTHETIC
C000428,Synthetic Customer 000428,INDIVIDUAL,MASS,TR,RELATIONSHIP_MANAGER,2019-03-20,False,False,HIGH,120625.120000,26,2026-03-22,True,True,CONTROLLED_SYNTHETIC
C000429,Synthetic Customer 000429,INDIVIDUAL,MASS,TR,DIGITAL,2022-11-19,False,False,LOW,460033.890000,27,2026-11-11,True,True,CONTROLLED_SYNTHETIC
C000430,Synthetic Customer 000430,CORPORATE,COMMERCIAL,TR,RELATIONSHIP_MANAGER,2017-12-24,False,False,LOW,21885.300000,30,2027-10-07,True,True,CONTROLLED_SYNTHETIC
C000431,Synthetic Customer 000431,CORPORATE,COMMERCIAL,TR,BRANCH,2021-01-09,False,False,LOW,425097.940000,24,2027-09-15,True,True,CONTROLLED_SYNTHETIC
C000432,Synthetic Customer 000432,INDIVIDUAL,PRIVATE,TR,BRANCH,2018-01-29,False,False,LOW,16689.920000,22,2027-04-04,True,True,CONTROLLED_SYNTHETIC
C000433,Synthetic Customer 000433,CORPORATE,COMMERCIAL,TR,BRANCH,2023-06-22,False,False,LOW,119544.290000,31,2027-08-14,True,False,CONTROLLED_SYNTHETIC
C000434,Synthetic Customer 000434,INDIVIDUAL,MASS,TR,RELATIONSHIP_MANAGER,2022-04-15,False,False,MEDIUM,170845.870000,39,2025-10-17,True,True,CONTROLLED_SYNTHETIC
C000435,Synthetic Customer 000435,CORPORATE,CORPORATE,TR,DIGITAL,2018-11-21,False,False,HIGH,20658.210000,28,2027-05-14,False,True,CONTROLLED_SYNTHETIC
C000436,Synthetic Customer 000436,INDIVIDUAL,PRIVATE,US,BRANCH,2020-09-03,False,False,HIGH,50699.960000,30,2027-04-02,True,True,CONTROLLED_SYNTHETIC
C000437,Synthetic Customer 000437,INDIVIDUAL,MASS,TR,BRANCH,2025-09-29,False,False,MEDIUM,459077.770000,26,2026-05-29,True,False,CONTROLLED_SYNTHETIC
C000438,Synthetic Customer 000438,CORPORATE,COMMERCIAL,TR,BRANCH,2018-03-06,False,False,MEDIUM,12965.360000,33,2025-10-18,True,True,CONTROLLED_SYNTHETIC
C000439,Synthetic Customer 000439,INDIVIDUAL,MASS,TR,RELATIONSHIP_MANAGER,2024-08-19,False,False,LOW,18136.850000,21,2026-10-01,True,True,CONTROLLED_SYNTHETIC
C000440,Synthetic Customer 000440,INDIVIDUAL,MASS,GB,DIGITAL,2016-09-01,False,False,MEDIUM,88014.110000,23,2027-04-14,True,True,CONTROLLED_SYNTHETIC
C000441,Synthetic Customer 000441,INDIVIDUAL,AFFLUENT,TR,RELATIONSHIP_MANAGER,2021-09-23,False,False,LOW,29555.210000,28,2025-12-13,True,True,CONTROLLED_SYNTHETIC
C000442,Synthetic Customer 000442,CORPORATE,COMMERCIAL,TR,BRANCH,2019-04-04,False,False,LOW,89868.080000,30,2026-07-11,True,True,CONTROLLED_SYNTHETIC
C000443,Synthetic Customer 000443,INDIVIDUAL,AFFLUENT,TR,DIGITAL,2017-11-04,False,False,LOW,379356.680000,34,2025-11-08,True,True,CONTROLLED_SYNTHETIC
C000444,Synthetic Customer 000444,INDIVIDUAL,MASS,TR,RELATIONSHIP_MANAGER,2018-03-08,False,False,MEDIUM,18688.090000,22,2026-11-23,True,True,CONTROLLED_SYNTHETIC
C000445,Synthetic Customer 000445,INDIVIDUAL,MASS,TR,DIGITAL,2023-05-24,False,False,MEDIUM,15692.940000,26,2026-07-09,True,True,CONTROLLED_SYNTHETIC
C000446,Synthetic Customer 000446,INDIVIDUAL,PRIVATE,TR,BRANCH,2017-11-10,False,False,LOW,9600.250000,36,2026-02-05,True,True,CONTROLLED_SYNTHETIC
C000447,Synthetic Customer 000447,INDIVIDUAL,MASS,TR,BRANCH,2022-08-06,False,False,LOW,2039403.240000,29,2027-03-24,True,True,CONTROLLED_SYNTHETIC
C000448,Synthetic Customer 000448,INDIVIDUAL,AFFLUENT,TR,BRANCH,2025-06-30,False,False,LOW,40878.270000,33,2025-07-10,True,True,CONTROLLED_SYNTHETIC
C000449,Synthetic Customer 000449,INDIVIDUAL,MASS,GB,DIGITAL,2017-07-14,False,False,LOW,138192.530000,37,2026-11-08,True,True,CONTROLLED_SYNTHETIC
C000450,Synthetic Customer 000450,INDIVIDUAL,MASS,TR,RELATIONSHIP_MANAGER,2025-07-05,False,False,LOW,8000.000000,25,2027-05-27,True,True,CONTROLLED_SYNTHETIC
C000451,Synthetic Customer 000451,INDIVIDUAL,MASS,GE,DIGITAL,2026-05-21,False,False,MEDIUM,161607.200000,35,2027-07-25,True,True,CONTROLLED_SYNTHETIC
C000452,Synthetic Customer 000452,CORPORATE,COMMERCIAL,TR,DIGITAL,2022-04-29,False,False,MEDIUM,80290.770000,35,2026-06-14,True,True,CONTROLLED_SYNTHETIC
C000453,Synthetic Customer 000453,CORPORATE,COMMERCIAL,TR,RELATIONSHIP_MANAGER,2017-07-12,False,False,MEDIUM,73459.680000,28,2025-11-14,True,True,CONTROLLED_SYNTHETIC
C000454,Synthetic Customer 000454,INDIVIDUAL,PRIVATE,TR,BRANCH,2018-02-23,False,False,LOW,106726.410000,21,2025-11-07,True,True,CONTROLLED_SYNTHETIC
C000455,Synthetic Customer 000455,INDIVIDUAL,AFFLUENT,DE,BRANCH,2020-07-03,False,False,LOW,291542.580000,30,2025-07-17,True,True,CONTROLLED_SYNTHETIC
C000456,Synthetic Customer 000456,CORPORATE,SME,TR,DIGITAL,2022-01-28,False,False,MEDIUM,55512.190000,36,2027-02-12,True,True,CONTROLLED_SYNTHETIC
C000457,Synthetic Customer 000457,CORPORATE,SME,TR,BRANCH,2023-04-30,False,False,MEDIUM,13003.200000,30,2027-08-30,True,True,CONTROLLED_SYNTHETIC
C000458,Synthetic Customer 000458,INDIVIDUAL,MASS,US,BRANCH,2022-07-12,False,False,MEDIUM,8000.000000,29,2025-07-16,True,False,CONTROLLED_SYNTHETIC
C000459,Synthetic Customer 000459,INDIVIDUAL,AFFLUENT,TR,BRANCH,2020-10-23,False,False,LOW,147676.640000,23,2026-06-30,True,True,CONTROLLED_SYNTHETIC
C000460,Synthetic Customer 000460,CORPORATE,SME,TR,RELATIONSHIP_MANAGER,2022-03-05,False,False,MEDIUM,343935.010000,25,2027-02-14,True,True,CONTROLLED_SYNTHETIC
C000461,Synthetic Customer 000461,CORPORATE,SME,TR,RELATIONSHIP_MANAGER,2019-02-10,False,False,MEDIUM,8000.000000,26,2025-07-31,True,True,CONTROLLED_SYNTHETIC
C000462,Synthetic Customer 000462,INDIVIDUAL,MASS,TR,BRANCH,2019-07-01,False,False,HIGH,125445.670000,29,2026-11-07,True,True,CONTROLLED_SYNTHETIC
C000463,Synthetic Customer 000463,INDIVIDUAL,MASS,TR,BRANCH,2017-03-01,False,False,HIGH,136210.350000,30,2027-07-15,True,True,CONTROLLED_SYNTHETIC
C000464,Synthetic Customer 000464,INDIVIDUAL,MASS,TR,DIGITAL,2017-07-23,False,False,LOW,81558.660000,34,2026-12-16,True,False,CONTROLLED_SYNTHETIC
C000465,Synthetic Customer 000465,CORPORATE,SME,DE,DIGITAL,2025-05-24,False,False,LOW,22824.390000,24,2026-07-16,True,True,CONTROLLED_SYNTHETIC
C000466,Synthetic Customer 000466,INDIVIDUAL,MASS,AE,BRANCH,2020-09-28,False,False,MEDIUM,14472.420000,35,2027-01-08,True,False,CONTROLLED_SYNTHETIC
C000467,Synthetic Customer 000467,CORPORATE,COMMERCIAL,RS,DIGITAL,2026-05-07,False,False,LOW,35411.210000,21,2027-02-23,True,True,CONTROLLED_SYNTHETIC
C000468,Synthetic Customer 000468,CORPORATE,COMMERCIAL,TR,BRANCH,2021-10-07,False,False,MEDIUM,96789.150000,31,2026-12-27,True,True,CONTROLLED_SYNTHETIC
C000469,Synthetic Customer 000469,INDIVIDUAL,MASS,TR,DIGITAL,2021-01-26,False,False,LOW,191312.630000,23,2025-10-03,True,True,CONTROLLED_SYNTHETIC
C000470,Synthetic Customer 000470,INDIVIDUAL,MASS,TR,BRANCH,2025-11-13,False,False,LOW,415096.810000,28,2026-03-04,True,True,CONTROLLED_SYNTHETIC
C000471,Synthetic Customer 000471,INDIVIDUAL,MASS,TR,DIGITAL,2021-03-08,False,False,MEDIUM,45672.250000,24,2026-11-23,True,True,CONTROLLED_SYNTHETIC
C000472,Synthetic Customer 000472,INDIVIDUAL,AFFLUENT,TR,BRANCH,2019-06-29,False,False,LOW,309608.190000,23,2026-02-28,True,True,CONTROLLED_SYNTHETIC
C000473,Synthetic Customer 000473,INDIVIDUAL,MASS,TR,BRANCH,2018-04-29,False,False,LOW,213934.880000,31,2026-10-18,True,False,CONTROLLED_SYNTHETIC
C000474,Synthetic Customer 000474,INDIVIDUAL,MASS,TR,DIGITAL,2020-06-23,False,False,LOW,73204.210000,36,2025-10-08,True,True,CONTROLLED_SYNTHETIC
C000475,Synthetic Customer 000475,CORPORATE,SME,TR,DIGITAL,2022-02-01,False,False,LOW,45579.950000,27,2027-06-17,True,True,CONTROLLED_SYNTHETIC
C000476,Synthetic Customer 000476,INDIVIDUAL,AFFLUENT,TR,BRANCH,2026-01-28,False,False,MEDIUM,42005.270000,30,2025-08-05,True,True,CONTROLLED_SYNTHETIC
C000477,Synthetic Customer 000477,INDIVIDUAL,MASS,TR,BRANCH,2026-02-12,False,False,LOW,226015.750000,29,2027-05-07,True,True,CONTROLLED_SYNTHETIC
C000478,Synthetic Customer 000478,INDIVIDUAL,MASS,TR,BRANCH,2021-10-16,True,False,MEDIUM,59973.950000,31,2026-10-27,True,True,CONTROLLED_SYNTHETIC
C000479,Synthetic Customer 000479,INDIVIDUAL,MASS,RS,BRANCH,2021-01-31,False,False,LOW,250843.480000,21,2026-09-24,True,False,CONTROLLED_SYNTHETIC
C000480,Synthetic Customer 000480,INDIVIDUAL,AFFLUENT,TR,BRANCH,2023-02-11,False,False,MEDIUM,34979.790000,31,2025-11-01,True,True,CONTROLLED_SYNTHETIC
C000481,Synthetic Customer 000481,INDIVIDUAL,MASS,TR,DIGITAL,2023-01-06,False,False,LOW,162837.680000,28,2026-07-01,True,True,CONTROLLED_SYNTHETIC
C000482,Synthetic Customer 000482,INDIVIDUAL,MASS,TR,DIGITAL,2025-05-14,False,False,LOW,369400.980000,18,2025-07-10,True,True,CONTROLLED_SYNTHETIC
C000483,Synthetic Customer 000483,INDIVIDUAL,MASS,TR,DIGITAL,2016-10-13,False,False,LOW,717773.780000,32,2027-01-29,True,True,CONTROLLED_SYNTHETIC
C000484,Synthetic Customer 000484,INDIVIDUAL,AFFLUENT,TR,RELATIONSHIP_MANAGER,2026-02-12,False,False,LOW,92238.400000,28,2026-03-26,True,True,CONTROLLED_SYNTHETIC
C000485,Synthetic Customer 000485,INDIVIDUAL,MASS,TR,RELATIONSHIP_MANAGER,2021-12-03,False,False,MEDIUM,51097.930000,24,2026-11-05,True,True,CONTROLLED_SYNTHETIC
C000486,Synthetic Customer 000486,CORPORATE,SME,TR,RELATIONSHIP_MANAGER,2019-06-29,False,False,LOW,21003.510000,23,2027-09-14,True,True,CONTROLLED_SYNTHETIC
C000487,Synthetic Customer 000487,INDIVIDUAL,PRIVATE,TR,DIGITAL,2022-04-28,False,False,LOW,33084.930000,28,2026-06-13,True,True,CONTROLLED_SYNTHETIC
C000488,Synthetic Customer 000488,INDIVIDUAL,MASS,TR,BRANCH,2025-08-27,False,False,MEDIUM,63733.810000,34,2025-07-20,True,True,CONTROLLED_SYNTHETIC
C000489,Synthetic Customer 000489,INDIVIDUAL,PRIVATE,DE,DIGITAL,2024-10-31,False,False,LOW,240249.120000,23,2026-10-26,True,True,CONTROLLED_SYNTHETIC
C000490,Synthetic Customer 000490,CORPORATE,COMMERCIAL,TR,BRANCH,2024-10-06,False,False,LOW,37210.050000,32,2026-09-25,True,True,CONTROLLED_SYNTHETIC
C000491,Synthetic Customer 000491,INDIVIDUAL,AFFLUENT,TR,BRANCH,2022-06-04,False,False,LOW,530248.010000,34,2026-01-20,True,True,CONTROLLED_SYNTHETIC
C000492,Synthetic Customer 000492,INDIVIDUAL,AFFLUENT,TR,RELATIONSHIP_MANAGER,2022-01-01,False,False,LOW,9035.970000,31,2026-09-23,True,True,CONTROLLED_SYNTHETIC
C000493,Synthetic Customer 000493,INDIVIDUAL,MASS,TR,DIGITAL,2019-12-17,False,False,LOW,384936.930000,37,2026-09-19,True,True,CONTROLLED_SYNTHETIC
C000494,Synthetic Customer 000494,INDIVIDUAL,MASS,RS,RELATIONSHIP_MANAGER,2018-10-31,False,False,LOW,98429.500000,26,2026-04-10,True,True,CONTROLLED_SYNTHETIC
C000495,Synthetic Customer 000495,INDIVIDUAL,MASS,TR,BRANCH,2018-05-20,False,False,LOW,104920.740000,21,2026-06-10,True,True,CONTROLLED_SYNTHETIC
C000496,Synthetic Customer 000496,INDIVIDUAL,MASS,DE,DIGITAL,2025-02-28,False,False,LOW,9204.700000,33,2026-09-21,True,True,CONTROLLED_SYNTHETIC
C000497,Synthetic Customer 000497,INDIVIDUAL,MASS,TR,DIGITAL,2019-11-17,False,False,MEDIUM,25538.510000,35,2025-10-18,True,True,CONTROLLED_SYNTHETIC
C000498,Synthetic Customer 000498,CORPORATE,CORPORATE,TR,BRANCH,2017-03-26,False,False,LOW,504564.600000,38,2025-12-09,True,True,CONTROLLED_SYNTHETIC
C000499,Synthetic Customer 000499,CORPORATE,SME,TR,DIGITAL,2021-07-04,False,False,HIGH,41420.040000,23,2027-03-10,True,True,CONTROLLED_SYNTHETIC
C000500,Synthetic Customer 000500,INDIVIDUAL,MASS,TR,BRANCH,2017-05-13,False,False,LOW,122908.080000,29,2026-06-28,True,True,CONTROLLED_SYNTHETIC
C000501,Synthetic Customer 000501,INDIVIDUAL,MASS,TR,RELATIONSHIP_MANAGER,2022-07-09,False,False,LOW,10798.740000,18,2027-04-27,True,True,CONTROLLED_SYNTHETIC
C000502,Synthetic Customer 000502,CORPORATE,COMMERCIAL,TR,RELATIONSHIP_MANAGER,2025-01-31,False,False,LOW,54897.940000,25,2027-02-11,True,True,CONTROLLED_SYNTHETIC
C000503,Synthetic Customer 000503,INDIVIDUAL,AFFLUENT,TR,BRANCH,2024-01-13,False,False,LOW,551792.040000,27,2026-08-27,True,True,CONTROLLED_SYNTHETIC
C000504,Synthetic Customer 000504,CORPORATE,SME,TR,DIGITAL,2023-07-16,False,False,LOW,23850.160000,33,2027-02-15,True,True,CONTROLLED_SYNTHETIC
C000505,Synthetic Customer 000505,INDIVIDUAL,MASS,DE,BRANCH,2016-10-16,False,False,LOW,155250.610000,28,2025-08-28,True,True,CONTROLLED_SYNTHETIC
C000506,Synthetic Customer 000506,INDIVIDUAL,MASS,TR,BRANCH,2022-01-20,False,False,LOW,75855.070000,18,2026-01-20,True,True,CONTROLLED_SYNTHETIC
C000507,Synthetic Customer 000507,INDIVIDUAL,MASS,TR,BRANCH,2021-09-16,False,False,LOW,19195.830000,30,2025-08-23,True,True,CONTROLLED_SYNTHETIC
C000508,Synthetic Customer 000508,CORPORATE,SME,DE,BRANCH,2021-12-05,False,False,LOW,290865.180000,31,2027-01-11,True,True,CONTROLLED_SYNTHETIC
C000509,Synthetic Customer 000509,INDIVIDUAL,MASS,TR,RELATIONSHIP_MANAGER,2021-03-24,False,False,MEDIUM,334430.710000,21,2027-06-08,True,True,CONTROLLED_SYNTHETIC
C000510,Synthetic Customer 000510,INDIVIDUAL,MASS,TR,DIGITAL,2019-09-27,False,False,MEDIUM,17566.220000,39,2027-04-26,True,True,CONTROLLED_SYNTHETIC
C000511,Synthetic Customer 000511,INDIVIDUAL,MASS,TR,BRANCH,2023-01-05,False,False,LOW,150022.950000,39,2027-06-24,True,True,CONTROLLED_SYNTHETIC
C000512,Synthetic Customer 000512,INDIVIDUAL,MASS,TR,RELATIONSHIP_MANAGER,2024-04-01,False,False,LOW,86912.130000,25,2025-07-24,True,True,CONTROLLED_SYNTHETIC
C000513,Synthetic Customer 000513,INDIVIDUAL,MASS,TR,BRANCH,2023-10-10,False,False,LOW,151984.280000,27,2026-07-23,True,True,CONTROLLED_SYNTHETIC
C000514,Synthetic Customer 000514,INDIVIDUAL,MASS,TR,RELATIONSHIP_MANAGER,2023-12-11,False,False,LOW,46001.610000,32,2027-09-16,True,True,CONTROLLED_SYNTHETIC
C000515,Synthetic Customer 000515,INDIVIDUAL,MASS,TR,RELATIONSHIP_MANAGER,2020-07-26,False,False,LOW,171654.050000,29,2027-01-12,True,True,CONTROLLED_SYNTHETIC
C000516,Synthetic Customer 000516,INDIVIDUAL,MASS,TR,RELATIONSHIP_MANAGER,2021-02-20,False,False,MEDIUM,128177.270000,22,2027-06-09,True,True,CONTROLLED_SYNTHETIC
C000517,Synthetic Customer 000517,INDIVIDUAL,MASS,GB,BRANCH,2021-03-18,False,False,LOW,298744.320000,33,2026-03-07,True,True,CONTROLLED_SYNTHETIC
C000518,Synthetic Customer 000518,INDIVIDUAL,MASS,TR,DIGITAL,2021-10-18,False,False,LOW,757447.410000,30,2026-11-10,True,True,CONTROLLED_SYNTHETIC
C000519,Synthetic Customer 000519,INDIVIDUAL,MASS,TR,BRANCH,2019-09-27,False,False,LOW,72229.590000,29,2025-09-15,True,True,CONTROLLED_SYNTHETIC
C000520,Synthetic Customer 000520,INDIVIDUAL,MASS,TR,DIGITAL,2022-05-24,False,False,LOW,640767.540000,39,2026-12-24,True,True,CONTROLLED_SYNTHETIC
C000521,Synthetic Customer 000521,INDIVIDUAL,MASS,TR,DIGITAL,2023-05-21,False,False,LOW,98163.310000,35,2026-09-25,True,True,CONTROLLED_SYNTHETIC
C000522,Synthetic Customer 000522,INDIVIDUAL,MASS,TR,BRANCH,2018-06-10,False,False,MEDIUM,31023.570000,30,2027-01-01,True,True,CONTROLLED_SYNTHETIC
C000523,Synthetic Customer 000523,INDIVIDUAL,PRIVATE,TR,BRANCH,2023-03-21,False,False,LOW,9029.500000,26,2027-03-02,True,True,CONTROLLED_SYNTHETIC
C000524,Synthetic Customer 000524,INDIVIDUAL,AFFLUENT,TR,DIGITAL,2025-05-01,False,False,LOW,544592.880000,25,2027-06-05,True,True,CONTROLLED_SYNTHETIC
C000525,Synthetic Customer 000525,CORPORATE,SME,TR,DIGITAL,2026-04-14,False,False,LOW,60825.580000,22,2026-04-28,True,True,CONTROLLED_SYNTHETIC
C000526,Synthetic Customer 000526,INDIVIDUAL,MASS,TR,BRANCH,2024-08-06,False,False,LOW,450038.740000,26,2027-01-02,True,True,CONTROLLED_SYNTHETIC
C000527,Synthetic Customer 000527,INDIVIDUAL,AFFLUENT,TR,DIGITAL,2019-11-17,False,False,LOW,22769.640000,34,2027-04-30,True,True,CONTROLLED_SYNTHETIC
C000528,Synthetic Customer 000528,INDIVIDUAL,MASS,TR,DIGITAL,2024-09-03,True,False,LOW,16111.890000,18,2027-09-01,True,True,CONTROLLED_SYNTHETIC
C000529,Synthetic Customer 000529,CORPORATE,COMMERCIAL,US,DIGITAL,2021-12-17,False,False,MEDIUM,53548.860000,30,2026-02-27,True,True,CONTROLLED_SYNTHETIC
C000530,Synthetic Customer 000530,INDIVIDUAL,AFFLUENT,TR,BRANCH,2024-02-12,False,False,LOW,38542.970000,31,2025-08-30,True,True,CONTROLLED_SYNTHETIC
C000531,Synthetic Customer 000531,INDIVIDUAL,MASS,TR,BRANCH,2022-09-21,False,False,LOW,923443.960000,27,2026-06-14,True,False,CONTROLLED_SYNTHETIC
C000532,Synthetic Customer 000532,INDIVIDUAL,AFFLUENT,TR,DIGITAL,2021-03-20,False,False,LOW,87030.950000,35,2025-11-12,True,True,CONTROLLED_SYNTHETIC
C000533,Synthetic Customer 000533,INDIVIDUAL,MASS,TR,RELATIONSHIP_MANAGER,2023-07-16,False,False,LOW,17628.330000,24,2026-12-24,True,True,CONTROLLED_SYNTHETIC
C000534,Synthetic Customer 000534,CORPORATE,SME,TR,DIGITAL,2021-05-27,False,False,LOW,811554.470000,24,2027-05-12,True,True,CONTROLLED_SYNTHETIC
C000535,Synthetic Customer 000535,INDIVIDUAL,AFFLUENT,TR,BRANCH,2021-04-23,False,False,MEDIUM,59024.130000,34,2027-04-02,True,True,CONTROLLED_SYNTHETIC
C000536,Synthetic Customer 000536,CORPORATE,SME,TR,BRANCH,2021-11-23,False,False,MEDIUM,182580.830000,26,2026-08-31,True,True,CONTROLLED_SYNTHETIC
C000537,Synthetic Customer 000537,INDIVIDUAL,PRIVATE,TR,DIGITAL,2021-10-21,False,False,LOW,29023.200000,30,2026-06-28,True,True,CONTROLLED_SYNTHETIC
C000538,Synthetic Customer 000538,INDIVIDUAL,MASS,TR,BRANCH,2022-07-25,False,False,LOW,210283.260000,31,2027-04-02,True,True,CONTROLLED_SYNTHETIC
C000539,Synthetic Customer 000539,INDIVIDUAL,MASS,TR,BRANCH,2026-02-08,False,False,LOW,318430.880000,27,2026-06-25,True,True,CONTROLLED_SYNTHETIC
C000540,Synthetic Customer 000540,INDIVIDUAL,AFFLUENT,GB,DIGITAL,2022-05-28,False,False,MEDIUM,829975.680000,23,2027-03-03,True,True,CONTROLLED_SYNTHETIC
C000541,Synthetic Customer 000541,INDIVIDUAL,MASS,TR,DIGITAL,2017-11-19,False,False,LOW,27975.230000,30,2026-06-15,True,True,CONTROLLED_SYNTHETIC
C000542,Synthetic Customer 000542,CORPORATE,SME,TR,DIGITAL,2022-12-18,False,False,LOW,166428.610000,34,2027-02-27,True,True,CONTROLLED_SYNTHETIC
C000543,Synthetic Customer 000543,INDIVIDUAL,MASS,TR,BRANCH,2021-05-08,False,False,LOW,44948.520000,26,2025-08-11,True,True,CONTROLLED_SYNTHETIC
C000544,Synthetic Customer 000544,INDIVIDUAL,AFFLUENT,TR,DIGITAL,2019-08-14,False,False,MEDIUM,82990.840000,27,2026-08-24,True,True,CONTROLLED_SYNTHETIC
C000545,Synthetic Customer 000545,INDIVIDUAL,MASS,TR,BRANCH,2018-09-10,False,False,HIGH,121747.030000,22,2027-05-02,True,True,CONTROLLED_SYNTHETIC
C000546,Synthetic Customer 000546,INDIVIDUAL,MASS,GE,RELATIONSHIP_MANAGER,2016-12-03,False,False,MEDIUM,39474.750000,31,2026-08-28,True,True,CONTROLLED_SYNTHETIC
C000547,Synthetic Customer 000547,INDIVIDUAL,MASS,TR,DIGITAL,2023-05-24,False,False,LOW,69797.880000,25,2026-11-23,True,True,CONTROLLED_SYNTHETIC
C000548,Synthetic Customer 000548,INDIVIDUAL,MASS,AE,BRANCH,2025-08-05,False,False,LOW,196204.300000,24,2025-12-15,True,True,CONTROLLED_SYNTHETIC
C000549,Synthetic Customer 000549,INDIVIDUAL,PRIVATE,AE,DIGITAL,2017-11-15,False,False,LOW,619005.710000,25,2027-02-11,True,True,CONTROLLED_SYNTHETIC
C000550,Synthetic Customer 000550,CORPORATE,SME,TR,BRANCH,2020-01-11,False,False,LOW,10518.070000,30,2027-02-11,False,True,CONTROLLED_SYNTHETIC
C000551,Synthetic Customer 000551,INDIVIDUAL,MASS,TR,DIGITAL,2018-01-26,False,False,MEDIUM,98452.150000,23,2025-07-29,True,True,CONTROLLED_SYNTHETIC
C000552,Synthetic Customer 000552,CORPORATE,CORPORATE,GB,DIGITAL,2017-06-13,False,False,LOW,8000.000000,31,2026-08-05,True,True,CONTROLLED_SYNTHETIC
C000553,Synthetic Customer 000553,INDIVIDUAL,MASS,TR,RELATIONSHIP_MANAGER,2017-11-20,False,False,MEDIUM,247389.090000,34,2026-12-19,True,True,CONTROLLED_SYNTHETIC
C000554,Synthetic Customer 000554,INDIVIDUAL,MASS,US,DIGITAL,2022-04-23,False,False,HIGH,90853.610000,18,2025-10-05,True,True,CONTROLLED_SYNTHETIC
C000555,Synthetic Customer 000555,INDIVIDUAL,AFFLUENT,TR,RELATIONSHIP_MANAGER,2026-02-21,False,False,LOW,756591.190000,20,2027-09-07,True,True,CONTROLLED_SYNTHETIC
C000556,Synthetic Customer 000556,INDIVIDUAL,MASS,TR,DIGITAL,2021-12-19,False,False,LOW,680149.840000,38,2025-12-27,True,True,CONTROLLED_SYNTHETIC
C000557,Synthetic Customer 000557,INDIVIDUAL,AFFLUENT,AE,DIGITAL,2018-06-20,False,False,LOW,45198.720000,34,2026-02-16,True,True,CONTROLLED_SYNTHETIC
C000558,Synthetic Customer 000558,CORPORATE,COMMERCIAL,TR,BRANCH,2020-02-15,False,False,MEDIUM,50767.010000,27,2026-08-19,True,True,CONTROLLED_SYNTHETIC
C000559,Synthetic Customer 000559,INDIVIDUAL,MASS,TR,DIGITAL,2017-01-06,False,False,HIGH,9287.990000,32,2027-01-08,True,True,CONTROLLED_SYNTHETIC
C000560,Synthetic Customer 000560,INDIVIDUAL,MASS,TR,RELATIONSHIP_MANAGER,2021-06-12,False,False,MEDIUM,378239.890000,29,2027-09-12,True,True,CONTROLLED_SYNTHETIC
C000561,Synthetic Customer 000561,INDIVIDUAL,MASS,TR,DIGITAL,2020-06-19,False,False,LOW,61435.740000,22,2026-03-04,True,False,CONTROLLED_SYNTHETIC
C000562,Synthetic Customer 000562,INDIVIDUAL,MASS,TR,BRANCH,2019-12-09,False,False,LOW,52481.560000,27,2026-12-01,True,False,CONTROLLED_SYNTHETIC
C000563,Synthetic Customer 000563,INDIVIDUAL,MASS,TR,RELATIONSHIP_MANAGER,2017-03-11,False,False,LOW,155767.980000,29,2025-09-05,True,True,CONTROLLED_SYNTHETIC
C000564,Synthetic Customer 000564,INDIVIDUAL,MASS,TR,BRANCH,2020-06-01,False,False,MEDIUM,18543.300000,33,2026-12-06,True,True,CONTROLLED_SYNTHETIC
C000565,Synthetic Customer 000565,INDIVIDUAL,MASS,TR,BRANCH,2019-12-05,False,False,LOW,57018.390000,34,2027-06-17,True,True,CONTROLLED_SYNTHETIC
C000566,Synthetic Customer 000566,INDIVIDUAL,MASS,TR,DIGITAL,2024-02-01,False,False,HIGH,146874.210000,25,2026-03-07,True,True,CONTROLLED_SYNTHETIC
C000567,Synthetic Customer 000567,INDIVIDUAL,AFFLUENT,GB,DIGITAL,2017-06-05,False,False,LOW,18418.120000,27,2026-01-24,True,True,CONTROLLED_SYNTHETIC
C000568,Synthetic Customer 000568,INDIVIDUAL,MASS,TR,DIGITAL,2017-07-19,False,False,LOW,44997.680000,31,2026-02-01,True,True,CONTROLLED_SYNTHETIC
C000569,Synthetic Customer 000569,INDIVIDUAL,MASS,US,BRANCH,2020-09-22,False,False,HIGH,150764.390000,28,2025-10-03,True,True,CONTROLLED_SYNTHETIC
C000570,Synthetic Customer 000570,INDIVIDUAL,MASS,TR,DIGITAL,2021-10-04,False,False,MEDIUM,95618.500000,19,2026-08-14,True,True,CONTROLLED_SYNTHETIC
C000571,Synthetic Customer 000571,INDIVIDUAL,MASS,TR,DIGITAL,2017-03-28,False,False,LOW,235405.790000,29,2027-09-27,True,True,CONTROLLED_SYNTHETIC
C000572,Synthetic Customer 000572,INDIVIDUAL,MASS,TR,BRANCH,2017-12-08,False,False,LOW,98767.390000,28,2027-05-20,True,True,CONTROLLED_SYNTHETIC
C000573,Synthetic Customer 000573,INDIVIDUAL,MASS,AE,DIGITAL,2020-04-27,False,False,LOW,561224.770000,34,2027-01-05,True,True,CONTROLLED_SYNTHETIC
C000574,Synthetic Customer 000574,CORPORATE,SME,RS,DIGITAL,2020-07-05,False,False,MEDIUM,58966.620000,29,2025-12-30,False,True,CONTROLLED_SYNTHETIC
C000575,Synthetic Customer 000575,INDIVIDUAL,MASS,TR,BRANCH,2016-09-14,False,False,MEDIUM,525374.210000,30,2026-02-10,True,True,CONTROLLED_SYNTHETIC
C000576,Synthetic Customer 000576,CORPORATE,COMMERCIAL,TR,BRANCH,2019-03-02,False,False,MEDIUM,182152.770000,22,2027-04-07,True,True,CONTROLLED_SYNTHETIC
C000577,Synthetic Customer 000577,INDIVIDUAL,AFFLUENT,TR,DIGITAL,2016-10-06,False,False,MEDIUM,247553.330000,26,2025-10-25,True,False,CONTROLLED_SYNTHETIC
C000578,Synthetic Customer 000578,INDIVIDUAL,MASS,DE,BRANCH,2018-06-05,False,False,MEDIUM,54131.480000,22,2026-11-14,True,True,CONTROLLED_SYNTHETIC
C000579,Synthetic Customer 000579,INDIVIDUAL,AFFLUENT,TR,BRANCH,2021-02-02,False,False,LOW,39088.930000,26,2026-05-11,True,True,CONTROLLED_SYNTHETIC
C000580,Synthetic Customer 000580,INDIVIDUAL,AFFLUENT,GE,RELATIONSHIP_MANAGER,2020-07-05,False,False,LOW,25846.630000,24,2026-06-06,True,True,CONTROLLED_SYNTHETIC
C000581,Synthetic Customer 000581,CORPORATE,SME,TR,DIGITAL,2020-05-10,True,True,LOW,8000.000000,25,2026-10-06,True,True,CONTROLLED_SYNTHETIC
C000582,Synthetic Customer 000582,INDIVIDUAL,MASS,AE,DIGITAL,2018-05-23,True,False,LOW,316575.580000,25,2027-06-20,True,True,CONTROLLED_SYNTHETIC
C000583,Synthetic Customer 000583,INDIVIDUAL,MASS,US,BRANCH,2023-06-05,False,False,LOW,572272.320000,23,2027-05-07,True,True,CONTROLLED_SYNTHETIC
C000584,Synthetic Customer 000584,INDIVIDUAL,MASS,TR,RELATIONSHIP_MANAGER,2022-06-09,False,False,LOW,8538.090000,28,2027-04-25,True,True,CONTROLLED_SYNTHETIC
C000585,Synthetic Customer 000585,INDIVIDUAL,AFFLUENT,TR,DIGITAL,2021-10-11,False,False,LOW,30550.340000,29,2025-10-28,True,True,CONTROLLED_SYNTHETIC
C000586,Synthetic Customer 000586,INDIVIDUAL,MASS,TR,BRANCH,2019-01-19,False,False,LOW,33170.280000,29,2027-05-05,True,True,CONTROLLED_SYNTHETIC
C000587,Synthetic Customer 000587,CORPORATE,SME,AE,DIGITAL,2019-08-05,False,False,HIGH,78631.960000,35,2027-06-20,True,True,CONTROLLED_SYNTHETIC
C000588,Synthetic Customer 000588,INDIVIDUAL,MASS,TR,BRANCH,2024-11-08,False,False,MEDIUM,10699.540000,35,2026-04-18,True,True,CONTROLLED_SYNTHETIC
C000589,Synthetic Customer 000589,INDIVIDUAL,MASS,TR,BRANCH,2017-09-02,False,False,LOW,235321.870000,28,2026-11-20,True,True,CONTROLLED_SYNTHETIC
C000590,Synthetic Customer 000590,CORPORATE,CORPORATE,TR,DIGITAL,2024-08-31,False,False,LOW,166745.470000,29,2027-05-09,True,True,CONTROLLED_SYNTHETIC
C000591,Synthetic Customer 000591,INDIVIDUAL,MASS,US,DIGITAL,2024-12-01,False,False,LOW,325515.710000,27,2026-09-24,True,True,CONTROLLED_SYNTHETIC
C000592,Synthetic Customer 000592,CORPORATE,SME,TR,DIGITAL,2022-12-30,False,False,MEDIUM,27068.390000,20,2027-05-21,True,True,CONTROLLED_SYNTHETIC
C000593,Synthetic Customer 000593,INDIVIDUAL,MASS,TR,BRANCH,2016-12-13,False,False,LOW,840030.900000,31,2025-11-06,True,True,CONTROLLED_SYNTHETIC
C000594,Synthetic Customer 000594,INDIVIDUAL,MASS,AE,BRANCH,2020-11-26,False,False,MEDIUM,70412.790000,29,2026-12-29,True,True,CONTROLLED_SYNTHETIC
C000595,Synthetic Customer 000595,INDIVIDUAL,MASS,TR,BRANCH,2020-04-26,False,False,LOW,46532.680000,25,2026-10-11,True,True,CONTROLLED_SYNTHETIC
C000596,Synthetic Customer 000596,INDIVIDUAL,MASS,XH,BRANCH,2020-05-21,False,False,LOW,27095.750000,18,2027-09-15,True,True,CONTROLLED_SYNTHETIC
C000597,Synthetic Customer 000597,INDIVIDUAL,AFFLUENT,TR,DIGITAL,2017-11-19,False,False,MEDIUM,135994.710000,21,2027-10-10,True,True,CONTROLLED_SYNTHETIC
C000598,Synthetic Customer 000598,INDIVIDUAL,MASS,DE,BRANCH,2024-03-29,False,False,LOW,115152.830000,25,2025-12-02,True,True,CONTROLLED_SYNTHETIC
C000599,Synthetic Customer 000599,INDIVIDUAL,AFFLUENT,DE,DIGITAL,2023-09-12,False,False,LOW,197837.200000,30,2026-05-02,True,True,CONTROLLED_SYNTHETIC
C000600,Synthetic Customer 000600,CORPORATE,COMMERCIAL,TR,BRANCH,2024-07-06,False,False,LOW,45729.800000,23,2025-08-14,True,False,CONTROLLED_SYNTHETIC
C000601,Synthetic Customer 000601,INDIVIDUAL,MASS,GB,BRANCH,2021-03-11,False,False,MEDIUM,32839.310000,32,2026-02-23,True,True,CONTROLLED_SYNTHETIC
C000602,Synthetic Customer 000602,INDIVIDUAL,MASS,DE,BRANCH,2018-12-31,False,False,LOW,125631.640000,23,2025-06-28,True,True,CONTROLLED_SYNTHETIC
C000603,Synthetic Customer 000603,CORPORATE,SME,TR,DIGITAL,2018-09-12,False,False,LOW,91769.040000,35,2025-12-27,True,True,CONTROLLED_SYNTHETIC
C000604,Synthetic Customer 000604,INDIVIDUAL,AFFLUENT,DE,RELATIONSHIP_MANAGER,2021-05-23,False,False,MEDIUM,25121.560000,17,2026-04-06,True,False,CONTROLLED_SYNTHETIC
C000605,Synthetic Customer 000605,INDIVIDUAL,AFFLUENT,US,BRANCH,2017-10-22,False,False,LOW,8011.420000,32,2027-02-09,True,True,CONTROLLED_SYNTHETIC
C000606,Synthetic Customer 000606,INDIVIDUAL,MASS,GB,DIGITAL,2022-11-29,False,False,LOW,98104.730000,34,2025-08-11,True,True,CONTROLLED_SYNTHETIC
C000607,Synthetic Customer 000607,INDIVIDUAL,MASS,TR,DIGITAL,2021-07-24,False,False,LOW,24147.670000,32,2027-06-08,True,True,CONTROLLED_SYNTHETIC
C000608,Synthetic Customer 000608,INDIVIDUAL,MASS,TR,DIGITAL,2019-01-26,False,False,LOW,174271.590000,26,2025-12-07,True,True,CONTROLLED_SYNTHETIC
C000609,Synthetic Customer 000609,INDIVIDUAL,MASS,XH,DIGITAL,2023-11-16,False,False,LOW,191684.970000,30,2026-02-28,True,True,CONTROLLED_SYNTHETIC
C000610,Synthetic Customer 000610,INDIVIDUAL,MASS,TR,BRANCH,2019-12-23,False,False,LOW,182491.060000,21,2027-08-06,True,True,CONTROLLED_SYNTHETIC
C000611,Synthetic Customer 000611,INDIVIDUAL,MASS,TR,RELATIONSHIP_MANAGER,2018-08-17,False,False,LOW,109637.670000,29,2025-09-21,True,True,CONTROLLED_SYNTHETIC
C000612,Synthetic Customer 000612,CORPORATE,SME,TR,BRANCH,2020-06-05,False,False,MEDIUM,691830.210000,28,2025-10-09,True,True,CONTROLLED_SYNTHETIC
C000613,Synthetic Customer 000613,INDIVIDUAL,PRIVATE,TR,BRANCH,2021-06-18,False,False,MEDIUM,78521.820000,16,2025-08-13,True,True,CONTROLLED_SYNTHETIC
C000614,Synthetic Customer 000614,INDIVIDUAL,AFFLUENT,TR,DIGITAL,2022-02-03,False,False,MEDIUM,76894.800000,27,2027-09-24,True,True,CONTROLLED_SYNTHETIC
C000615,Synthetic Customer 000615,INDIVIDUAL,MASS,TR,DIGITAL,2021-03-30,False,False,LOW,19859.170000,28,2027-02-16,True,True,CONTROLLED_SYNTHETIC
C000616,Synthetic Customer 000616,INDIVIDUAL,MASS,TR,DIGITAL,2017-08-29,False,False,LOW,230312.110000,31,2027-03-25,True,True,CONTROLLED_SYNTHETIC
C000617,Synthetic Customer 000617,INDIVIDUAL,AFFLUENT,GB,BRANCH,2021-09-18,False,False,LOW,619803.130000,27,2027-06-09,True,True,CONTROLLED_SYNTHETIC
C000618,Synthetic Customer 000618,INDIVIDUAL,MASS,GE,BRANCH,2021-09-15,False,False,MEDIUM,645835.780000,28,2026-09-30,True,False,CONTROLLED_SYNTHETIC
C000619,Synthetic Customer 000619,INDIVIDUAL,MASS,TR,DIGITAL,2020-08-08,False,False,MEDIUM,63592.240000,26,2026-11-12,True,True,CONTROLLED_SYNTHETIC
C000620,Synthetic Customer 000620,INDIVIDUAL,MASS,TR,BRANCH,2017-12-18,False,False,HIGH,99300.380000,25,2027-01-25,True,True,CONTROLLED_SYNTHETIC
C000621,Synthetic Customer 000621,INDIVIDUAL,AFFLUENT,TR,DIGITAL,2022-09-20,False,False,LOW,38333.260000,28,2026-12-25,True,True,CONTROLLED_SYNTHETIC
C000622,Synthetic Customer 000622,CORPORATE,SME,TR,RELATIONSHIP_MANAGER,2017-02-11,False,False,LOW,235621.220000,29,2027-01-24,True,True,CONTROLLED_SYNTHETIC
C000623,Synthetic Customer 000623,CORPORATE,SME,TR,DIGITAL,2019-10-18,False,False,LOW,324288.580000,19,2026-12-16,True,True,CONTROLLED_SYNTHETIC
C000624,Synthetic Customer 000624,INDIVIDUAL,AFFLUENT,TR,DIGITAL,2021-10-22,False,False,LOW,480877.730000,22,2027-01-15,True,True,CONTROLLED_SYNTHETIC
C000625,Synthetic Customer 000625,INDIVIDUAL,MASS,TR,BRANCH,2026-04-18,False,False,HIGH,154575.930000,21,2025-11-22,True,True,CONTROLLED_SYNTHETIC
C000626,Synthetic Customer 000626,INDIVIDUAL,AFFLUENT,TR,DIGITAL,2023-09-26,False,False,MEDIUM,59538.890000,21,2026-03-10,True,True,CONTROLLED_SYNTHETIC
C000627,Synthetic Customer 000627,INDIVIDUAL,MASS,TR,RELATIONSHIP_MANAGER,2021-09-02,False,False,LOW,330839.290000,36,2026-02-05,True,True,CONTROLLED_SYNTHETIC
C000628,Synthetic Customer 000628,INDIVIDUAL,MASS,TR,DIGITAL,2017-02-09,False,False,MEDIUM,140495.660000,23,2027-03-27,True,True,CONTROLLED_SYNTHETIC
C000629,Synthetic Customer 000629,INDIVIDUAL,AFFLUENT,TR,DIGITAL,2022-06-05,False,False,MEDIUM,64302.790000,30,2027-02-26,True,True,CONTROLLED_SYNTHETIC
C000630,Synthetic Customer 000630,CORPORATE,SME,TR,DIGITAL,2023-11-09,False,False,LOW,16710.370000,31,2027-09-14,True,True,CONTROLLED_SYNTHETIC
C000631,Synthetic Customer 000631,CORPORATE,SME,TR,BRANCH,2019-03-15,False,False,MEDIUM,190945.920000,32,2027-10-06,True,True,CONTROLLED_SYNTHETIC
C000632,Synthetic Customer 000632,CORPORATE,SME,TR,DIGITAL,2026-06-16,False,False,LOW,89057.220000,32,2027-04-08,True,True,CONTROLLED_SYNTHETIC
C000633,Synthetic Customer 000633,CORPORATE,SME,TR,DIGITAL,2020-09-14,False,False,LOW,390683.710000,29,2025-11-09,True,True,CONTROLLED_SYNTHETIC
C000634,Synthetic Customer 000634,CORPORATE,CORPORATE,TR,RELATIONSHIP_MANAGER,2016-09-01,False,False,HIGH,572379.420000,22,2025-12-25,True,True,CONTROLLED_SYNTHETIC
C000635,Synthetic Customer 000635,INDIVIDUAL,MASS,TR,RELATIONSHIP_MANAGER,2022-03-08,False,False,LOW,327833.870000,34,2026-11-07,True,True,CONTROLLED_SYNTHETIC
C000636,Synthetic Customer 000636,INDIVIDUAL,AFFLUENT,TR,BRANCH,2026-02-24,False,False,MEDIUM,71255.110000,22,2027-05-25,True,True,CONTROLLED_SYNTHETIC
C000637,Synthetic Customer 000637,INDIVIDUAL,MASS,TR,DIGITAL,2016-11-07,False,False,HIGH,104329.190000,26,2026-05-09,True,True,CONTROLLED_SYNTHETIC
C000638,Synthetic Customer 000638,INDIVIDUAL,AFFLUENT,AE,RELATIONSHIP_MANAGER,2021-07-15,False,False,LOW,63287.490000,31,2026-01-03,True,True,CONTROLLED_SYNTHETIC
C000639,Synthetic Customer 000639,CORPORATE,SME,DE,BRANCH,2020-04-09,False,False,LOW,35184.340000,28,2027-03-02,True,True,CONTROLLED_SYNTHETIC
C000640,Synthetic Customer 000640,INDIVIDUAL,MASS,TR,BRANCH,2021-09-28,False,False,LOW,20764.500000,24,2026-02-15,True,True,CONTROLLED_SYNTHETIC
C000641,Synthetic Customer 000641,INDIVIDUAL,MASS,TR,BRANCH,2024-05-15,False,False,LOW,61441.280000,27,2026-09-02,True,True,CONTROLLED_SYNTHETIC
C000642,Synthetic Customer 000642,INDIVIDUAL,MASS,DE,BRANCH,2018-04-01,False,False,MEDIUM,184103.630000,26,2026-11-30,True,True,CONTROLLED_SYNTHETIC
C000643,Synthetic Customer 000643,INDIVIDUAL,AFFLUENT,US,DIGITAL,2025-10-16,False,False,MEDIUM,96757.830000,31,2026-06-07,True,True,CONTROLLED_SYNTHETIC
C000644,Synthetic Customer 000644,INDIVIDUAL,MASS,TR,BRANCH,2020-11-09,False,False,LOW,377191.830000,18,2027-05-21,True,True,CONTROLLED_SYNTHETIC
C000645,Synthetic Customer 000645,INDIVIDUAL,MASS,AE,BRANCH,2019-02-06,False,False,HIGH,239597.190000,29,2027-04-23,True,True,CONTROLLED_SYNTHETIC
C000646,Synthetic Customer 000646,INDIVIDUAL,MASS,TR,BRANCH,2019-10-13,False,False,MEDIUM,64690.400000,30,2026-07-12,True,True,CONTROLLED_SYNTHETIC
C000647,Synthetic Customer 000647,CORPORATE,CORPORATE,TR,BRANCH,2019-01-28,False,False,MEDIUM,74216.200000,36,2027-05-10,True,True,CONTROLLED_SYNTHETIC
C000648,Synthetic Customer 000648,INDIVIDUAL,MASS,DE,DIGITAL,2019-12-26,False,False,LOW,116868.740000,36,2027-08-05,True,True,CONTROLLED_SYNTHETIC
C000649,Synthetic Customer 000649,INDIVIDUAL,MASS,TR,RELATIONSHIP_MANAGER,2023-01-21,False,False,LOW,97395.190000,27,2027-04-18,True,True,CONTROLLED_SYNTHETIC
C000650,Synthetic Customer 000650,CORPORATE,SME,TR,BRANCH,2021-08-04,False,False,LOW,127766.720000,20,2027-03-30,True,True,CONTROLLED_SYNTHETIC
C000651,Synthetic Customer 000651,INDIVIDUAL,MASS,TR,RELATIONSHIP_MANAGER,2023-09-20,False,False,MEDIUM,201181.250000,24,2027-09-20,True,True,CONTROLLED_SYNTHETIC
C000652,Synthetic Customer 000652,INDIVIDUAL,MASS,AE,BRANCH,2021-10-19,False,False,LOW,72978.020000,26,2027-02-25,True,False,CONTROLLED_SYNTHETIC
C000653,Synthetic Customer 000653,INDIVIDUAL,MASS,TR,RELATIONSHIP_MANAGER,2018-08-24,False,False,LOW,49442.860000,29,2026-11-08,True,True,CONTROLLED_SYNTHETIC
C000654,Synthetic Customer 000654,INDIVIDUAL,AFFLUENT,TR,DIGITAL,2024-11-26,False,False,LOW,363245.360000,33,2027-08-15,True,True,CONTROLLED_SYNTHETIC
C000655,Synthetic Customer 000655,INDIVIDUAL,MASS,US,BRANCH,2017-12-16,False,False,LOW,333936.600000,26,2027-05-20,True,True,CONTROLLED_SYNTHETIC
C000656,Synthetic Customer 000656,INDIVIDUAL,MASS,TR,BRANCH,2024-02-15,False,False,LOW,660115.250000,31,2027-07-29,True,True,CONTROLLED_SYNTHETIC
C000657,Synthetic Customer 000657,INDIVIDUAL,MASS,TR,BRANCH,2024-05-22,False,False,LOW,29814.700000,36,2025-08-21,True,True,CONTROLLED_SYNTHETIC
C000658,Synthetic Customer 000658,INDIVIDUAL,MASS,TR,RELATIONSHIP_MANAGER,2019-10-24,False,False,LOW,97521.890000,23,2027-09-04,True,True,CONTROLLED_SYNTHETIC
C000659,Synthetic Customer 000659,INDIVIDUAL,MASS,TR,DIGITAL,2017-11-18,False,False,LOW,9109.950000,36,2025-07-24,True,True,CONTROLLED_SYNTHETIC
C000660,Synthetic Customer 000660,INDIVIDUAL,MASS,TR,BRANCH,2025-07-27,False,False,MEDIUM,162902.520000,31,2026-04-08,True,True,CONTROLLED_SYNTHETIC
C000661,Synthetic Customer 000661,INDIVIDUAL,AFFLUENT,TR,DIGITAL,2018-07-06,False,False,LOW,631184.650000,28,2027-04-20,True,True,CONTROLLED_SYNTHETIC
C000662,Synthetic Customer 000662,INDIVIDUAL,MASS,TR,DIGITAL,2018-06-30,False,False,MEDIUM,197964.090000,29,2027-06-17,True,True,CONTROLLED_SYNTHETIC
C000663,Synthetic Customer 000663,INDIVIDUAL,AFFLUENT,TR,DIGITAL,2017-07-13,False,False,LOW,78014.880000,30,2026-02-19,True,True,CONTROLLED_SYNTHETIC
C000664,Synthetic Customer 000664,INDIVIDUAL,MASS,DE,BRANCH,2017-08-28,False,False,LOW,59628.700000,43,2025-07-28,True,True,CONTROLLED_SYNTHETIC
C000665,Synthetic Customer 000665,INDIVIDUAL,MASS,TR,RELATIONSHIP_MANAGER,2021-11-29,False,False,LOW,22586.650000,29,2027-06-20,True,True,CONTROLLED_SYNTHETIC
C000666,Synthetic Customer 000666,INDIVIDUAL,AFFLUENT,TR,BRANCH,2020-06-16,False,False,LOW,34878.120000,27,2026-09-26,True,True,CONTROLLED_SYNTHETIC
C000667,Synthetic Customer 000667,INDIVIDUAL,MASS,TR,RELATIONSHIP_MANAGER,2021-12-01,False,False,LOW,424658.640000,27,2025-09-29,True,True,CONTROLLED_SYNTHETIC
C000668,Synthetic Customer 000668,INDIVIDUAL,MASS,TR,BRANCH,2018-12-18,False,False,LOW,83949.960000,20,2025-09-22,True,True,CONTROLLED_SYNTHETIC
C000669,Synthetic Customer 000669,INDIVIDUAL,MASS,TR,BRANCH,2021-07-09,False,False,MEDIUM,37030.650000,30,2026-10-26,True,True,CONTROLLED_SYNTHETIC
C000670,Synthetic Customer 000670,INDIVIDUAL,MASS,TR,RELATIONSHIP_MANAGER,2019-05-15,False,False,LOW,59794.860000,19,2027-06-09,True,True,CONTROLLED_SYNTHETIC
C000671,Synthetic Customer 000671,CORPORATE,COMMERCIAL,TR,DIGITAL,2022-09-16,False,False,LOW,93604.060000,31,2025-10-31,True,True,CONTROLLED_SYNTHETIC
C000672,Synthetic Customer 000672,INDIVIDUAL,AFFLUENT,DE,RELATIONSHIP_MANAGER,2022-05-06,False,False,MEDIUM,44701.030000,31,2026-07-22,True,True,CONTROLLED_SYNTHETIC
C000673,Synthetic Customer 000673,INDIVIDUAL,PRIVATE,TR,DIGITAL,2019-02-15,False,False,MEDIUM,149459.240000,24,2025-08-06,True,True,CONTROLLED_SYNTHETIC
C000674,Synthetic Customer 000674,INDIVIDUAL,MASS,TR,BRANCH,2022-02-13,False,False,MEDIUM,101890.520000,35,2025-09-08,True,True,CONTROLLED_SYNTHETIC
C000675,Synthetic Customer 000675,INDIVIDUAL,PRIVATE,TR,DIGITAL,2019-05-31,False,False,LOW,150451.850000,24,2025-12-25,True,True,CONTROLLED_SYNTHETIC
C000676,Synthetic Customer 000676,INDIVIDUAL,AFFLUENT,GB,BRANCH,2026-06-01,False,False,LOW,8000.000000,34,2026-04-28,True,True,CONTROLLED_SYNTHETIC
C000677,Synthetic Customer 000677,INDIVIDUAL,AFFLUENT,AE,RELATIONSHIP_MANAGER,2019-12-08,False,False,LOW,75477.950000,27,2025-12-10,True,True,CONTROLLED_SYNTHETIC
C000678,Synthetic Customer 000678,CORPORATE,CORPORATE,TR,BRANCH,2020-10-07,False,False,MEDIUM,338017.460000,38,2025-08-08,False,True,CONTROLLED_SYNTHETIC
C000679,Synthetic Customer 000679,INDIVIDUAL,MASS,TR,DIGITAL,2018-12-24,True,False,MEDIUM,219400.750000,28,2027-08-02,True,True,CONTROLLED_SYNTHETIC
C000680,Synthetic Customer 000680,INDIVIDUAL,MASS,TR,DIGITAL,2019-02-24,False,False,LOW,127279.810000,20,2027-05-12,True,True,CONTROLLED_SYNTHETIC
C000681,Synthetic Customer 000681,INDIVIDUAL,MASS,TR,RELATIONSHIP_MANAGER,2025-06-08,False,False,LOW,175274.690000,28,2026-06-30,True,True,CONTROLLED_SYNTHETIC
C000682,Synthetic Customer 000682,INDIVIDUAL,MASS,TR,DIGITAL,2020-01-03,False,False,LOW,40883.690000,23,2026-11-09,True,True,CONTROLLED_SYNTHETIC
C000683,Synthetic Customer 000683,INDIVIDUAL,MASS,TR,DIGITAL,2022-07-09,False,False,MEDIUM,102281.210000,25,2027-09-09,True,False,CONTROLLED_SYNTHETIC
C000684,Synthetic Customer 000684,CORPORATE,COMMERCIAL,GB,DIGITAL,2017-06-13,False,False,LOW,50352.050000,22,2026-05-06,True,True,CONTROLLED_SYNTHETIC
C000685,Synthetic Customer 000685,INDIVIDUAL,MASS,TR,RELATIONSHIP_MANAGER,2025-01-06,False,False,MEDIUM,28796.180000,29,2026-04-24,True,True,CONTROLLED_SYNTHETIC
C000686,Synthetic Customer 000686,INDIVIDUAL,AFFLUENT,TR,DIGITAL,2019-07-31,False,False,LOW,42752.680000,29,2025-09-11,True,True,CONTROLLED_SYNTHETIC
C000687,Synthetic Customer 000687,INDIVIDUAL,MASS,US,DIGITAL,2020-11-01,False,False,LOW,501453.800000,22,2025-10-14,True,True,CONTROLLED_SYNTHETIC
C000688,Synthetic Customer 000688,INDIVIDUAL,MASS,TR,BRANCH,2024-01-09,True,False,LOW,20979.040000,27,2025-12-19,True,False,CONTROLLED_SYNTHETIC
C000689,Synthetic Customer 000689,INDIVIDUAL,MASS,TR,BRANCH,2018-11-22,False,False,HIGH,55961.080000,29,2027-02-13,True,True,CONTROLLED_SYNTHETIC
C000690,Synthetic Customer 000690,INDIVIDUAL,MASS,TR,BRANCH,2020-08-18,False,False,LOW,27848.090000,25,2026-08-31,True,True,CONTROLLED_SYNTHETIC
C000691,Synthetic Customer 000691,INDIVIDUAL,AFFLUENT,TR,BRANCH,2025-02-22,False,False,MEDIUM,499255.350000,35,2025-07-07,True,True,CONTROLLED_SYNTHETIC
C000692,Synthetic Customer 000692,INDIVIDUAL,AFFLUENT,TR,BRANCH,2025-10-16,False,False,LOW,91856.270000,26,2026-05-05,True,True,CONTROLLED_SYNTHETIC
C000693,Synthetic Customer 000693,INDIVIDUAL,AFFLUENT,TR,BRANCH,2018-07-21,False,False,MEDIUM,464397.590000,30,2027-01-11,True,True,CONTROLLED_SYNTHETIC
C000694,Synthetic Customer 000694,CORPORATE,SME,TR,DIGITAL,2022-04-14,False,False,LOW,8000.000000,30,2025-09-23,True,True,CONTROLLED_SYNTHETIC
C000695,Synthetic Customer 000695,INDIVIDUAL,MASS,TR,DIGITAL,2022-02-18,False,False,MEDIUM,301414.610000,39,2027-08-09,True,True,CONTROLLED_SYNTHETIC
C000696,Synthetic Customer 000696,CORPORATE,SME,TR,DIGITAL,2016-10-14,False,False,LOW,25733.930000,22,2027-07-28,True,True,CONTROLLED_SYNTHETIC
C000697,Synthetic Customer 000697,INDIVIDUAL,AFFLUENT,TR,DIGITAL,2018-07-29,False,False,LOW,25146.260000,29,2026-07-13,True,True,CONTROLLED_SYNTHETIC
C000698,Synthetic Customer 000698,INDIVIDUAL,MASS,TR,DIGITAL,2024-07-05,False,False,LOW,149600.150000,29,2027-05-03,True,True,CONTROLLED_SYNTHETIC
C000699,Synthetic Customer 000699,INDIVIDUAL,MASS,US,BRANCH,2018-05-31,False,False,LOW,118041.010000,29,2027-06-03,True,False,CONTROLLED_SYNTHETIC
C000700,Synthetic Customer 000700,INDIVIDUAL,MASS,TR,DIGITAL,2019-07-02,False,False,LOW,16098.240000,30,2026-11-30,True,True,CONTROLLED_SYNTHETIC
C000701,Synthetic Customer 000701,INDIVIDUAL,PRIVATE,GE,DIGITAL,2023-02-04,False,False,LOW,163442.570000,22,2026-12-31,True,True,CONTROLLED_SYNTHETIC
C000702,Synthetic Customer 000702,INDIVIDUAL,MASS,TR,BRANCH,2019-01-29,False,False,MEDIUM,107546.100000,28,2026-05-17,True,True,CONTROLLED_SYNTHETIC
C000703,Synthetic Customer 000703,INDIVIDUAL,MASS,TR,BRANCH,2022-11-03,False,False,MEDIUM,1137576.330000,30,2027-05-15,True,True,CONTROLLED_SYNTHETIC
C000704,Synthetic Customer 000704,CORPORATE,SME,GE,DIGITAL,2020-10-15,False,False,MEDIUM,102460.980000,25,2026-12-24,True,True,CONTROLLED_SYNTHETIC
C000705,Synthetic Customer 000705,INDIVIDUAL,AFFLUENT,GB,BRANCH,2018-10-31,False,False,MEDIUM,10418.030000,24,2025-11-25,True,True,CONTROLLED_SYNTHETIC
C000706,Synthetic Customer 000706,INDIVIDUAL,MASS,TR,BRANCH,2018-04-27,False,False,MEDIUM,41879.590000,17,2027-06-04,True,False,CONTROLLED_SYNTHETIC
C000707,Synthetic Customer 000707,INDIVIDUAL,AFFLUENT,TR,DIGITAL,2023-06-30,False,False,LOW,9821.830000,25,2025-07-02,True,True,CONTROLLED_SYNTHETIC
C000708,Synthetic Customer 000708,INDIVIDUAL,AFFLUENT,DE,DIGITAL,2025-10-09,False,False,HIGH,80804.720000,26,2026-06-28,True,True,CONTROLLED_SYNTHETIC
C000709,Synthetic Customer 000709,INDIVIDUAL,MASS,TR,BRANCH,2018-09-20,False,False,LOW,537069.330000,27,2026-07-09,True,True,CONTROLLED_SYNTHETIC
C000710,Synthetic Customer 000710,INDIVIDUAL,MASS,TR,DIGITAL,2017-11-03,False,False,LOW,36781.570000,32,2026-08-05,True,True,CONTROLLED_SYNTHETIC
C000711,Synthetic Customer 000711,INDIVIDUAL,AFFLUENT,TR,DIGITAL,2021-10-12,False,False,LOW,20211.500000,27,2026-02-15,True,True,CONTROLLED_SYNTHETIC
C000712,Synthetic Customer 000712,INDIVIDUAL,MASS,TR,DIGITAL,2018-05-01,False,False,HIGH,60359.260000,32,2026-11-02,True,True,CONTROLLED_SYNTHETIC
C000713,Synthetic Customer 000713,CORPORATE,SME,TR,DIGITAL,2024-12-03,False,False,LOW,150361.040000,23,2026-08-02,True,True,CONTROLLED_SYNTHETIC
C000714,Synthetic Customer 000714,INDIVIDUAL,AFFLUENT,TR,DIGITAL,2021-02-10,False,False,HIGH,26037.650000,24,2026-10-04,True,True,CONTROLLED_SYNTHETIC
C000715,Synthetic Customer 000715,INDIVIDUAL,MASS,TR,DIGITAL,2021-08-04,False,False,LOW,8356.910000,37,2026-10-19,True,True,CONTROLLED_SYNTHETIC
C000716,Synthetic Customer 000716,INDIVIDUAL,AFFLUENT,TR,BRANCH,2022-04-01,False,False,LOW,47674.690000,23,2026-08-01,True,True,CONTROLLED_SYNTHETIC
C000717,Synthetic Customer 000717,INDIVIDUAL,MASS,TR,BRANCH,2019-04-27,False,False,HIGH,8000.000000,21,2027-09-25,True,True,CONTROLLED_SYNTHETIC
C000718,Synthetic Customer 000718,INDIVIDUAL,MASS,TR,BRANCH,2018-04-13,False,False,LOW,43569.550000,24,2025-12-07,True,True,CONTROLLED_SYNTHETIC
C000719,Synthetic Customer 000719,INDIVIDUAL,MASS,TR,BRANCH,2020-04-25,False,False,LOW,232556.080000,26,2026-01-06,True,False,CONTROLLED_SYNTHETIC
C000720,Synthetic Customer 000720,CORPORATE,SME,RS,DIGITAL,2020-09-03,False,False,MEDIUM,165117.030000,39,2026-10-24,False,True,CONTROLLED_SYNTHETIC
C000721,Synthetic Customer 000721,INDIVIDUAL,MASS,TR,BRANCH,2016-09-02,False,False,LOW,60938.990000,27,2027-10-07,True,True,CONTROLLED_SYNTHETIC
C000722,Synthetic Customer 000722,INDIVIDUAL,MASS,TR,DIGITAL,2017-07-29,False,False,LOW,54214.640000,27,2027-04-10,True,True,CONTROLLED_SYNTHETIC
C000723,Synthetic Customer 000723,INDIVIDUAL,MASS,TR,DIGITAL,2026-01-14,False,False,LOW,530257.830000,37,2026-11-20,True,True,CONTROLLED_SYNTHETIC
C000724,Synthetic Customer 000724,INDIVIDUAL,MASS,TR,DIGITAL,2018-06-15,False,True,LOW,33183.830000,28,2026-07-13,True,True,CONTROLLED_SYNTHETIC
C000725,Synthetic Customer 000725,CORPORATE,SME,TR,DIGITAL,2023-04-25,False,False,LOW,70030.500000,34,2025-10-16,True,False,CONTROLLED_SYNTHETIC
C000726,Synthetic Customer 000726,CORPORATE,SME,TR,DIGITAL,2024-03-08,False,False,LOW,17938.260000,27,2027-05-08,True,True,CONTROLLED_SYNTHETIC
C000727,Synthetic Customer 000727,INDIVIDUAL,AFFLUENT,GB,DIGITAL,2023-04-30,False,False,LOW,40289.200000,22,2027-01-07,True,True,CONTROLLED_SYNTHETIC
C000728,Synthetic Customer 000728,INDIVIDUAL,MASS,TR,DIGITAL,2021-08-17,False,False,LOW,181746.380000,31,2027-08-22,True,True,CONTROLLED_SYNTHETIC
C000729,Synthetic Customer 000729,INDIVIDUAL,MASS,TR,DIGITAL,2018-03-09,False,False,MEDIUM,107997.730000,22,2026-07-09,True,True,CONTROLLED_SYNTHETIC
C000730,Synthetic Customer 000730,INDIVIDUAL,MASS,TR,BRANCH,2017-10-24,False,False,LOW,172840.390000,25,2027-02-11,True,True,CONTROLLED_SYNTHETIC
C000731,Synthetic Customer 000731,INDIVIDUAL,MASS,TR,DIGITAL,2025-07-18,False,False,MEDIUM,44240.050000,22,2026-06-30,True,True,CONTROLLED_SYNTHETIC
C000732,Synthetic Customer 000732,INDIVIDUAL,AFFLUENT,GE,RELATIONSHIP_MANAGER,2022-06-28,False,False,LOW,117247.020000,36,2026-12-21,True,True,CONTROLLED_SYNTHETIC
C000733,Synthetic Customer 000733,CORPORATE,SME,TR,DIGITAL,2022-07-13,False,False,MEDIUM,30240.680000,30,2027-03-11,True,False,CONTROLLED_SYNTHETIC
C000734,Synthetic Customer 000734,INDIVIDUAL,MASS,RS,DIGITAL,2020-10-30,False,False,MEDIUM,815371.270000,35,2026-06-12,True,True,CONTROLLED_SYNTHETIC
C000735,Synthetic Customer 000735,INDIVIDUAL,MASS,TR,BRANCH,2023-05-21,False,False,LOW,48550.920000,32,2025-11-06,True,True,CONTROLLED_SYNTHETIC
C000736,Synthetic Customer 000736,INDIVIDUAL,AFFLUENT,US,DIGITAL,2020-07-27,False,False,LOW,49786.940000,23,2025-10-18,True,True,CONTROLLED_SYNTHETIC
C000737,Synthetic Customer 000737,CORPORATE,SME,TR,BRANCH,2026-04-29,False,False,LOW,44800.760000,40,2025-11-10,True,True,CONTROLLED_SYNTHETIC
C000738,Synthetic Customer 000738,INDIVIDUAL,AFFLUENT,TR,BRANCH,2018-12-18,False,False,LOW,444741.430000,25,2027-07-13,True,True,CONTROLLED_SYNTHETIC
C000739,Synthetic Customer 000739,INDIVIDUAL,MASS,TR,DIGITAL,2024-02-21,False,False,LOW,397261.580000,32,2026-07-16,True,True,CONTROLLED_SYNTHETIC
C000740,Synthetic Customer 000740,INDIVIDUAL,MASS,TR,BRANCH,2023-11-17,False,False,LOW,228174.830000,36,2026-05-15,True,True,CONTROLLED_SYNTHETIC
C000741,Synthetic Customer 000741,INDIVIDUAL,MASS,TR,DIGITAL,2024-10-05,False,False,MEDIUM,8372.830000,27,2026-03-06,True,True,CONTROLLED_SYNTHETIC
C000742,Synthetic Customer 000742,INDIVIDUAL,MASS,TR,RELATIONSHIP_MANAGER,2025-11-16,False,False,LOW,109093.940000,19,2027-09-17,True,True,CONTROLLED_SYNTHETIC
C000743,Synthetic Customer 000743,INDIVIDUAL,MASS,TR,DIGITAL,2019-03-07,False,False,LOW,95128.910000,26,2025-08-05,True,True,CONTROLLED_SYNTHETIC
C000744,Synthetic Customer 000744,INDIVIDUAL,MASS,GB,BRANCH,2024-02-03,False,False,MEDIUM,294606.460000,29,2025-08-19,True,True,CONTROLLED_SYNTHETIC
C000745,Synthetic Customer 000745,INDIVIDUAL,MASS,TR,DIGITAL,2023-01-22,False,False,MEDIUM,112604.040000,29,2026-02-04,True,True,CONTROLLED_SYNTHETIC
C000746,Synthetic Customer 000746,INDIVIDUAL,PRIVATE,TR,BRANCH,2017-02-25,False,False,HIGH,24603.760000,38,2026-01-05,True,True,CONTROLLED_SYNTHETIC
C000747,Synthetic Customer 000747,INDIVIDUAL,PRIVATE,TR,DIGITAL,2021-11-27,False,False,LOW,57874.430000,27,2026-05-24,True,True,CONTROLLED_SYNTHETIC
C000748,Synthetic Customer 000748,INDIVIDUAL,MASS,TR,BRANCH,2020-07-02,False,False,MEDIUM,19789.060000,25,2026-10-01,True,True,CONTROLLED_SYNTHETIC
C000749,Synthetic Customer 000749,INDIVIDUAL,PRIVATE,GE,RELATIONSHIP_MANAGER,2018-03-21,False,False,LOW,111915.900000,28,2026-02-17,True,True,CONTROLLED_SYNTHETIC
C000750,Synthetic Customer 000750,INDIVIDUAL,MASS,TR,BRANCH,2018-10-16,False,False,LOW,27844.080000,36,2027-08-18,True,True,CONTROLLED_SYNTHETIC
C000751,Synthetic Customer 000751,INDIVIDUAL,MASS,TR,DIGITAL,2020-04-14,False,False,LOW,108057.880000,27,2026-09-30,True,True,CONTROLLED_SYNTHETIC
C000752,Synthetic Customer 000752,INDIVIDUAL,MASS,TR,BRANCH,2023-12-22,False,False,LOW,120965.560000,28,2026-02-16,True,True,CONTROLLED_SYNTHETIC
C000753,Synthetic Customer 000753,CORPORATE,COMMERCIAL,TR,DIGITAL,2017-10-06,False,False,MEDIUM,8000.000000,25,2026-05-20,True,True,CONTROLLED_SYNTHETIC
C000754,Synthetic Customer 000754,INDIVIDUAL,MASS,TR,DIGITAL,2023-01-02,False,False,MEDIUM,33116.540000,23,2025-08-01,True,True,CONTROLLED_SYNTHETIC
C000755,Synthetic Customer 000755,CORPORATE,COMMERCIAL,TR,DIGITAL,2022-08-17,True,False,MEDIUM,36038.170000,25,2025-11-16,True,True,CONTROLLED_SYNTHETIC
C000756,Synthetic Customer 000756,CORPORATE,CORPORATE,TR,DIGITAL,2022-01-26,False,False,LOW,69741.850000,32,2027-09-06,True,True,CONTROLLED_SYNTHETIC
C000757,Synthetic Customer 000757,INDIVIDUAL,AFFLUENT,TR,RELATIONSHIP_MANAGER,2025-12-23,False,False,LOW,46020.700000,30,2026-04-11,True,True,CONTROLLED_SYNTHETIC
C000758,Synthetic Customer 000758,INDIVIDUAL,MASS,TR,BRANCH,2025-07-04,False,False,LOW,23462.850000,27,2027-08-06,True,True,CONTROLLED_SYNTHETIC
C000759,Synthetic Customer 000759,INDIVIDUAL,MASS,TR,BRANCH,2016-11-04,False,False,MEDIUM,288890.250000,28,2027-03-31,True,True,CONTROLLED_SYNTHETIC
C000760,Synthetic Customer 000760,INDIVIDUAL,PRIVATE,TR,DIGITAL,2018-11-16,False,False,HIGH,1334839.960000,20,2026-11-09,True,True,CONTROLLED_SYNTHETIC
C000761,Synthetic Customer 000761,CORPORATE,CORPORATE,TR,BRANCH,2020-03-21,False,False,LOW,141497.520000,24,2026-12-19,False,True,CONTROLLED_SYNTHETIC
C000762,Synthetic Customer 000762,INDIVIDUAL,MASS,US,DIGITAL,2017-12-25,False,False,LOW,142871.590000,24,2025-08-24,True,True,CONTROLLED_SYNTHETIC
C000763,Synthetic Customer 000763,INDIVIDUAL,AFFLUENT,TR,DIGITAL,2022-06-24,False,False,LOW,146716.590000,27,2026-09-26,True,True,CONTROLLED_SYNTHETIC
C000764,Synthetic Customer 000764,CORPORATE,SME,GB,DIGITAL,2020-06-24,False,False,MEDIUM,21585.970000,18,2027-10-10,True,True,CONTROLLED_SYNTHETIC
C000765,Synthetic Customer 000765,INDIVIDUAL,PRIVATE,TR,BRANCH,2019-05-06,False,False,MEDIUM,326823.740000,19,2027-05-19,True,True,CONTROLLED_SYNTHETIC
C000766,Synthetic Customer 000766,INDIVIDUAL,AFFLUENT,TR,DIGITAL,2020-01-13,False,False,LOW,84547.510000,24,2026-07-22,True,True,CONTROLLED_SYNTHETIC
C000767,Synthetic Customer 000767,INDIVIDUAL,MASS,TR,BRANCH,2020-02-02,False,False,MEDIUM,152405.500000,27,2026-06-22,True,True,CONTROLLED_SYNTHETIC
C000768,Synthetic Customer 000768,INDIVIDUAL,PRIVATE,TR,BRANCH,2022-10-31,False,False,MEDIUM,134320.940000,31,2027-03-30,True,True,CONTROLLED_SYNTHETIC
C000769,Synthetic Customer 000769,INDIVIDUAL,MASS,TR,BRANCH,2025-12-19,False,False,LOW,36968.170000,24,2027-01-13,True,True,CONTROLLED_SYNTHETIC
C000770,Synthetic Customer 000770,INDIVIDUAL,AFFLUENT,TR,DIGITAL,2019-03-14,False,False,LOW,64588.280000,26,2027-08-13,True,True,CONTROLLED_SYNTHETIC
C000771,Synthetic Customer 000771,INDIVIDUAL,AFFLUENT,TR,BRANCH,2018-05-18,False,False,LOW,986900.650000,29,2027-02-05,True,True,CONTROLLED_SYNTHETIC
C000772,Synthetic Customer 000772,INDIVIDUAL,MASS,TR,DIGITAL,2017-01-25,False,False,LOW,74609.100000,21,2026-02-23,True,True,CONTROLLED_SYNTHETIC
C000773,Synthetic Customer 000773,INDIVIDUAL,MASS,TR,RELATIONSHIP_MANAGER,2022-02-18,False,False,MEDIUM,51589.600000,25,2025-08-17,True,True,CONTROLLED_SYNTHETIC
C000774,Synthetic Customer 000774,INDIVIDUAL,MASS,TR,BRANCH,2023-10-30,False,False,MEDIUM,442629.540000,38,2026-01-22,True,True,CONTROLLED_SYNTHETIC
C000775,Synthetic Customer 000775,INDIVIDUAL,MASS,TR,BRANCH,2025-10-04,False,False,LOW,17543.390000,22,2027-08-05,True,True,CONTROLLED_SYNTHETIC
C000776,Synthetic Customer 000776,CORPORATE,SME,TR,DIGITAL,2025-11-07,False,False,LOW,71496.650000,30,2026-10-06,True,True,CONTROLLED_SYNTHETIC
C000777,Synthetic Customer 000777,INDIVIDUAL,MASS,RS,DIGITAL,2018-04-28,False,False,MEDIUM,683819.010000,27,2026-11-02,True,True,CONTROLLED_SYNTHETIC
C000778,Synthetic Customer 000778,INDIVIDUAL,MASS,TR,DIGITAL,2017-06-03,False,False,MEDIUM,85763.530000,20,2026-12-25,True,True,CONTROLLED_SYNTHETIC
C000779,Synthetic Customer 000779,CORPORATE,CORPORATE,AE,BRANCH,2025-07-09,False,False,MEDIUM,13660.800000,25,2025-10-01,True,True,CONTROLLED_SYNTHETIC
C000780,Synthetic Customer 000780,INDIVIDUAL,AFFLUENT,US,BRANCH,2019-10-01,False,False,LOW,172301.790000,29,2027-02-07,True,True,CONTROLLED_SYNTHETIC
C000781,Synthetic Customer 000781,INDIVIDUAL,AFFLUENT,TR,BRANCH,2023-04-21,False,False,LOW,40018.820000,32,2026-09-04,True,True,CONTROLLED_SYNTHETIC
C000782,Synthetic Customer 000782,INDIVIDUAL,MASS,TR,BRANCH,2017-11-05,True,False,MEDIUM,92056.880000,19,2027-06-13,True,True,CONTROLLED_SYNTHETIC
C000783,Synthetic Customer 000783,INDIVIDUAL,MASS,TR,BRANCH,2018-10-24,False,False,MEDIUM,86149.440000,34,2026-11-03,True,True,CONTROLLED_SYNTHETIC
C000784,Synthetic Customer 000784,INDIVIDUAL,MASS,TR,RELATIONSHIP_MANAGER,2017-07-15,False,False,LOW,8000.000000,28,2027-03-16,True,True,CONTROLLED_SYNTHETIC
C000785,Synthetic Customer 000785,INDIVIDUAL,MASS,TR,BRANCH,2025-02-22,False,False,LOW,8000.000000,25,2027-07-19,True,True,CONTROLLED_SYNTHETIC
C000786,Synthetic Customer 000786,INDIVIDUAL,MASS,GB,BRANCH,2020-06-22,False,False,LOW,28394.920000,26,2027-04-05,True,True,CONTROLLED_SYNTHETIC
C000787,Synthetic Customer 000787,INDIVIDUAL,MASS,TR,BRANCH,2023-03-18,False,False,MEDIUM,129496.940000,29,2027-03-13,True,True,CONTROLLED_SYNTHETIC
C000788,Synthetic Customer 000788,INDIVIDUAL,MASS,TR,RELATIONSHIP_MANAGER,2021-08-13,False,False,LOW,27870.820000,30,2025-09-15,True,True,CONTROLLED_SYNTHETIC
C000789,Synthetic Customer 000789,INDIVIDUAL,MASS,TR,DIGITAL,2023-01-13,False,False,LOW,126909.940000,27,2026-11-06,True,True,CONTROLLED_SYNTHETIC
C000790,Synthetic Customer 000790,INDIVIDUAL,MASS,TR,BRANCH,2018-10-18,False,False,LOW,327040.520000,23,2026-04-19,True,True,CONTROLLED_SYNTHETIC
C000791,Synthetic Customer 000791,INDIVIDUAL,MASS,TR,DIGITAL,2018-09-04,False,False,LOW,104504.890000,32,2026-11-02,True,True,CONTROLLED_SYNTHETIC
C000792,Synthetic Customer 000792,INDIVIDUAL,AFFLUENT,TR,BRANCH,2022-07-31,False,False,LOW,40200.670000,27,2026-07-24,True,True,CONTROLLED_SYNTHETIC
C000793,Synthetic Customer 000793,INDIVIDUAL,MASS,TR,BRANCH,2022-01-23,False,False,HIGH,124104.160000,18,2026-11-06,True,False,CONTROLLED_SYNTHETIC
C000794,Synthetic Customer 000794,INDIVIDUAL,MASS,TR,DIGITAL,2021-10-24,False,False,LOW,34601.450000,33,2027-01-15,True,True,CONTROLLED_SYNTHETIC
C000795,Synthetic Customer 000795,INDIVIDUAL,MASS,TR,DIGITAL,2020-10-15,False,False,LOW,40088.320000,32,2025-09-05,True,True,CONTROLLED_SYNTHETIC
C000796,Synthetic Customer 000796,INDIVIDUAL,MASS,TR,BRANCH,2020-01-05,False,False,LOW,97302.780000,35,2027-03-03,True,False,CONTROLLED_SYNTHETIC
C000797,Synthetic Customer 000797,INDIVIDUAL,PRIVATE,TR,DIGITAL,2017-07-24,False,False,LOW,34253.020000,25,2027-10-13,True,True,CONTROLLED_SYNTHETIC
C000798,Synthetic Customer 000798,INDIVIDUAL,MASS,AE,DIGITAL,2018-02-19,False,False,LOW,347039.760000,33,2025-09-21,True,True,CONTROLLED_SYNTHETIC
C000799,Synthetic Customer 000799,CORPORATE,CORPORATE,TR,DIGITAL,2017-10-15,False,False,LOW,198985.750000,26,2026-11-03,True,True,CONTROLLED_SYNTHETIC
C000800,Synthetic Customer 000800,INDIVIDUAL,MASS,TR,BRANCH,2023-02-07,False,False,MEDIUM,63030.770000,28,2026-02-02,True,True,CONTROLLED_SYNTHETIC
C000801,Synthetic Customer 000801,INDIVIDUAL,MASS,TR,BRANCH,2024-12-04,False,False,LOW,42890.030000,21,2026-05-07,True,True,CONTROLLED_SYNTHETIC
C000802,Synthetic Customer 000802,INDIVIDUAL,MASS,TR,DIGITAL,2017-06-21,False,False,LOW,910907.890000,28,2026-02-11,True,True,CONTROLLED_SYNTHETIC
C000803,Synthetic Customer 000803,INDIVIDUAL,MASS,TR,DIGITAL,2023-11-11,False,False,LOW,119905.950000,25,2026-06-30,True,True,CONTROLLED_SYNTHETIC
C000804,Synthetic Customer 000804,INDIVIDUAL,AFFLUENT,GE,BRANCH,2021-09-10,False,False,MEDIUM,14509.430000,30,2027-07-31,True,True,CONTROLLED_SYNTHETIC
C000805,Synthetic Customer 000805,INDIVIDUAL,MASS,TR,BRANCH,2016-11-11,False,False,LOW,14872.650000,42,2027-07-05,True,True,CONTROLLED_SYNTHETIC
C000806,Synthetic Customer 000806,INDIVIDUAL,AFFLUENT,TR,BRANCH,2022-10-30,False,False,LOW,31196.880000,25,2027-04-28,True,True,CONTROLLED_SYNTHETIC
C000807,Synthetic Customer 000807,INDIVIDUAL,MASS,TR,BRANCH,2021-02-08,False,False,LOW,59607.280000,19,2025-10-06,True,True,CONTROLLED_SYNTHETIC
C000808,Synthetic Customer 000808,CORPORATE,COMMERCIAL,AE,DIGITAL,2025-01-05,False,False,LOW,296723.470000,29,2027-08-17,True,True,CONTROLLED_SYNTHETIC
C000809,Synthetic Customer 000809,CORPORATE,SME,TR,BRANCH,2020-04-27,False,False,LOW,17129.050000,29,2026-03-01,True,True,CONTROLLED_SYNTHETIC
C000810,Synthetic Customer 000810,INDIVIDUAL,MASS,TR,BRANCH,2023-06-28,False,False,LOW,196438.280000,31,2026-10-08,True,True,CONTROLLED_SYNTHETIC
C000811,Synthetic Customer 000811,CORPORATE,COMMERCIAL,TR,BRANCH,2022-10-11,False,False,MEDIUM,8000.000000,26,2027-03-07,True,True,CONTROLLED_SYNTHETIC
C000812,Synthetic Customer 000812,INDIVIDUAL,MASS,TR,DIGITAL,2020-09-21,False,False,LOW,61240.610000,27,2025-12-12,True,True,CONTROLLED_SYNTHETIC
C000813,Synthetic Customer 000813,INDIVIDUAL,AFFLUENT,TR,DIGITAL,2020-07-09,False,False,MEDIUM,23330.710000,27,2026-07-03,True,True,CONTROLLED_SYNTHETIC
C000814,Synthetic Customer 000814,INDIVIDUAL,MASS,TR,RELATIONSHIP_MANAGER,2025-03-09,False,False,LOW,273009.480000,26,2027-10-10,True,True,CONTROLLED_SYNTHETIC
C000815,Synthetic Customer 000815,INDIVIDUAL,AFFLUENT,TR,RELATIONSHIP_MANAGER,2018-03-31,False,False,LOW,36700.230000,20,2026-06-19,True,True,CONTROLLED_SYNTHETIC
C000816,Synthetic Customer 000816,INDIVIDUAL,MASS,DE,DIGITAL,2023-06-01,False,False,LOW,90274.830000,22,2027-02-01,True,True,CONTROLLED_SYNTHETIC
C000817,Synthetic Customer 000817,INDIVIDUAL,MASS,TR,DIGITAL,2025-07-13,False,False,LOW,12539.830000,27,2027-05-14,True,True,CONTROLLED_SYNTHETIC
C000818,Synthetic Customer 000818,CORPORATE,SME,TR,DIGITAL,2025-08-07,False,False,LOW,222310.830000,28,2025-08-06,True,True,CONTROLLED_SYNTHETIC
C000819,Synthetic Customer 000819,INDIVIDUAL,MASS,AE,BRANCH,2018-07-24,False,False,MEDIUM,23497.430000,29,2025-11-29,True,True,CONTROLLED_SYNTHETIC
C000820,Synthetic Customer 000820,INDIVIDUAL,MASS,TR,BRANCH,2022-03-18,False,False,LOW,22640.740000,30,2026-06-20,True,True,CONTROLLED_SYNTHETIC
C000821,Synthetic Customer 000821,INDIVIDUAL,MASS,TR,DIGITAL,2017-12-26,False,False,MEDIUM,140501.640000,26,2027-01-19,True,True,CONTROLLED_SYNTHETIC
C000822,Synthetic Customer 000822,INDIVIDUAL,MASS,AE,RELATIONSHIP_MANAGER,2017-02-02,False,False,LOW,8000.000000,25,2026-04-11,True,True,CONTROLLED_SYNTHETIC
C000823,Synthetic Customer 000823,INDIVIDUAL,MASS,TR,DIGITAL,2021-06-13,False,False,LOW,15117.090000,32,2027-03-03,True,True,CONTROLLED_SYNTHETIC
C000824,Synthetic Customer 000824,CORPORATE,SME,TR,DIGITAL,2024-10-12,False,False,LOW,69210.130000,28,2026-02-10,True,True,CONTROLLED_SYNTHETIC
C000825,Synthetic Customer 000825,CORPORATE,COMMERCIAL,AE,DIGITAL,2019-07-19,False,False,LOW,107861.220000,23,2026-01-15,True,True,CONTROLLED_SYNTHETIC
C000826,Synthetic Customer 000826,CORPORATE,COMMERCIAL,TR,DIGITAL,2025-12-03,False,False,LOW,9163.070000,30,2027-06-20,True,True,CONTROLLED_SYNTHETIC
C000827,Synthetic Customer 000827,CORPORATE,SME,TR,BRANCH,2021-05-16,False,False,LOW,140172.940000,23,2027-06-26,False,True,CONTROLLED_SYNTHETIC
C000828,Synthetic Customer 000828,INDIVIDUAL,MASS,GB,BRANCH,2018-01-26,False,False,LOW,727577.910000,19,2027-01-30,True,False,CONTROLLED_SYNTHETIC
C000829,Synthetic Customer 000829,CORPORATE,SME,TR,DIGITAL,2019-03-03,False,False,LOW,1207251.870000,26,2025-09-14,True,True,CONTROLLED_SYNTHETIC
C000830,Synthetic Customer 000830,INDIVIDUAL,MASS,TR,DIGITAL,2026-06-10,False,False,MEDIUM,8000.000000,30,2026-07-24,True,True,CONTROLLED_SYNTHETIC
C000831,Synthetic Customer 000831,INDIVIDUAL,MASS,TR,BRANCH,2017-02-26,False,False,LOW,32213.220000,27,2025-12-02,True,True,CONTROLLED_SYNTHETIC
C000832,Synthetic Customer 000832,INDIVIDUAL,MASS,TR,BRANCH,2022-11-17,False,False,LOW,65480.010000,32,2025-09-02,True,True,CONTROLLED_SYNTHETIC
C000833,Synthetic Customer 000833,INDIVIDUAL,MASS,TR,DIGITAL,2018-01-27,False,False,LOW,31017.340000,27,2027-07-05,True,True,CONTROLLED_SYNTHETIC
C000834,Synthetic Customer 000834,INDIVIDUAL,MASS,TR,DIGITAL,2018-09-02,False,False,LOW,46791.760000,26,2025-08-10,True,True,CONTROLLED_SYNTHETIC
C000835,Synthetic Customer 000835,CORPORATE,SME,AE,DIGITAL,2024-08-28,False,False,MEDIUM,415349.140000,33,2027-07-30,True,True,CONTROLLED_SYNTHETIC
C000836,Synthetic Customer 000836,INDIVIDUAL,AFFLUENT,TR,BRANCH,2018-07-14,False,False,LOW,221362.460000,30,2027-08-22,True,True,CONTROLLED_SYNTHETIC
C000837,Synthetic Customer 000837,INDIVIDUAL,AFFLUENT,TR,BRANCH,2018-01-26,False,False,HIGH,102014.570000,29,2026-07-21,True,True,CONTROLLED_SYNTHETIC
C000838,Synthetic Customer 000838,INDIVIDUAL,MASS,TR,DIGITAL,2025-08-07,False,False,HIGH,383790.440000,28,2025-09-20,True,True,CONTROLLED_SYNTHETIC
C000839,Synthetic Customer 000839,CORPORATE,SME,TR,RELATIONSHIP_MANAGER,2019-08-09,False,False,LOW,38503.640000,26,2025-06-29,True,True,CONTROLLED_SYNTHETIC
C000840,Synthetic Customer 000840,INDIVIDUAL,MASS,TR,DIGITAL,2021-04-06,False,False,MEDIUM,38178.420000,17,2026-01-09,True,True,CONTROLLED_SYNTHETIC
C000841,Synthetic Customer 000841,INDIVIDUAL,MASS,TR,RELATIONSHIP_MANAGER,2017-10-11,False,False,LOW,20278.340000,23,2026-01-15,True,True,CONTROLLED_SYNTHETIC
C000842,Synthetic Customer 000842,CORPORATE,CORPORATE,TR,BRANCH,2023-06-18,False,False,LOW,8000.000000,24,2026-12-12,True,True,CONTROLLED_SYNTHETIC
C000843,Synthetic Customer 000843,INDIVIDUAL,MASS,TR,BRANCH,2016-10-10,False,False,MEDIUM,32271.800000,22,2027-05-17,True,True,CONTROLLED_SYNTHETIC
C000844,Synthetic Customer 000844,INDIVIDUAL,MASS,TR,DIGITAL,2020-07-25,False,False,LOW,341760.500000,19,2026-07-21,True,True,CONTROLLED_SYNTHETIC
C000845,Synthetic Customer 000845,INDIVIDUAL,MASS,TR,BRANCH,2019-07-13,False,False,HIGH,344004.310000,17,2026-09-08,True,True,CONTROLLED_SYNTHETIC
C000846,Synthetic Customer 000846,INDIVIDUAL,MASS,TR,DIGITAL,2021-10-31,False,False,HIGH,95687.940000,22,2026-05-30,True,True,CONTROLLED_SYNTHETIC
C000847,Synthetic Customer 000847,CORPORATE,CORPORATE,TR,DIGITAL,2017-02-19,False,False,HIGH,39535.910000,34,2027-05-26,False,True,CONTROLLED_SYNTHETIC
C000848,Synthetic Customer 000848,INDIVIDUAL,MASS,TR,DIGITAL,2023-11-01,False,False,LOW,38670.680000,27,2026-04-02,True,True,CONTROLLED_SYNTHETIC
C000849,Synthetic Customer 000849,INDIVIDUAL,MASS,TR,BRANCH,2020-09-29,False,False,LOW,189898.540000,24,2025-10-17,True,True,CONTROLLED_SYNTHETIC
C000850,Synthetic Customer 000850,INDIVIDUAL,AFFLUENT,TR,BRANCH,2018-02-22,False,False,LOW,301958.590000,27,2027-08-16,True,True,CONTROLLED_SYNTHETIC
C000851,Synthetic Customer 000851,INDIVIDUAL,AFFLUENT,TR,RELATIONSHIP_MANAGER,2020-02-04,False,False,MEDIUM,20061.700000,21,2026-03-15,True,True,CONTROLLED_SYNTHETIC
C000852,Synthetic Customer 000852,CORPORATE,SME,TR,BRANCH,2021-03-13,False,False,LOW,36962.520000,20,2026-09-14,True,True,CONTROLLED_SYNTHETIC
C000853,Synthetic Customer 000853,INDIVIDUAL,MASS,TR,BRANCH,2023-04-10,False,False,LOW,32720.970000,21,2025-09-01,True,True,CONTROLLED_SYNTHETIC
C000854,Synthetic Customer 000854,INDIVIDUAL,AFFLUENT,TR,DIGITAL,2021-08-03,False,False,LOW,38386.630000,22,2025-10-15,True,True,CONTROLLED_SYNTHETIC
C000855,Synthetic Customer 000855,INDIVIDUAL,MASS,TR,DIGITAL,2021-06-07,False,False,LOW,49522.210000,29,2025-09-14,True,True,CONTROLLED_SYNTHETIC
C000856,Synthetic Customer 000856,INDIVIDUAL,MASS,TR,DIGITAL,2019-06-27,False,False,LOW,334160.260000,29,2026-09-06,True,True,CONTROLLED_SYNTHETIC
C000857,Synthetic Customer 000857,CORPORATE,CORPORATE,TR,DIGITAL,2020-12-12,False,False,LOW,14415.940000,30,2027-06-11,True,True,CONTROLLED_SYNTHETIC
C000858,Synthetic Customer 000858,INDIVIDUAL,AFFLUENT,TR,DIGITAL,2018-03-11,False,False,MEDIUM,25383.210000,19,2027-10-12,True,True,CONTROLLED_SYNTHETIC
C000859,Synthetic Customer 000859,CORPORATE,SME,GB,DIGITAL,2021-09-03,False,False,MEDIUM,39534.570000,27,2027-02-18,True,True,CONTROLLED_SYNTHETIC
C000860,Synthetic Customer 000860,CORPORATE,COMMERCIAL,TR,DIGITAL,2024-01-13,False,False,MEDIUM,248430.380000,21,2026-02-05,True,True,CONTROLLED_SYNTHETIC
C000861,Synthetic Customer 000861,INDIVIDUAL,MASS,TR,BRANCH,2017-01-17,False,False,MEDIUM,91748.690000,26,2026-08-20,True,True,CONTROLLED_SYNTHETIC
C000862,Synthetic Customer 000862,CORPORATE,SME,TR,DIGITAL,2025-11-11,False,False,LOW,214088.730000,34,2025-11-19,True,True,CONTROLLED_SYNTHETIC
C000863,Synthetic Customer 000863,INDIVIDUAL,MASS,GB,DIGITAL,2020-06-08,False,False,LOW,62204.200000,31,2027-10-11,True,True,CONTROLLED_SYNTHETIC
C000864,Synthetic Customer 000864,INDIVIDUAL,AFFLUENT,TR,DIGITAL,2020-10-08,False,False,LOW,54587.540000,40,2026-08-29,True,True,CONTROLLED_SYNTHETIC
C000865,Synthetic Customer 000865,INDIVIDUAL,AFFLUENT,XH,DIGITAL,2017-11-08,False,False,LOW,375774.190000,31,2027-02-09,True,True,CONTROLLED_SYNTHETIC
C000866,Synthetic Customer 000866,CORPORATE,SME,US,DIGITAL,2021-11-18,False,False,LOW,114637.740000,26,2026-07-25,True,True,CONTROLLED_SYNTHETIC
C000867,Synthetic Customer 000867,INDIVIDUAL,MASS,TR,DIGITAL,2019-06-21,False,False,MEDIUM,130780.190000,21,2026-08-26,True,True,CONTROLLED_SYNTHETIC
C000868,Synthetic Customer 000868,INDIVIDUAL,AFFLUENT,TR,BRANCH,2017-05-02,True,False,MEDIUM,57637.750000,30,2027-05-25,True,True,CONTROLLED_SYNTHETIC
C000869,Synthetic Customer 000869,INDIVIDUAL,MASS,TR,DIGITAL,2022-09-23,False,False,LOW,80732.280000,26,2026-10-21,True,True,CONTROLLED_SYNTHETIC
C000870,Synthetic Customer 000870,INDIVIDUAL,AFFLUENT,TR,DIGITAL,2021-03-20,False,False,LOW,8450.430000,34,2027-05-24,True,True,CONTROLLED_SYNTHETIC
C000871,Synthetic Customer 000871,CORPORATE,SME,TR,BRANCH,2017-02-24,False,False,LOW,97489.240000,33,2025-08-21,True,True,CONTROLLED_SYNTHETIC
C000872,Synthetic Customer 000872,CORPORATE,SME,TR,RELATIONSHIP_MANAGER,2023-09-20,False,False,MEDIUM,62150.670000,34,2025-09-16,True,True,CONTROLLED_SYNTHETIC
C000873,Synthetic Customer 000873,INDIVIDUAL,MASS,TR,DIGITAL,2025-01-03,False,False,LOW,27068.870000,24,2027-04-12,True,True,CONTROLLED_SYNTHETIC
C000874,Synthetic Customer 000874,INDIVIDUAL,MASS,RS,BRANCH,2019-03-26,False,False,LOW,25189.610000,25,2027-01-16,True,True,CONTROLLED_SYNTHETIC
C000875,Synthetic Customer 000875,INDIVIDUAL,AFFLUENT,TR,RELATIONSHIP_MANAGER,2018-04-20,False,False,MEDIUM,43384.440000,29,2027-01-16,True,True,CONTROLLED_SYNTHETIC
C000876,Synthetic Customer 000876,INDIVIDUAL,MASS,TR,DIGITAL,2017-05-06,False,False,LOW,199215.520000,25,2025-12-11,True,True,CONTROLLED_SYNTHETIC
C000877,Synthetic Customer 000877,INDIVIDUAL,MASS,TR,BRANCH,2019-05-27,False,False,LOW,97257.280000,30,2027-03-08,True,True,CONTROLLED_SYNTHETIC
C000878,Synthetic Customer 000878,CORPORATE,SME,DE,DIGITAL,2022-12-09,False,False,MEDIUM,40676.790000,32,2026-05-16,True,True,CONTROLLED_SYNTHETIC
C000879,Synthetic Customer 000879,INDIVIDUAL,MASS,TR,BRANCH,2024-08-09,False,False,LOW,30326.710000,24,2027-09-29,True,True,CONTROLLED_SYNTHETIC
C000880,Synthetic Customer 000880,INDIVIDUAL,MASS,DE,BRANCH,2020-02-16,False,False,LOW,42889.190000,27,2027-05-22,True,True,CONTROLLED_SYNTHETIC
C000881,Synthetic Customer 000881,INDIVIDUAL,AFFLUENT,TR,BRANCH,2025-06-30,False,False,LOW,61268.770000,36,2026-11-24,True,True,CONTROLLED_SYNTHETIC
C000882,Synthetic Customer 000882,CORPORATE,SME,TR,BRANCH,2022-03-29,False,False,LOW,13032.420000,34,2027-01-08,True,True,CONTROLLED_SYNTHETIC
C000883,Synthetic Customer 000883,INDIVIDUAL,MASS,TR,BRANCH,2019-08-25,False,False,LOW,24720.730000,31,2026-03-26,True,True,CONTROLLED_SYNTHETIC
C000884,Synthetic Customer 000884,INDIVIDUAL,MASS,GE,BRANCH,2020-07-26,False,False,LOW,137020.470000,20,2025-10-10,True,True,CONTROLLED_SYNTHETIC
C000885,Synthetic Customer 000885,CORPORATE,SME,GB,DIGITAL,2020-06-05,False,False,LOW,231388.290000,25,2026-12-12,True,True,CONTROLLED_SYNTHETIC
C000886,Synthetic Customer 000886,CORPORATE,CORPORATE,TR,BRANCH,2025-02-11,False,False,LOW,274983.620000,28,2026-03-12,True,True,CONTROLLED_SYNTHETIC
C000887,Synthetic Customer 000887,CORPORATE,SME,TR,BRANCH,2024-11-01,False,False,MEDIUM,278553.170000,30,2027-06-08,True,True,CONTROLLED_SYNTHETIC
C000888,Synthetic Customer 000888,INDIVIDUAL,AFFLUENT,TR,BRANCH,2022-03-16,False,False,LOW,55938.160000,32,2027-03-22,True,True,CONTROLLED_SYNTHETIC
C000889,Synthetic Customer 000889,INDIVIDUAL,MASS,TR,DIGITAL,2024-01-02,False,False,LOW,247919.790000,24,2027-09-14,True,True,CONTROLLED_SYNTHETIC
C000890,Synthetic Customer 000890,INDIVIDUAL,MASS,TR,BRANCH,2017-10-18,False,False,LOW,179388.960000,26,2026-08-24,True,True,CONTROLLED_SYNTHETIC
C000891,Synthetic Customer 000891,INDIVIDUAL,MASS,TR,BRANCH,2024-11-14,False,False,MEDIUM,86347.320000,31,2027-05-12,True,True,CONTROLLED_SYNTHETIC
C000892,Synthetic Customer 000892,INDIVIDUAL,MASS,TR,BRANCH,2019-12-04,False,False,LOW,225510.870000,25,2027-01-09,True,True,CONTROLLED_SYNTHETIC
C000893,Synthetic Customer 000893,INDIVIDUAL,MASS,TR,BRANCH,2017-04-29,False,False,MEDIUM,21938.800000,28,2025-08-09,True,True,CONTROLLED_SYNTHETIC
C000894,Synthetic Customer 000894,CORPORATE,SME,TR,DIGITAL,2016-10-01,False,False,MEDIUM,421842.460000,27,2026-06-14,True,True,CONTROLLED_SYNTHETIC
C000895,Synthetic Customer 000895,INDIVIDUAL,PRIVATE,TR,DIGITAL,2017-01-26,False,False,LOW,48730.670000,32,2027-04-04,True,True,CONTROLLED_SYNTHETIC
C000896,Synthetic Customer 000896,INDIVIDUAL,MASS,TR,RELATIONSHIP_MANAGER,2019-04-10,False,False,MEDIUM,14428.530000,26,2027-02-20,True,True,CONTROLLED_SYNTHETIC
C000897,Synthetic Customer 000897,INDIVIDUAL,MASS,TR,DIGITAL,2020-02-18,False,False,LOW,59128.030000,22,2027-02-13,True,True,CONTROLLED_SYNTHETIC
C000898,Synthetic Customer 000898,CORPORATE,SME,TR,DIGITAL,2020-08-13,False,False,LOW,86959.400000,19,2026-08-25,True,True,CONTROLLED_SYNTHETIC
C000899,Synthetic Customer 000899,INDIVIDUAL,MASS,TR,DIGITAL,2021-01-15,False,False,LOW,60114.150000,36,2026-07-23,True,True,CONTROLLED_SYNTHETIC
C000900,Synthetic Customer 000900,INDIVIDUAL,MASS,TR,DIGITAL,2019-02-25,False,False,MEDIUM,50447.430000,29,2027-04-06,True,True,CONTROLLED_SYNTHETIC
C000901,Synthetic Customer 000901,INDIVIDUAL,AFFLUENT,TR,RELATIONSHIP_MANAGER,2017-05-03,True,False,LOW,10571.640000,24,2027-08-02,True,True,CONTROLLED_SYNTHETIC
C000902,Synthetic Customer 000902,INDIVIDUAL,MASS,TR,DIGITAL,2022-09-18,False,False,MEDIUM,135504.650000,18,2027-03-24,True,True,CONTROLLED_SYNTHETIC
C000903,Synthetic Customer 000903,INDIVIDUAL,AFFLUENT,TR,DIGITAL,2020-09-18,False,False,LOW,1039628.520000,29,2025-10-08,True,False,CONTROLLED_SYNTHETIC
C000904,Synthetic Customer 000904,INDIVIDUAL,MASS,TR,DIGITAL,2025-01-27,False,False,LOW,81225.890000,26,2025-08-29,True,True,CONTROLLED_SYNTHETIC
C000905,Synthetic Customer 000905,CORPORATE,SME,TR,BRANCH,2020-02-13,False,False,MEDIUM,22016.850000,38,2025-09-24,False,True,CONTROLLED_SYNTHETIC
C000906,Synthetic Customer 000906,INDIVIDUAL,MASS,TR,RELATIONSHIP_MANAGER,2021-01-25,False,False,LOW,159207.910000,26,2026-01-02,True,True,CONTROLLED_SYNTHETIC
C000907,Synthetic Customer 000907,INDIVIDUAL,MASS,TR,RELATIONSHIP_MANAGER,2020-07-28,False,False,MEDIUM,22985.830000,23,2027-06-26,True,True,CONTROLLED_SYNTHETIC
C000908,Synthetic Customer 000908,INDIVIDUAL,MASS,TR,DIGITAL,2025-11-12,False,False,LOW,98116.460000,28,2025-10-12,True,True,CONTROLLED_SYNTHETIC
C000909,Synthetic Customer 000909,INDIVIDUAL,MASS,AE,BRANCH,2020-11-30,False,False,LOW,63664.910000,30,2026-06-06,True,True,CONTROLLED_SYNTHETIC
C000910,Synthetic Customer 000910,INDIVIDUAL,MASS,TR,DIGITAL,2020-03-08,False,False,LOW,146116.160000,25,2026-10-27,True,True,CONTROLLED_SYNTHETIC
C000911,Synthetic Customer 000911,INDIVIDUAL,PRIVATE,TR,BRANCH,2023-06-19,False,False,MEDIUM,139799.950000,25,2025-07-13,True,True,CONTROLLED_SYNTHETIC
C000912,Synthetic Customer 000912,INDIVIDUAL,MASS,TR,RELATIONSHIP_MANAGER,2023-12-21,False,False,MEDIUM,59542.930000,23,2026-01-19,True,True,CONTROLLED_SYNTHETIC
C000913,Synthetic Customer 000913,INDIVIDUAL,MASS,TR,BRANCH,2018-01-02,False,False,LOW,37183.700000,30,2027-04-14,True,True,CONTROLLED_SYNTHETIC
C000914,Synthetic Customer 000914,INDIVIDUAL,AFFLUENT,TR,DIGITAL,2020-07-12,False,False,LOW,148217.380000,32,2026-12-23,True,True,CONTROLLED_SYNTHETIC
C000915,Synthetic Customer 000915,CORPORATE,SME,TR,DIGITAL,2020-05-01,False,False,LOW,56850.580000,22,2025-10-31,True,True,CONTROLLED_SYNTHETIC
C000916,Synthetic Customer 000916,INDIVIDUAL,MASS,TR,DIGITAL,2024-02-21,False,False,LOW,270100.120000,33,2027-02-18,True,True,CONTROLLED_SYNTHETIC
C000917,Synthetic Customer 000917,INDIVIDUAL,MASS,DE,DIGITAL,2024-03-22,False,False,LOW,272195.790000,25,2027-06-28,True,True,CONTROLLED_SYNTHETIC
C000918,Synthetic Customer 000918,INDIVIDUAL,MASS,TR,BRANCH,2017-08-08,False,False,MEDIUM,72596.720000,22,2027-01-23,True,True,CONTROLLED_SYNTHETIC
C000919,Synthetic Customer 000919,INDIVIDUAL,MASS,TR,RELATIONSHIP_MANAGER,2024-06-21,False,False,LOW,27429.560000,25,2027-03-30,True,True,CONTROLLED_SYNTHETIC
C000920,Synthetic Customer 000920,INDIVIDUAL,AFFLUENT,TR,DIGITAL,2022-01-03,False,False,LOW,69937.370000,31,2026-07-25,True,True,CONTROLLED_SYNTHETIC
C000921,Synthetic Customer 000921,INDIVIDUAL,MASS,TR,BRANCH,2018-09-27,False,False,LOW,50739.900000,27,2027-06-22,True,True,CONTROLLED_SYNTHETIC
C000922,Synthetic Customer 000922,INDIVIDUAL,AFFLUENT,TR,BRANCH,2020-01-10,False,False,MEDIUM,78216.350000,27,2025-10-06,True,True,CONTROLLED_SYNTHETIC
C000923,Synthetic Customer 000923,INDIVIDUAL,MASS,TR,DIGITAL,2026-06-14,False,False,LOW,345694.240000,25,2026-09-11,True,True,CONTROLLED_SYNTHETIC
C000924,Synthetic Customer 000924,INDIVIDUAL,AFFLUENT,TR,DIGITAL,2019-08-05,False,False,LOW,230965.740000,28,2026-03-02,True,True,CONTROLLED_SYNTHETIC
C000925,Synthetic Customer 000925,INDIVIDUAL,MASS,TR,DIGITAL,2026-02-27,False,False,LOW,10261.900000,30,2025-07-04,True,True,CONTROLLED_SYNTHETIC
C000926,Synthetic Customer 000926,INDIVIDUAL,PRIVATE,TR,DIGITAL,2020-12-09,False,False,MEDIUM,316460.630000,21,2025-10-02,True,True,CONTROLLED_SYNTHETIC
C000927,Synthetic Customer 000927,INDIVIDUAL,MASS,TR,DIGITAL,2020-02-20,False,False,LOW,92383.300000,27,2026-02-03,True,True,CONTROLLED_SYNTHETIC
C000928,Synthetic Customer 000928,INDIVIDUAL,MASS,TR,DIGITAL,2021-12-21,False,False,MEDIUM,34280.320000,22,2027-10-11,True,True,CONTROLLED_SYNTHETIC
C000929,Synthetic Customer 000929,INDIVIDUAL,MASS,TR,DIGITAL,2017-06-23,False,False,MEDIUM,37198.490000,22,2027-05-10,True,True,CONTROLLED_SYNTHETIC
C000930,Synthetic Customer 000930,INDIVIDUAL,MASS,TR,DIGITAL,2025-04-01,False,False,MEDIUM,45443.530000,32,2027-01-24,True,True,CONTROLLED_SYNTHETIC
C000931,Synthetic Customer 000931,CORPORATE,COMMERCIAL,TR,DIGITAL,2019-09-03,False,False,MEDIUM,53919.370000,30,2026-10-07,True,False,CONTROLLED_SYNTHETIC
C000932,Synthetic Customer 000932,INDIVIDUAL,MASS,TR,DIGITAL,2021-07-09,False,False,LOW,60308.100000,26,2026-11-19,True,True,CONTROLLED_SYNTHETIC
C000933,Synthetic Customer 000933,CORPORATE,SME,TR,BRANCH,2017-06-22,False,False,MEDIUM,14308.970000,25,2026-11-22,True,False,CONTROLLED_SYNTHETIC
C000934,Synthetic Customer 000934,INDIVIDUAL,MASS,TR,DIGITAL,2018-09-27,False,False,LOW,100689.850000,33,2027-06-06,True,True,CONTROLLED_SYNTHETIC
C000935,Synthetic Customer 000935,INDIVIDUAL,MASS,TR,RELATIONSHIP_MANAGER,2020-06-19,False,False,MEDIUM,37115.800000,29,2026-01-20,True,True,CONTROLLED_SYNTHETIC
C000936,Synthetic Customer 000936,INDIVIDUAL,AFFLUENT,TR,DIGITAL,2021-03-24,False,False,LOW,211028.980000,47,2026-08-02,True,True,CONTROLLED_SYNTHETIC
C000937,Synthetic Customer 000937,CORPORATE,COMMERCIAL,TR,DIGITAL,2023-08-05,False,False,LOW,61312.030000,40,2025-09-12,True,True,CONTROLLED_SYNTHETIC
C000938,Synthetic Customer 000938,INDIVIDUAL,AFFLUENT,TR,RELATIONSHIP_MANAGER,2019-05-15,False,False,MEDIUM,152843.380000,38,2026-06-11,True,True,CONTROLLED_SYNTHETIC
C000939,Synthetic Customer 000939,CORPORATE,SME,TR,DIGITAL,2024-10-22,False,False,LOW,437337.740000,25,2026-08-18,False,True,CONTROLLED_SYNTHETIC
C000940,Synthetic Customer 000940,CORPORATE,SME,TR,BRANCH,2021-04-20,False,False,MEDIUM,74081.830000,27,2025-11-23,True,True,CONTROLLED_SYNTHETIC
C000941,Synthetic Customer 000941,INDIVIDUAL,MASS,TR,BRANCH,2022-04-02,False,False,MEDIUM,49790.120000,25,2027-06-15,True,True,CONTROLLED_SYNTHETIC
C000942,Synthetic Customer 000942,INDIVIDUAL,MASS,TR,DIGITAL,2025-11-20,False,True,LOW,127326.950000,33,2025-08-18,True,True,CONTROLLED_SYNTHETIC
C000943,Synthetic Customer 000943,INDIVIDUAL,AFFLUENT,AE,DIGITAL,2022-08-08,False,False,LOW,36482.950000,22,2026-02-12,True,True,CONTROLLED_SYNTHETIC
C000944,Synthetic Customer 000944,INDIVIDUAL,AFFLUENT,RS,DIGITAL,2022-05-14,False,False,MEDIUM,29320.930000,21,2027-08-26,True,True,CONTROLLED_SYNTHETIC
C000945,Synthetic Customer 000945,CORPORATE,COMMERCIAL,TR,DIGITAL,2023-02-07,False,False,LOW,44701.580000,32,2025-09-17,True,True,CONTROLLED_SYNTHETIC
C000946,Synthetic Customer 000946,INDIVIDUAL,MASS,TR,DIGITAL,2024-08-08,False,False,LOW,34338.410000,28,2025-07-19,True,True,CONTROLLED_SYNTHETIC
C000947,Synthetic Customer 000947,INDIVIDUAL,MASS,TR,RELATIONSHIP_MANAGER,2022-09-09,False,False,LOW,37662.380000,23,2026-03-16,True,True,CONTROLLED_SYNTHETIC
C000948,Synthetic Customer 000948,CORPORATE,COMMERCIAL,TR,DIGITAL,2021-06-11,False,False,LOW,31467.410000,26,2026-05-06,True,True,CONTROLLED_SYNTHETIC
C000949,Synthetic Customer 000949,INDIVIDUAL,MASS,GE,RELATIONSHIP_MANAGER,2017-03-05,False,False,LOW,102855.090000,20,2025-08-09,True,True,CONTROLLED_SYNTHETIC
C000950,Synthetic Customer 000950,INDIVIDUAL,PRIVATE,TR,BRANCH,2017-01-26,False,False,LOW,44884.930000,29,2025-09-22,True,True,CONTROLLED_SYNTHETIC
C000951,Synthetic Customer 000951,CORPORATE,SME,TR,BRANCH,2017-08-28,False,False,MEDIUM,20507.090000,23,2027-08-29,True,True,CONTROLLED_SYNTHETIC
C000952,Synthetic Customer 000952,INDIVIDUAL,MASS,TR,DIGITAL,2023-08-20,False,False,HIGH,84463.700000,26,2026-08-06,True,True,CONTROLLED_SYNTHETIC
C000953,Synthetic Customer 000953,INDIVIDUAL,MASS,DE,DIGITAL,2025-12-02,False,False,LOW,703695.490000,30,2026-01-22,True,True,CONTROLLED_SYNTHETIC
C000954,Synthetic Customer 000954,INDIVIDUAL,AFFLUENT,TR,DIGITAL,2018-02-11,False,False,MEDIUM,90945.040000,25,2025-08-09,True,True,CONTROLLED_SYNTHETIC
C000955,Synthetic Customer 000955,INDIVIDUAL,MASS,AE,BRANCH,2018-07-26,False,False,LOW,22837.840000,30,2025-08-20,True,True,CONTROLLED_SYNTHETIC
C000956,Synthetic Customer 000956,INDIVIDUAL,MASS,XH,DIGITAL,2018-11-09,False,False,LOW,73871.750000,30,2026-03-19,True,True,CONTROLLED_SYNTHETIC
C000957,Synthetic Customer 000957,INDIVIDUAL,MASS,TR,DIGITAL,2025-08-31,False,False,LOW,113264.480000,25,2026-04-13,True,True,CONTROLLED_SYNTHETIC
C000958,Synthetic Customer 000958,CORPORATE,SME,AE,BRANCH,2025-07-12,False,False,LOW,53974.870000,28,2027-06-23,True,True,CONTROLLED_SYNTHETIC
C000959,Synthetic Customer 000959,INDIVIDUAL,MASS,US,DIGITAL,2024-06-19,False,False,LOW,88572.950000,22,2026-05-20,True,True,CONTROLLED_SYNTHETIC
C000960,Synthetic Customer 000960,INDIVIDUAL,MASS,RS,BRANCH,2017-12-13,False,False,LOW,144190.470000,15,2026-01-28,True,True,CONTROLLED_SYNTHETIC
C000961,Synthetic Customer 000961,INDIVIDUAL,AFFLUENT,DE,RELATIONSHIP_MANAGER,2016-11-09,False,False,LOW,14354.010000,35,2026-01-14,True,True,CONTROLLED_SYNTHETIC
C000962,Synthetic Customer 000962,INDIVIDUAL,MASS,TR,DIGITAL,2018-08-30,False,False,LOW,46564.870000,25,2027-05-06,True,True,CONTROLLED_SYNTHETIC
C000963,Synthetic Customer 000963,INDIVIDUAL,MASS,TR,DIGITAL,2023-04-28,False,False,LOW,20625.220000,29,2027-02-17,True,True,CONTROLLED_SYNTHETIC
C000964,Synthetic Customer 000964,INDIVIDUAL,MASS,TR,DIGITAL,2025-02-15,False,False,LOW,283858.240000,25,2026-12-08,True,False,CONTROLLED_SYNTHETIC
C000965,Synthetic Customer 000965,INDIVIDUAL,MASS,DE,DIGITAL,2020-03-24,False,False,LOW,47215.700000,28,2026-11-04,True,True,CONTROLLED_SYNTHETIC
C000966,Synthetic Customer 000966,INDIVIDUAL,MASS,TR,DIGITAL,2018-09-16,False,False,LOW,72907.550000,24,2025-08-03,True,True,CONTROLLED_SYNTHETIC
C000967,Synthetic Customer 000967,INDIVIDUAL,MASS,TR,DIGITAL,2019-06-03,False,False,MEDIUM,59703.310000,23,2027-05-23,True,True,CONTROLLED_SYNTHETIC
C000968,Synthetic Customer 000968,INDIVIDUAL,MASS,TR,BRANCH,2021-09-22,False,False,LOW,8000.000000,29,2027-04-06,True,True,CONTROLLED_SYNTHETIC
C000969,Synthetic Customer 000969,INDIVIDUAL,MASS,TR,DIGITAL,2019-12-23,False,False,MEDIUM,35032.170000,20,2026-09-08,True,True,CONTROLLED_SYNTHETIC
C000970,Synthetic Customer 000970,CORPORATE,CORPORATE,TR,DIGITAL,2019-07-17,False,False,LOW,57927.390000,26,2026-06-25,True,True,CONTROLLED_SYNTHETIC
C000971,Synthetic Customer 000971,INDIVIDUAL,MASS,TR,DIGITAL,2021-08-08,False,False,MEDIUM,48250.270000,30,2025-11-30,True,True,CONTROLLED_SYNTHETIC
C000972,Synthetic Customer 000972,INDIVIDUAL,MASS,TR,BRANCH,2021-05-06,False,False,LOW,20621.940000,27,2027-04-18,True,True,CONTROLLED_SYNTHETIC
C000973,Synthetic Customer 000973,INDIVIDUAL,MASS,TR,DIGITAL,2024-08-11,False,False,MEDIUM,16582.330000,29,2027-08-14,True,True,CONTROLLED_SYNTHETIC
C000974,Synthetic Customer 000974,INDIVIDUAL,MASS,DE,RELATIONSHIP_MANAGER,2017-05-06,False,False,LOW,67417.980000,37,2026-08-06,True,True,CONTROLLED_SYNTHETIC
C000975,Synthetic Customer 000975,INDIVIDUAL,MASS,RS,BRANCH,2023-07-27,False,False,LOW,21434.050000,29,2027-05-13,True,True,CONTROLLED_SYNTHETIC
C000976,Synthetic Customer 000976,INDIVIDUAL,MASS,GB,BRANCH,2024-06-13,False,False,LOW,81481.930000,28,2027-07-15,True,False,CONTROLLED_SYNTHETIC
C000977,Synthetic Customer 000977,INDIVIDUAL,AFFLUENT,DE,DIGITAL,2021-08-21,False,False,LOW,168715.970000,28,2026-04-26,True,True,CONTROLLED_SYNTHETIC
C000978,Synthetic Customer 000978,INDIVIDUAL,MASS,TR,DIGITAL,2019-03-31,False,False,LOW,67206.480000,25,2027-03-31,True,True,CONTROLLED_SYNTHETIC
C000979,Synthetic Customer 000979,INDIVIDUAL,MASS,TR,RELATIONSHIP_MANAGER,2020-12-24,False,False,LOW,47119.280000,27,2026-07-28,True,True,CONTROLLED_SYNTHETIC
C000980,Synthetic Customer 000980,INDIVIDUAL,MASS,TR,DIGITAL,2023-05-31,False,False,LOW,36068.610000,22,2025-12-09,True,False,CONTROLLED_SYNTHETIC
C000981,Synthetic Customer 000981,CORPORATE,SME,TR,BRANCH,2019-07-17,False,False,LOW,34420.220000,24,2026-09-25,True,True,CONTROLLED_SYNTHETIC
C000982,Synthetic Customer 000982,INDIVIDUAL,MASS,TR,DIGITAL,2023-10-30,False,False,MEDIUM,71647.620000,19,2027-06-12,True,True,CONTROLLED_SYNTHETIC
C000983,Synthetic Customer 000983,INDIVIDUAL,AFFLUENT,TR,RELATIONSHIP_MANAGER,2017-05-16,False,False,LOW,53547.140000,25,2027-04-06,True,True,CONTROLLED_SYNTHETIC
C000984,Synthetic Customer 000984,INDIVIDUAL,MASS,TR,DIGITAL,2021-10-24,False,False,MEDIUM,59437.530000,20,2026-09-22,True,True,CONTROLLED_SYNTHETIC
C000985,Synthetic Customer 000985,INDIVIDUAL,MASS,TR,DIGITAL,2023-09-12,False,False,MEDIUM,109109.640000,30,2026-11-14,True,True,CONTROLLED_SYNTHETIC
C000986,Synthetic Customer 000986,INDIVIDUAL,MASS,TR,DIGITAL,2018-09-09,False,False,MEDIUM,989299.300000,27,2026-04-10,True,True,CONTROLLED_SYNTHETIC
C000987,Synthetic Customer 000987,INDIVIDUAL,MASS,TR,RELATIONSHIP_MANAGER,2016-12-21,False,False,MEDIUM,65598.390000,20,2025-07-15,True,False,CONTROLLED_SYNTHETIC
C000988,Synthetic Customer 000988,CORPORATE,SME,TR,DIGITAL,2019-04-30,False,False,LOW,176668.350000,36,2027-01-13,True,True,CONTROLLED_SYNTHETIC
C000989,Synthetic Customer 000989,INDIVIDUAL,MASS,TR,BRANCH,2025-11-20,False,False,LOW,32805.050000,34,2025-07-03,True,True,CONTROLLED_SYNTHETIC
C000990,Synthetic Customer 000990,INDIVIDUAL,MASS,TR,DIGITAL,2023-12-01,False,False,MEDIUM,105876.150000,30,2026-06-12,True,True,CONTROLLED_SYNTHETIC
C000991,Synthetic Customer 000991,INDIVIDUAL,MASS,TR,BRANCH,2017-08-26,False,False,LOW,254052.390000,30,2026-03-01,True,True,CONTROLLED_SYNTHETIC
C000992,Synthetic Customer 000992,CORPORATE,SME,TR,BRANCH,2026-04-20,False,False,LOW,32879.110000,32,2027-01-09,True,True,CONTROLLED_SYNTHETIC
C000993,Synthetic Customer 000993,CORPORATE,SME,AE,DIGITAL,2023-09-30,False,False,MEDIUM,46715.210000,28,2026-12-06,True,True,CONTROLLED_SYNTHETIC
C000994,Synthetic Customer 000994,INDIVIDUAL,AFFLUENT,DE,DIGITAL,2024-04-11,False,False,LOW,991237.530000,27,2027-01-01,True,True,CONTROLLED_SYNTHETIC
C000995,Synthetic Customer 000995,CORPORATE,COMMERCIAL,AE,DIGITAL,2020-02-20,False,False,LOW,24208.010000,27,2026-11-30,True,True,CONTROLLED_SYNTHETIC
C000996,Synthetic Customer 000996,INDIVIDUAL,AFFLUENT,TR,BRANCH,2025-04-24,False,False,LOW,51634.400000,19,2026-02-01,True,True,CONTROLLED_SYNTHETIC
C000997,Synthetic Customer 000997,INDIVIDUAL,MASS,TR,BRANCH,2023-07-09,False,False,LOW,65526.450000,30,2026-06-11,True,True,CONTROLLED_SYNTHETIC
C000998,Synthetic Customer 000998,INDIVIDUAL,MASS,GE,DIGITAL,2021-10-17,False,False,LOW,109002.080000,30,2026-09-10,True,True,CONTROLLED_SYNTHETIC
C000999,Synthetic Customer 000999,CORPORATE,CORPORATE,TR,DIGITAL,2018-05-27,False,False,LOW,99681.180000,26,2025-09-21,True,True,CONTROLLED_SYNTHETIC
C001000,Synthetic Customer 001000,INDIVIDUAL,MASS,TR,DIGITAL,2022-04-23,False,False,LOW,22355.840000,21,2026-05-10,True,True,CONTROLLED_SYNTHETIC
C001001,Synthetic Customer 001001,CORPORATE,CORPORATE,TR,DIGITAL,2020-02-28,False,False,LOW,124643.880000,30,2026-09-25,True,True,CONTROLLED_SYNTHETIC
C001002,Synthetic Customer 001002,INDIVIDUAL,AFFLUENT,TR,BRANCH,2019-09-22,False,False,LOW,141678.130000,16,2026-02-05,True,True,CONTROLLED_SYNTHETIC
C001003,Synthetic Customer 001003,INDIVIDUAL,MASS,TR,BRANCH,2022-09-03,False,False,HIGH,146790.780000,27,2027-06-10,True,True,CONTROLLED_SYNTHETIC
C001004,Synthetic Customer 001004,INDIVIDUAL,MASS,TR,DIGITAL,2025-05-31,False,False,LOW,28808.320000,30,2025-07-31,True,True,CONTROLLED_SYNTHETIC
C001005,Synthetic Customer 001005,CORPORATE,SME,TR,DIGITAL,2026-01-29,False,False,MEDIUM,39162.360000,24,2027-07-11,True,True,CONTROLLED_SYNTHETIC
C001006,Synthetic Customer 001006,INDIVIDUAL,MASS,TR,DIGITAL,2020-04-12,False,False,LOW,128099.320000,38,2026-08-28,True,True,CONTROLLED_SYNTHETIC
C001007,Synthetic Customer 001007,INDIVIDUAL,MASS,US,DIGITAL,2020-01-22,False,False,LOW,61957.250000,26,2026-02-02,True,True,CONTROLLED_SYNTHETIC
C001008,Synthetic Customer 001008,CORPORATE,SME,TR,DIGITAL,2018-10-20,False,False,LOW,81369.480000,24,2026-01-19,True,True,CONTROLLED_SYNTHETIC
C001009,Synthetic Customer 001009,INDIVIDUAL,MASS,AE,RELATIONSHIP_MANAGER,2021-05-24,False,False,HIGH,36845.310000,22,2025-12-21,True,False,CONTROLLED_SYNTHETIC
C001010,Synthetic Customer 001010,CORPORATE,COMMERCIAL,AE,DIGITAL,2016-10-09,False,False,HIGH,45503.610000,22,2027-03-14,True,False,CONTROLLED_SYNTHETIC
C001011,Synthetic Customer 001011,INDIVIDUAL,AFFLUENT,TR,DIGITAL,2025-01-22,False,False,LOW,107046.890000,27,2027-09-27,True,True,CONTROLLED_SYNTHETIC
C001012,Synthetic Customer 001012,INDIVIDUAL,MASS,TR,DIGITAL,2025-03-28,False,False,MEDIUM,298994.020000,26,2025-11-11,True,True,CONTROLLED_SYNTHETIC
C001013,Synthetic Customer 001013,INDIVIDUAL,MASS,TR,DIGITAL,2024-02-13,False,False,LOW,232179.860000,28,2025-11-22,True,True,CONTROLLED_SYNTHETIC
C001014,Synthetic Customer 001014,CORPORATE,SME,TR,DIGITAL,2017-05-11,False,False,LOW,223118.330000,26,2026-12-21,True,True,CONTROLLED_SYNTHETIC
C001015,Synthetic Customer 001015,CORPORATE,COMMERCIAL,TR,DIGITAL,2020-10-29,False,False,MEDIUM,313511.360000,26,2026-03-09,True,True,CONTROLLED_SYNTHETIC
C001016,Synthetic Customer 001016,INDIVIDUAL,MASS,GB,BRANCH,2025-08-11,False,False,LOW,31091.200000,39,2027-04-11,True,True,CONTROLLED_SYNTHETIC
C001017,Synthetic Customer 001017,CORPORATE,COMMERCIAL,TR,DIGITAL,2018-02-23,False,False,LOW,73319.470000,24,2026-05-07,True,True,CONTROLLED_SYNTHETIC
C001018,Synthetic Customer 001018,CORPORATE,SME,TR,BRANCH,2018-06-28,False,False,MEDIUM,8000.000000,21,2027-01-05,True,True,CONTROLLED_SYNTHETIC
C001019,Synthetic Customer 001019,INDIVIDUAL,PRIVATE,TR,DIGITAL,2026-04-04,False,False,LOW,57774.700000,33,2026-12-01,True,True,CONTROLLED_SYNTHETIC
C001020,Synthetic Customer 001020,INDIVIDUAL,MASS,TR,DIGITAL,2018-01-23,False,False,LOW,64360.420000,29,2027-08-11,True,True,CONTROLLED_SYNTHETIC
C001021,Synthetic Customer 001021,INDIVIDUAL,PRIVATE,TR,DIGITAL,2021-12-29,False,False,LOW,74594.840000,25,2025-09-30,True,True,CONTROLLED_SYNTHETIC
C001022,Synthetic Customer 001022,INDIVIDUAL,MASS,TR,BRANCH,2023-02-14,False,False,LOW,247000.320000,37,2025-09-16,True,True,CONTROLLED_SYNTHETIC
C001023,Synthetic Customer 001023,INDIVIDUAL,MASS,TR,RELATIONSHIP_MANAGER,2018-06-20,False,False,MEDIUM,691807.000000,33,2027-06-27,True,True,CONTROLLED_SYNTHETIC
C001024,Synthetic Customer 001024,INDIVIDUAL,MASS,TR,DIGITAL,2017-12-30,False,False,LOW,16241.640000,28,2027-06-02,True,True,CONTROLLED_SYNTHETIC
C001025,Synthetic Customer 001025,INDIVIDUAL,MASS,TR,BRANCH,2024-08-26,False,False,LOW,24565.570000,18,2026-02-21,True,True,CONTROLLED_SYNTHETIC
C001026,Synthetic Customer 001026,INDIVIDUAL,MASS,TR,RELATIONSHIP_MANAGER,2021-01-31,False,False,MEDIUM,112676.420000,26,2026-03-30,True,True,CONTROLLED_SYNTHETIC
C001027,Synthetic Customer 001027,INDIVIDUAL,MASS,TR,RELATIONSHIP_MANAGER,2024-05-26,False,False,MEDIUM,288832.890000,21,2026-01-25,True,True,CONTROLLED_SYNTHETIC
C001028,Synthetic Customer 001028,INDIVIDUAL,AFFLUENT,TR,BRANCH,2020-06-19,False,False,LOW,231100.210000,18,2027-08-24,True,True,CONTROLLED_SYNTHETIC
C001029,Synthetic Customer 001029,INDIVIDUAL,AFFLUENT,TR,DIGITAL,2023-08-27,False,False,LOW,489186.530000,29,2025-07-06,True,True,CONTROLLED_SYNTHETIC
C001030,Synthetic Customer 001030,CORPORATE,SME,TR,DIGITAL,2017-06-11,False,False,LOW,67362.270000,22,2025-07-29,True,False,CONTROLLED_SYNTHETIC
C001031,Synthetic Customer 001031,CORPORATE,SME,TR,BRANCH,2022-02-21,False,False,LOW,125253.990000,34,2025-07-12,True,True,CONTROLLED_SYNTHETIC
C001032,Synthetic Customer 001032,INDIVIDUAL,AFFLUENT,TR,DIGITAL,2017-08-13,False,False,LOW,21255.100000,27,2026-06-22,True,True,CONTROLLED_SYNTHETIC
C001033,Synthetic Customer 001033,INDIVIDUAL,MASS,TR,DIGITAL,2017-01-01,False,False,LOW,84755.780000,30,2025-09-21,True,True,CONTROLLED_SYNTHETIC
C001034,Synthetic Customer 001034,INDIVIDUAL,PRIVATE,TR,DIGITAL,2022-12-08,False,False,MEDIUM,21916.170000,28,2027-09-24,True,True,CONTROLLED_SYNTHETIC
C001035,Synthetic Customer 001035,CORPORATE,SME,TR,DIGITAL,2021-09-08,False,False,MEDIUM,13680.710000,22,2027-03-22,True,True,CONTROLLED_SYNTHETIC
C001036,Synthetic Customer 001036,CORPORATE,SME,TR,BRANCH,2020-07-22,False,False,HIGH,379972.140000,36,2025-10-09,False,True,CONTROLLED_SYNTHETIC
C001037,Synthetic Customer 001037,INDIVIDUAL,PRIVATE,TR,BRANCH,2022-09-04,False,False,LOW,19459.230000,22,2027-07-03,True,True,CONTROLLED_SYNTHETIC
C001038,Synthetic Customer 001038,INDIVIDUAL,MASS,TR,DIGITAL,2023-03-02,False,False,MEDIUM,182750.610000,31,2026-04-28,True,True,CONTROLLED_SYNTHETIC
C001039,Synthetic Customer 001039,INDIVIDUAL,MASS,TR,DIGITAL,2019-12-12,False,False,LOW,59390.810000,24,2026-05-04,True,True,CONTROLLED_SYNTHETIC
C001040,Synthetic Customer 001040,INDIVIDUAL,AFFLUENT,TR,DIGITAL,2019-09-24,False,False,MEDIUM,80278.840000,22,2026-07-25,True,True,CONTROLLED_SYNTHETIC
C001041,Synthetic Customer 001041,INDIVIDUAL,MASS,TR,DIGITAL,2024-03-08,False,False,LOW,179491.770000,21,2027-04-24,True,True,CONTROLLED_SYNTHETIC
C001042,Synthetic Customer 001042,INDIVIDUAL,MASS,TR,BRANCH,2026-04-08,False,False,MEDIUM,47097.100000,27,2027-06-03,True,True,CONTROLLED_SYNTHETIC
C001043,Synthetic Customer 001043,INDIVIDUAL,AFFLUENT,RS,RELATIONSHIP_MANAGER,2020-03-17,False,False,MEDIUM,121223.050000,32,2025-12-28,True,True,CONTROLLED_SYNTHETIC
C001044,Synthetic Customer 001044,INDIVIDUAL,MASS,DE,BRANCH,2017-03-28,False,False,LOW,658207.500000,34,2026-10-05,True,True,CONTROLLED_SYNTHETIC
C001045,Synthetic Customer 001045,INDIVIDUAL,AFFLUENT,TR,BRANCH,2026-04-21,False,False,LOW,140444.860000,31,2025-08-28,True,True,CONTROLLED_SYNTHETIC
C001046,Synthetic Customer 001046,INDIVIDUAL,PRIVATE,US,DIGITAL,2017-03-30,False,False,HIGH,175124.370000,28,2026-02-22,True,True,CONTROLLED_SYNTHETIC
C001047,Synthetic Customer 001047,INDIVIDUAL,MASS,TR,DIGITAL,2018-02-19,False,False,MEDIUM,8000.000000,28,2026-03-15,True,True,CONTROLLED_SYNTHETIC
C001048,Synthetic Customer 001048,INDIVIDUAL,MASS,TR,BRANCH,2018-07-25,False,False,MEDIUM,43167.520000,23,2025-10-11,True,True,CONTROLLED_SYNTHETIC
C001049,Synthetic Customer 001049,INDIVIDUAL,AFFLUENT,TR,BRANCH,2024-11-08,False,False,MEDIUM,226833.290000,22,2025-12-04,True,True,CONTROLLED_SYNTHETIC
C001050,Synthetic Customer 001050,CORPORATE,COMMERCIAL,TR,DIGITAL,2021-10-04,False,False,MEDIUM,68049.790000,37,2026-05-22,False,True,CONTROLLED_SYNTHETIC
C001051,Synthetic Customer 001051,CORPORATE,CORPORATE,TR,DIGITAL,2020-12-16,False,False,MEDIUM,59510.210000,23,2026-08-21,True,True,CONTROLLED_SYNTHETIC
C001052,Synthetic Customer 001052,INDIVIDUAL,MASS,TR,BRANCH,2025-07-03,False,False,LOW,245489.500000,26,2026-01-04,True,True,CONTROLLED_SYNTHETIC
C001053,Synthetic Customer 001053,INDIVIDUAL,MASS,TR,BRANCH,2016-12-18,False,False,MEDIUM,698868.080000,29,2025-09-06,True,True,CONTROLLED_SYNTHETIC
C001054,Synthetic Customer 001054,INDIVIDUAL,MASS,TR,BRANCH,2017-07-04,False,False,LOW,29982.390000,33,2026-12-31,True,False,CONTROLLED_SYNTHETIC
C001055,Synthetic Customer 001055,CORPORATE,SME,TR,BRANCH,2025-01-26,False,False,LOW,60964.800000,25,2026-11-22,True,False,CONTROLLED_SYNTHETIC
C001056,Synthetic Customer 001056,CORPORATE,COMMERCIAL,DE,BRANCH,2023-04-18,False,False,MEDIUM,66452.490000,24,2026-03-14,True,True,CONTROLLED_SYNTHETIC
C001057,Synthetic Customer 001057,CORPORATE,COMMERCIAL,TR,BRANCH,2017-07-26,False,False,LOW,407895.980000,31,2027-03-27,True,True,CONTROLLED_SYNTHETIC
C001058,Synthetic Customer 001058,CORPORATE,SME,TR,DIGITAL,2021-05-29,False,False,LOW,215267.980000,29,2025-12-27,True,True,CONTROLLED_SYNTHETIC
C001059,Synthetic Customer 001059,INDIVIDUAL,MASS,TR,DIGITAL,2022-01-11,False,False,MEDIUM,232005.350000,25,2026-06-06,True,True,CONTROLLED_SYNTHETIC
C001060,Synthetic Customer 001060,INDIVIDUAL,MASS,TR,BRANCH,2022-09-22,False,False,LOW,170700.200000,26,2026-02-21,True,False,CONTROLLED_SYNTHETIC
C001061,Synthetic Customer 001061,INDIVIDUAL,MASS,RS,BRANCH,2022-05-18,False,False,LOW,11158.270000,30,2027-10-07,True,False,CONTROLLED_SYNTHETIC
C001062,Synthetic Customer 001062,INDIVIDUAL,AFFLUENT,TR,BRANCH,2019-07-09,False,False,LOW,33547.650000,23,2025-11-08,True,True,CONTROLLED_SYNTHETIC
C001063,Synthetic Customer 001063,INDIVIDUAL,AFFLUENT,TR,DIGITAL,2024-04-29,False,False,HIGH,28430.890000,28,2025-10-27,True,True,CONTROLLED_SYNTHETIC
C001064,Synthetic Customer 001064,INDIVIDUAL,MASS,TR,DIGITAL,2019-09-01,False,False,LOW,28834.260000,20,2025-10-19,True,True,CONTROLLED_SYNTHETIC
C001065,Synthetic Customer 001065,CORPORATE,COMMERCIAL,TR,BRANCH,2025-07-19,False,False,LOW,126520.830000,29,2027-02-18,True,False,CONTROLLED_SYNTHETIC
C001066,Synthetic Customer 001066,INDIVIDUAL,MASS,DE,BRANCH,2023-05-14,False,False,LOW,301068.640000,26,2026-10-12,True,True,CONTROLLED_SYNTHETIC
C001067,Synthetic Customer 001067,CORPORATE,CORPORATE,TR,DIGITAL,2020-04-11,False,False,LOW,251475.740000,22,2027-05-13,True,True,CONTROLLED_SYNTHETIC
C001068,Synthetic Customer 001068,INDIVIDUAL,MASS,DE,DIGITAL,2017-05-07,False,False,LOW,608278.070000,32,2026-06-12,True,True,CONTROLLED_SYNTHETIC
C001069,Synthetic Customer 001069,INDIVIDUAL,AFFLUENT,TR,DIGITAL,2017-12-27,False,False,HIGH,8288.940000,22,2026-03-12,True,False,CONTROLLED_SYNTHETIC
C001070,Synthetic Customer 001070,INDIVIDUAL,MASS,TR,DIGITAL,2017-06-16,False,False,MEDIUM,69852.550000,19,2027-07-02,True,True,CONTROLLED_SYNTHETIC
C001071,Synthetic Customer 001071,INDIVIDUAL,MASS,GB,BRANCH,2021-01-31,False,False,MEDIUM,439764.960000,24,2027-02-10,True,True,CONTROLLED_SYNTHETIC
C001072,Synthetic Customer 001072,INDIVIDUAL,AFFLUENT,TR,DIGITAL,2017-06-25,False,False,MEDIUM,18636.580000,26,2026-07-18,True,True,CONTROLLED_SYNTHETIC
C001073,Synthetic Customer 001073,INDIVIDUAL,AFFLUENT,TR,BRANCH,2017-12-21,False,False,LOW,260417.270000,29,2026-07-30,True,True,CONTROLLED_SYNTHETIC
C001074,Synthetic Customer 001074,INDIVIDUAL,AFFLUENT,TR,RELATIONSHIP_MANAGER,2019-02-09,False,False,LOW,10465.090000,30,2027-02-18,True,True,CONTROLLED_SYNTHETIC
C001075,Synthetic Customer 001075,INDIVIDUAL,MASS,TR,RELATIONSHIP_MANAGER,2021-11-27,False,False,MEDIUM,40579.720000,27,2026-11-17,True,True,CONTROLLED_SYNTHETIC
C001076,Synthetic Customer 001076,INDIVIDUAL,MASS,GB,BRANCH,2017-07-27,False,False,LOW,475513.850000,33,2025-08-22,True,True,CONTROLLED_SYNTHETIC
C001077,Synthetic Customer 001077,INDIVIDUAL,AFFLUENT,TR,BRANCH,2020-02-19,False,False,LOW,155877.030000,25,2027-06-24,True,True,CONTROLLED_SYNTHETIC
C001078,Synthetic Customer 001078,INDIVIDUAL,AFFLUENT,TR,BRANCH,2020-02-07,False,False,LOW,247358.360000,31,2027-04-22,True,True,CONTROLLED_SYNTHETIC
C001079,Synthetic Customer 001079,INDIVIDUAL,MASS,US,BRANCH,2018-06-15,False,False,HIGH,25839.000000,32,2026-02-04,True,True,CONTROLLED_SYNTHETIC
C001080,Synthetic Customer 001080,INDIVIDUAL,AFFLUENT,US,BRANCH,2016-09-21,False,False,LOW,8293.040000,30,2026-01-29,True,True,CONTROLLED_SYNTHETIC
C001081,Synthetic Customer 001081,INDIVIDUAL,MASS,TR,DIGITAL,2025-11-30,False,False,LOW,220734.540000,25,2025-07-03,True,True,CONTROLLED_SYNTHETIC
C001082,Synthetic Customer 001082,INDIVIDUAL,MASS,TR,BRANCH,2026-03-26,False,False,LOW,30364.680000,27,2025-10-22,True,True,CONTROLLED_SYNTHETIC
C001083,Synthetic Customer 001083,INDIVIDUAL,PRIVATE,TR,BRANCH,2025-01-31,False,False,LOW,159790.880000,25,2025-09-16,True,True,CONTROLLED_SYNTHETIC
C001084,Synthetic Customer 001084,INDIVIDUAL,MASS,US,BRANCH,2019-09-08,False,False,MEDIUM,20700.390000,21,2026-07-14,True,True,CONTROLLED_SYNTHETIC
C001085,Synthetic Customer 001085,INDIVIDUAL,AFFLUENT,TR,BRANCH,2023-03-10,False,False,LOW,80451.470000,25,2025-10-30,True,True,CONTROLLED_SYNTHETIC
C001086,Synthetic Customer 001086,INDIVIDUAL,MASS,TR,DIGITAL,2018-09-16,False,False,HIGH,39024.880000,27,2026-10-17,True,True,CONTROLLED_SYNTHETIC
C001087,Synthetic Customer 001087,INDIVIDUAL,MASS,TR,BRANCH,2022-08-18,False,False,LOW,134046.620000,29,2026-05-21,True,True,CONTROLLED_SYNTHETIC
C001088,Synthetic Customer 001088,INDIVIDUAL,MASS,TR,DIGITAL,2022-01-10,False,False,MEDIUM,15042.300000,33,2026-09-12,True,True,CONTROLLED_SYNTHETIC
C001089,Synthetic Customer 001089,INDIVIDUAL,MASS,AE,BRANCH,2018-06-15,False,False,LOW,55807.530000,33,2025-07-27,True,True,CONTROLLED_SYNTHETIC
C001090,Synthetic Customer 001090,INDIVIDUAL,MASS,TR,DIGITAL,2018-09-29,False,False,LOW,18216.610000,25,2027-01-03,True,True,CONTROLLED_SYNTHETIC
C001091,Synthetic Customer 001091,INDIVIDUAL,MASS,DE,DIGITAL,2019-04-09,False,False,LOW,265453.810000,31,2026-04-07,True,True,CONTROLLED_SYNTHETIC
C001092,Synthetic Customer 001092,INDIVIDUAL,AFFLUENT,TR,BRANCH,2023-04-03,False,False,MEDIUM,95708.690000,32,2025-10-10,True,True,CONTROLLED_SYNTHETIC
C001093,Synthetic Customer 001093,INDIVIDUAL,MASS,TR,DIGITAL,2016-09-30,False,False,LOW,23699.050000,32,2026-10-05,True,True,CONTROLLED_SYNTHETIC
C001094,Synthetic Customer 001094,INDIVIDUAL,MASS,TR,DIGITAL,2023-08-26,False,False,MEDIUM,51496.440000,37,2027-08-13,True,True,CONTROLLED_SYNTHETIC
C001095,Synthetic Customer 001095,INDIVIDUAL,MASS,TR,BRANCH,2024-07-02,False,False,MEDIUM,184312.160000,31,2026-08-19,True,True,CONTROLLED_SYNTHETIC
C001096,Synthetic Customer 001096,INDIVIDUAL,MASS,TR,DIGITAL,2020-06-19,False,False,LOW,25483.270000,34,2027-08-10,True,True,CONTROLLED_SYNTHETIC
C001097,Synthetic Customer 001097,CORPORATE,SME,TR,RELATIONSHIP_MANAGER,2020-01-08,False,False,LOW,74731.610000,30,2026-10-31,True,True,CONTROLLED_SYNTHETIC
C001098,Synthetic Customer 001098,INDIVIDUAL,PRIVATE,TR,BRANCH,2023-01-28,False,False,LOW,113103.440000,30,2026-06-07,True,True,CONTROLLED_SYNTHETIC
C001099,Synthetic Customer 001099,INDIVIDUAL,MASS,TR,BRANCH,2019-11-28,False,False,LOW,55415.330000,25,2026-03-17,True,True,CONTROLLED_SYNTHETIC
C001100,Synthetic Customer 001100,INDIVIDUAL,MASS,TR,BRANCH,2026-02-03,False,False,MEDIUM,19670.950000,30,2027-06-09,True,True,CONTROLLED_SYNTHETIC
C001101,Synthetic Customer 001101,INDIVIDUAL,MASS,TR,DIGITAL,2024-04-27,False,False,LOW,136935.890000,24,2027-07-05,True,True,CONTROLLED_SYNTHETIC
C001102,Synthetic Customer 001102,INDIVIDUAL,MASS,GB,DIGITAL,2019-11-24,False,False,LOW,53123.550000,28,2025-09-28,True,True,CONTROLLED_SYNTHETIC
C001103,Synthetic Customer 001103,INDIVIDUAL,MASS,GE,BRANCH,2020-10-09,False,False,MEDIUM,203616.310000,30,2026-01-26,True,True,CONTROLLED_SYNTHETIC
C001104,Synthetic Customer 001104,INDIVIDUAL,MASS,TR,BRANCH,2018-01-28,False,False,LOW,121626.200000,29,2025-09-23,True,True,CONTROLLED_SYNTHETIC
C001105,Synthetic Customer 001105,INDIVIDUAL,AFFLUENT,TR,DIGITAL,2022-01-09,False,False,LOW,32224.080000,32,2026-07-22,True,True,CONTROLLED_SYNTHETIC
C001106,Synthetic Customer 001106,INDIVIDUAL,MASS,TR,DIGITAL,2024-06-22,False,False,LOW,54353.970000,29,2025-10-08,True,True,CONTROLLED_SYNTHETIC
C001107,Synthetic Customer 001107,INDIVIDUAL,MASS,TR,BRANCH,2025-01-21,False,False,LOW,539878.000000,19,2026-03-29,True,True,CONTROLLED_SYNTHETIC
C001108,Synthetic Customer 001108,INDIVIDUAL,AFFLUENT,GE,DIGITAL,2019-01-13,False,False,MEDIUM,348191.340000,31,2025-09-22,True,True,CONTROLLED_SYNTHETIC
C001109,Synthetic Customer 001109,CORPORATE,COMMERCIAL,TR,DIGITAL,2018-05-03,False,False,MEDIUM,41644.070000,31,2026-10-01,True,True,CONTROLLED_SYNTHETIC
C001110,Synthetic Customer 001110,INDIVIDUAL,MASS,TR,BRANCH,2017-06-28,False,False,LOW,36817.080000,27,2025-10-23,True,True,CONTROLLED_SYNTHETIC
C001111,Synthetic Customer 001111,CORPORATE,SME,GB,DIGITAL,2021-05-13,False,False,LOW,147130.070000,21,2027-03-06,True,True,CONTROLLED_SYNTHETIC
C001112,Synthetic Customer 001112,INDIVIDUAL,AFFLUENT,TR,BRANCH,2019-07-06,False,False,LOW,132942.650000,30,2025-09-12,True,True,CONTROLLED_SYNTHETIC
C001113,Synthetic Customer 001113,INDIVIDUAL,MASS,TR,BRANCH,2022-01-15,False,False,LOW,21797.230000,22,2026-11-03,True,True,CONTROLLED_SYNTHETIC
C001114,Synthetic Customer 001114,INDIVIDUAL,MASS,TR,DIGITAL,2018-07-06,False,False,LOW,9506.750000,30,2026-09-30,True,True,CONTROLLED_SYNTHETIC
C001115,Synthetic Customer 001115,INDIVIDUAL,AFFLUENT,TR,BRANCH,2023-07-02,False,False,MEDIUM,21333.540000,26,2027-04-28,True,False,CONTROLLED_SYNTHETIC
C001116,Synthetic Customer 001116,INDIVIDUAL,MASS,TR,BRANCH,2020-03-19,False,False,LOW,24353.040000,25,2027-07-12,True,True,CONTROLLED_SYNTHETIC
C001117,Synthetic Customer 001117,INDIVIDUAL,MASS,TR,RELATIONSHIP_MANAGER,2024-05-28,False,False,MEDIUM,219368.520000,30,2026-03-01,True,True,CONTROLLED_SYNTHETIC
C001118,Synthetic Customer 001118,INDIVIDUAL,MASS,TR,DIGITAL,2024-02-04,False,False,MEDIUM,75716.500000,22,2026-12-13,True,True,CONTROLLED_SYNTHETIC
C001119,Synthetic Customer 001119,INDIVIDUAL,MASS,TR,RELATIONSHIP_MANAGER,2022-07-18,False,False,MEDIUM,54204.470000,33,2027-07-20,True,True,CONTROLLED_SYNTHETIC
C001120,Synthetic Customer 001120,INDIVIDUAL,MASS,TR,DIGITAL,2017-03-15,False,False,HIGH,928214.870000,27,2026-03-02,True,True,CONTROLLED_SYNTHETIC
C001121,Synthetic Customer 001121,INDIVIDUAL,MASS,TR,RELATIONSHIP_MANAGER,2026-01-13,False,False,MEDIUM,32199.000000,23,2026-08-28,True,True,CONTROLLED_SYNTHETIC
C001122,Synthetic Customer 001122,CORPORATE,COMMERCIAL,TR,BRANCH,2021-01-03,False,False,LOW,42701.950000,26,2027-07-07,True,True,CONTROLLED_SYNTHETIC
C001123,Synthetic Customer 001123,CORPORATE,SME,TR,RELATIONSHIP_MANAGER,2019-11-19,False,False,LOW,267706.930000,33,2027-06-20,True,True,CONTROLLED_SYNTHETIC
C001124,Synthetic Customer 001124,INDIVIDUAL,MASS,TR,RELATIONSHIP_MANAGER,2023-01-05,False,False,LOW,43524.370000,25,2026-04-12,True,True,CONTROLLED_SYNTHETIC
C001125,Synthetic Customer 001125,INDIVIDUAL,AFFLUENT,TR,BRANCH,2019-11-09,False,False,MEDIUM,32481.040000,28,2027-07-26,True,True,CONTROLLED_SYNTHETIC
C001126,Synthetic Customer 001126,CORPORATE,CORPORATE,TR,BRANCH,2024-06-15,False,False,MEDIUM,71425.570000,33,2026-04-19,False,True,CONTROLLED_SYNTHETIC
C001127,Synthetic Customer 001127,INDIVIDUAL,MASS,TR,DIGITAL,2018-09-02,False,False,LOW,442645.350000,33,2026-11-14,True,True,CONTROLLED_SYNTHETIC
C001128,Synthetic Customer 001128,INDIVIDUAL,PRIVATE,TR,BRANCH,2023-02-01,False,False,MEDIUM,77168.280000,23,2027-01-19,True,True,CONTROLLED_SYNTHETIC
C001129,Synthetic Customer 001129,INDIVIDUAL,MASS,TR,DIGITAL,2017-12-09,False,False,HIGH,65348.940000,39,2027-08-17,True,True,CONTROLLED_SYNTHETIC
C001130,Synthetic Customer 001130,INDIVIDUAL,AFFLUENT,TR,RELATIONSHIP_MANAGER,2019-04-13,False,False,LOW,12761.220000,24,2026-08-13,True,True,CONTROLLED_SYNTHETIC
C001131,Synthetic Customer 001131,INDIVIDUAL,MASS,TR,BRANCH,2019-08-29,False,False,LOW,36672.690000,28,2027-06-25,True,True,CONTROLLED_SYNTHETIC
C001132,Synthetic Customer 001132,CORPORATE,COMMERCIAL,TR,BRANCH,2023-06-08,False,False,LOW,245587.780000,36,2027-09-21,True,True,CONTROLLED_SYNTHETIC
C001133,Synthetic Customer 001133,INDIVIDUAL,AFFLUENT,XH,DIGITAL,2024-12-28,False,False,MEDIUM,37541.550000,23,2026-12-06,True,True,CONTROLLED_SYNTHETIC
C001134,Synthetic Customer 001134,INDIVIDUAL,MASS,TR,BRANCH,2017-02-24,False,False,MEDIUM,338107.560000,23,2027-05-03,True,True,CONTROLLED_SYNTHETIC
C001135,Synthetic Customer 001135,INDIVIDUAL,MASS,DE,RELATIONSHIP_MANAGER,2025-08-09,False,False,LOW,34258.960000,28,2025-11-13,True,True,CONTROLLED_SYNTHETIC
C001136,Synthetic Customer 001136,CORPORATE,CORPORATE,TR,RELATIONSHIP_MANAGER,2025-07-25,False,False,MEDIUM,118682.800000,33,2026-02-27,True,True,CONTROLLED_SYNTHETIC
C001137,Synthetic Customer 001137,INDIVIDUAL,MASS,GE,BRANCH,2022-04-14,False,False,LOW,193824.610000,33,2025-09-26,True,True,CONTROLLED_SYNTHETIC
C001138,Synthetic Customer 001138,INDIVIDUAL,AFFLUENT,TR,BRANCH,2023-01-19,False,False,LOW,13204.500000,34,2027-05-03,True,True,CONTROLLED_SYNTHETIC
C001139,Synthetic Customer 001139,INDIVIDUAL,MASS,TR,DIGITAL,2017-04-22,False,False,LOW,34149.090000,29,2025-08-18,True,False,CONTROLLED_SYNTHETIC
C001140,Synthetic Customer 001140,CORPORATE,SME,TR,BRANCH,2024-06-01,False,False,LOW,142642.750000,25,2027-08-03,True,True,CONTROLLED_SYNTHETIC
C001141,Synthetic Customer 001141,INDIVIDUAL,MASS,TR,BRANCH,2024-03-17,False,False,LOW,470198.520000,25,2027-10-13,True,False,CONTROLLED_SYNTHETIC
C001142,Synthetic Customer 001142,INDIVIDUAL,MASS,TR,DIGITAL,2021-11-17,False,False,MEDIUM,90046.300000,25,2026-01-09,True,True,CONTROLLED_SYNTHETIC
C001143,Synthetic Customer 001143,CORPORATE,SME,TR,RELATIONSHIP_MANAGER,2019-07-17,False,False,LOW,39059.430000,30,2025-11-02,True,True,CONTROLLED_SYNTHETIC
C001144,Synthetic Customer 001144,CORPORATE,SME,TR,BRANCH,2025-05-27,False,False,LOW,481246.650000,31,2027-01-29,True,True,CONTROLLED_SYNTHETIC
C001145,Synthetic Customer 001145,CORPORATE,SME,TR,BRANCH,2020-07-12,False,False,MEDIUM,138579.420000,33,2026-07-04,True,True,CONTROLLED_SYNTHETIC
C001146,Synthetic Customer 001146,CORPORATE,SME,TR,DIGITAL,2020-04-11,False,False,LOW,68425.520000,21,2025-08-10,True,False,CONTROLLED_SYNTHETIC
C001147,Synthetic Customer 001147,INDIVIDUAL,PRIVATE,TR,BRANCH,2018-08-14,False,False,LOW,43021.550000,32,2026-07-22,True,True,CONTROLLED_SYNTHETIC
C001148,Synthetic Customer 001148,CORPORATE,SME,TR,DIGITAL,2022-01-27,False,False,LOW,118897.520000,32,2025-08-06,True,True,CONTROLLED_SYNTHETIC
C001149,Synthetic Customer 001149,INDIVIDUAL,PRIVATE,TR,RELATIONSHIP_MANAGER,2024-07-17,False,False,MEDIUM,37645.240000,28,2025-08-01,True,True,CONTROLLED_SYNTHETIC
C001150,Synthetic Customer 001150,INDIVIDUAL,AFFLUENT,TR,DIGITAL,2018-07-19,False,False,LOW,67955.880000,21,2026-09-16,True,True,CONTROLLED_SYNTHETIC
C001151,Synthetic Customer 001151,INDIVIDUAL,MASS,TR,BRANCH,2023-07-21,False,False,LOW,115268.120000,32,2027-04-02,True,True,CONTROLLED_SYNTHETIC
C001152,Synthetic Customer 001152,INDIVIDUAL,MASS,TR,RELATIONSHIP_MANAGER,2019-08-16,False,False,LOW,560295.080000,28,2025-12-10,True,True,CONTROLLED_SYNTHETIC
C001153,Synthetic Customer 001153,INDIVIDUAL,AFFLUENT,TR,DIGITAL,2017-02-23,False,False,LOW,36492.030000,23,2026-07-02,True,False,CONTROLLED_SYNTHETIC
C001154,Synthetic Customer 001154,CORPORATE,COMMERCIAL,TR,DIGITAL,2016-11-12,False,False,LOW,72013.780000,24,2026-06-05,True,True,CONTROLLED_SYNTHETIC
C001155,Synthetic Customer 001155,INDIVIDUAL,AFFLUENT,TR,DIGITAL,2023-03-21,False,False,LOW,26152.600000,32,2026-11-11,True,True,CONTROLLED_SYNTHETIC
C001156,Synthetic Customer 001156,INDIVIDUAL,MASS,TR,BRANCH,2025-05-20,False,False,LOW,56713.510000,29,2026-07-29,True,True,CONTROLLED_SYNTHETIC
C001157,Synthetic Customer 001157,INDIVIDUAL,MASS,TR,DIGITAL,2016-08-31,False,False,MEDIUM,211135.070000,22,2027-03-17,True,True,CONTROLLED_SYNTHETIC
C001158,Synthetic Customer 001158,CORPORATE,COMMERCIAL,US,DIGITAL,2020-05-14,False,False,MEDIUM,22879.010000,28,2027-01-21,True,True,CONTROLLED_SYNTHETIC
C001159,Synthetic Customer 001159,INDIVIDUAL,MASS,TR,BRANCH,2022-06-26,False,False,LOW,84133.660000,28,2027-04-02,True,True,CONTROLLED_SYNTHETIC
C001160,Synthetic Customer 001160,CORPORATE,COMMERCIAL,TR,BRANCH,2018-11-06,False,False,LOW,65354.370000,35,2027-03-26,False,True,CONTROLLED_SYNTHETIC
C001161,Synthetic Customer 001161,CORPORATE,SME,RS,DIGITAL,2018-09-22,False,False,LOW,23509.560000,28,2026-03-05,True,True,CONTROLLED_SYNTHETIC
C001162,Synthetic Customer 001162,CORPORATE,COMMERCIAL,TR,DIGITAL,2018-10-07,False,False,MEDIUM,617467.360000,24,2026-09-14,False,True,CONTROLLED_SYNTHETIC
C001163,Synthetic Customer 001163,INDIVIDUAL,MASS,TR,DIGITAL,2020-10-05,False,False,LOW,293514.960000,19,2026-05-17,True,True,CONTROLLED_SYNTHETIC
C001164,Synthetic Customer 001164,CORPORATE,CORPORATE,TR,RELATIONSHIP_MANAGER,2018-09-08,False,False,LOW,270901.620000,35,2026-02-20,True,True,CONTROLLED_SYNTHETIC
C001165,Synthetic Customer 001165,INDIVIDUAL,MASS,TR,BRANCH,2022-12-18,False,False,LOW,42127.620000,21,2027-07-01,True,True,CONTROLLED_SYNTHETIC
C001166,Synthetic Customer 001166,INDIVIDUAL,MASS,TR,RELATIONSHIP_MANAGER,2024-02-29,False,False,MEDIUM,96169.290000,34,2025-08-11,True,True,CONTROLLED_SYNTHETIC
C001167,Synthetic Customer 001167,INDIVIDUAL,AFFLUENT,TR,DIGITAL,2018-02-11,False,False,HIGH,196895.290000,31,2025-10-22,True,True,CONTROLLED_SYNTHETIC
C001168,Synthetic Customer 001168,INDIVIDUAL,MASS,TR,BRANCH,2019-11-15,False,False,LOW,104387.260000,27,2025-11-24,True,True,CONTROLLED_SYNTHETIC
C001169,Synthetic Customer 001169,INDIVIDUAL,MASS,TR,BRANCH,2017-01-02,False,False,MEDIUM,57340.150000,26,2025-10-29,True,True,CONTROLLED_SYNTHETIC
C001170,Synthetic Customer 001170,INDIVIDUAL,AFFLUENT,TR,RELATIONSHIP_MANAGER,2022-01-15,False,False,MEDIUM,35523.600000,24,2027-06-22,True,True,CONTROLLED_SYNTHETIC
C001171,Synthetic Customer 001171,INDIVIDUAL,AFFLUENT,GE,DIGITAL,2021-10-04,False,False,LOW,129949.990000,34,2026-03-22,True,True,CONTROLLED_SYNTHETIC
C001172,Synthetic Customer 001172,CORPORATE,SME,GB,DIGITAL,2016-10-09,False,False,MEDIUM,33542.230000,39,2027-09-06,True,True,CONTROLLED_SYNTHETIC
C001173,Synthetic Customer 001173,INDIVIDUAL,MASS,TR,DIGITAL,2020-08-14,False,False,LOW,48680.340000,23,2026-11-21,True,True,CONTROLLED_SYNTHETIC
C001174,Synthetic Customer 001174,INDIVIDUAL,MASS,TR,DIGITAL,2020-04-10,False,False,MEDIUM,22611.740000,29,2026-12-28,True,True,CONTROLLED_SYNTHETIC
C001175,Synthetic Customer 001175,INDIVIDUAL,MASS,AE,BRANCH,2017-05-06,False,False,MEDIUM,377237.370000,29,2025-07-07,True,True,CONTROLLED_SYNTHETIC
C001176,Synthetic Customer 001176,INDIVIDUAL,MASS,TR,BRANCH,2020-01-05,False,False,LOW,13162.200000,41,2026-09-04,True,True,CONTROLLED_SYNTHETIC
C001177,Synthetic Customer 001177,INDIVIDUAL,MASS,TR,BRANCH,2018-06-17,False,False,MEDIUM,123574.670000,23,2026-09-14,True,True,CONTROLLED_SYNTHETIC
C001178,Synthetic Customer 001178,CORPORATE,SME,TR,DIGITAL,2019-08-05,False,False,LOW,1372697.590000,31,2025-08-27,True,True,CONTROLLED_SYNTHETIC
C001179,Synthetic Customer 001179,INDIVIDUAL,MASS,GE,DIGITAL,2024-04-05,False,False,LOW,26289.800000,36,2027-04-03,True,True,CONTROLLED_SYNTHETIC
C001180,Synthetic Customer 001180,INDIVIDUAL,AFFLUENT,TR,DIGITAL,2025-05-27,False,False,HIGH,258108.230000,30,2026-01-09,True,True,CONTROLLED_SYNTHETIC
C001181,Synthetic Customer 001181,CORPORATE,SME,TR,RELATIONSHIP_MANAGER,2025-06-15,False,False,MEDIUM,108578.850000,29,2027-03-14,True,True,CONTROLLED_SYNTHETIC
C001182,Synthetic Customer 001182,CORPORATE,COMMERCIAL,TR,DIGITAL,2023-12-22,False,False,MEDIUM,59621.230000,34,2027-07-30,True,True,CONTROLLED_SYNTHETIC
C001183,Synthetic Customer 001183,CORPORATE,SME,TR,BRANCH,2020-01-18,False,False,LOW,209416.690000,23,2025-08-13,True,True,CONTROLLED_SYNTHETIC
C001184,Synthetic Customer 001184,INDIVIDUAL,AFFLUENT,TR,DIGITAL,2021-10-19,False,False,LOW,152270.440000,28,2027-02-03,True,True,CONTROLLED_SYNTHETIC
C001185,Synthetic Customer 001185,INDIVIDUAL,MASS,TR,BRANCH,2020-03-26,False,False,LOW,65081.420000,28,2025-07-11,True,True,CONTROLLED_SYNTHETIC
C001186,Synthetic Customer 001186,INDIVIDUAL,MASS,TR,DIGITAL,2024-02-10,False,False,MEDIUM,64634.690000,31,2026-12-30,True,True,CONTROLLED_SYNTHETIC
C001187,Synthetic Customer 001187,INDIVIDUAL,MASS,TR,BRANCH,2022-04-15,False,False,LOW,127456.820000,23,2026-10-01,True,True,CONTROLLED_SYNTHETIC
C001188,Synthetic Customer 001188,INDIVIDUAL,MASS,GB,DIGITAL,2020-01-11,False,False,LOW,579711.090000,27,2027-04-05,True,True,CONTROLLED_SYNTHETIC
C001189,Synthetic Customer 001189,INDIVIDUAL,PRIVATE,TR,DIGITAL,2024-01-28,True,False,LOW,30732.370000,22,2027-01-14,True,True,CONTROLLED_SYNTHETIC
C001190,Synthetic Customer 001190,INDIVIDUAL,AFFLUENT,US,DIGITAL,2026-05-27,False,False,MEDIUM,50062.050000,38,2026-02-12,True,True,CONTROLLED_SYNTHETIC
C001191,Synthetic Customer 001191,INDIVIDUAL,MASS,AE,DIGITAL,2024-03-29,False,False,LOW,10422.550000,35,2027-07-28,True,True,CONTROLLED_SYNTHETIC
C001192,Synthetic Customer 001192,INDIVIDUAL,AFFLUENT,TR,BRANCH,2023-01-18,False,False,MEDIUM,24042.400000,25,2025-09-26,True,True,CONTROLLED_SYNTHETIC
C001193,Synthetic Customer 001193,INDIVIDUAL,MASS,TR,RELATIONSHIP_MANAGER,2025-11-09,False,False,MEDIUM,229575.160000,34,2026-08-14,True,True,CONTROLLED_SYNTHETIC
C001194,Synthetic Customer 001194,INDIVIDUAL,AFFLUENT,TR,BRANCH,2024-09-17,False,False,MEDIUM,36670.250000,28,2026-05-18,True,True,CONTROLLED_SYNTHETIC
C001195,Synthetic Customer 001195,CORPORATE,SME,US,DIGITAL,2020-09-12,False,False,LOW,922415.670000,26,2027-02-22,True,True,CONTROLLED_SYNTHETIC
C001196,Synthetic Customer 001196,INDIVIDUAL,AFFLUENT,TR,DIGITAL,2026-04-27,False,False,LOW,101180.600000,32,2027-06-21,True,True,CONTROLLED_SYNTHETIC
C001197,Synthetic Customer 001197,INDIVIDUAL,MASS,GB,DIGITAL,2022-02-13,False,False,LOW,79400.220000,27,2026-04-12,True,True,CONTROLLED_SYNTHETIC
C001198,Synthetic Customer 001198,INDIVIDUAL,MASS,TR,BRANCH,2018-01-02,False,False,LOW,14339.760000,20,2026-08-08,True,True,CONTROLLED_SYNTHETIC
C001199,Synthetic Customer 001199,CORPORATE,SME,TR,BRANCH,2020-02-15,False,False,MEDIUM,19492.480000,26,2027-06-10,True,True,CONTROLLED_SYNTHETIC
C001200,Synthetic Customer 001200,CORPORATE,COMMERCIAL,TR,RELATIONSHIP_MANAGER,2017-02-22,False,False,LOW,773944.880000,24,2026-10-12,True,True,CONTROLLED_SYNTHETIC
C001201,Synthetic Customer 001201,CORPORATE,SME,RS,BRANCH,2024-03-30,False,False,LOW,28106.450000,31,2027-09-17,True,True,CONTROLLED_SYNTHETIC
C001202,Synthetic Customer 001202,INDIVIDUAL,MASS,TR,BRANCH,2018-07-21,False,False,LOW,33131.440000,30,2026-08-12,True,True,CONTROLLED_SYNTHETIC
C001203,Synthetic Customer 001203,INDIVIDUAL,MASS,TR,RELATIONSHIP_MANAGER,2017-04-08,False,False,MEDIUM,59089.100000,21,2027-09-28,True,True,CONTROLLED_SYNTHETIC
C001204,Synthetic Customer 001204,CORPORATE,CORPORATE,TR,RELATIONSHIP_MANAGER,2021-06-01,False,False,LOW,46394.590000,20,2025-10-06,True,True,CONTROLLED_SYNTHETIC
C001205,Synthetic Customer 001205,CORPORATE,SME,TR,DIGITAL,2018-01-27,False,False,LOW,156515.240000,29,2026-01-12,True,True,CONTROLLED_SYNTHETIC
C001206,Synthetic Customer 001206,INDIVIDUAL,MASS,TR,DIGITAL,2018-03-31,False,False,HIGH,64399.130000,31,2026-09-22,True,True,CONTROLLED_SYNTHETIC
C001207,Synthetic Customer 001207,INDIVIDUAL,MASS,GB,BRANCH,2018-09-12,False,False,LOW,37786.010000,26,2026-01-04,True,True,CONTROLLED_SYNTHETIC
C001208,Synthetic Customer 001208,INDIVIDUAL,MASS,TR,BRANCH,2017-01-25,False,False,MEDIUM,48146.860000,33,2025-10-27,True,True,CONTROLLED_SYNTHETIC
C001209,Synthetic Customer 001209,CORPORATE,SME,TR,DIGITAL,2016-11-04,False,False,LOW,97015.430000,35,2026-12-29,True,True,CONTROLLED_SYNTHETIC
C001210,Synthetic Customer 001210,INDIVIDUAL,PRIVATE,TR,BRANCH,2024-03-05,False,False,LOW,28090.290000,30,2025-08-15,True,True,CONTROLLED_SYNTHETIC
C001211,Synthetic Customer 001211,INDIVIDUAL,MASS,RS,BRANCH,2026-02-20,False,False,LOW,31105.690000,23,2026-05-24,True,True,CONTROLLED_SYNTHETIC
C001212,Synthetic Customer 001212,INDIVIDUAL,MASS,TR,BRANCH,2017-05-10,False,False,LOW,26008.090000,20,2026-09-08,True,True,CONTROLLED_SYNTHETIC
C001213,Synthetic Customer 001213,INDIVIDUAL,MASS,TR,BRANCH,2022-01-02,False,False,LOW,173393.510000,24,2025-09-24,True,True,CONTROLLED_SYNTHETIC
C001214,Synthetic Customer 001214,INDIVIDUAL,AFFLUENT,TR,DIGITAL,2018-06-13,False,False,MEDIUM,81903.860000,24,2026-08-19,True,True,CONTROLLED_SYNTHETIC
C001215,Synthetic Customer 001215,INDIVIDUAL,MASS,TR,BRANCH,2019-11-02,False,False,MEDIUM,34476.370000,36,2025-12-22,True,True,CONTROLLED_SYNTHETIC
C001216,Synthetic Customer 001216,INDIVIDUAL,MASS,TR,BRANCH,2024-06-14,False,False,LOW,34328.550000,25,2025-11-25,True,True,CONTROLLED_SYNTHETIC
C001217,Synthetic Customer 001217,CORPORATE,SME,GE,BRANCH,2016-10-04,False,False,LOW,11597.960000,19,2026-04-23,True,True,CONTROLLED_SYNTHETIC
C001218,Synthetic Customer 001218,INDIVIDUAL,MASS,TR,DIGITAL,2020-01-29,False,False,LOW,63970.350000,32,2027-08-30,True,True,CONTROLLED_SYNTHETIC
C001219,Synthetic Customer 001219,INDIVIDUAL,MASS,GB,DIGITAL,2021-07-24,True,False,MEDIUM,29793.450000,32,2027-07-23,True,True,CONTROLLED_SYNTHETIC
C001220,Synthetic Customer 001220,INDIVIDUAL,PRIVATE,TR,RELATIONSHIP_MANAGER,2024-05-11,False,False,MEDIUM,25262.940000,31,2026-11-16,True,True,CONTROLLED_SYNTHETIC
C001221,Synthetic Customer 001221,CORPORATE,SME,TR,RELATIONSHIP_MANAGER,2018-10-23,False,False,LOW,25633.380000,26,2026-06-11,True,True,CONTROLLED_SYNTHETIC
C001222,Synthetic Customer 001222,INDIVIDUAL,PRIVATE,TR,DIGITAL,2017-08-18,False,False,MEDIUM,13596.900000,26,2027-06-21,True,True,CONTROLLED_SYNTHETIC
C001223,Synthetic Customer 001223,INDIVIDUAL,AFFLUENT,TR,BRANCH,2021-08-05,False,False,LOW,104287.800000,24,2027-03-13,True,True,CONTROLLED_SYNTHETIC
C001224,Synthetic Customer 001224,CORPORATE,SME,DE,BRANCH,2020-07-02,False,False,LOW,38350.070000,31,2027-07-31,False,False,CONTROLLED_SYNTHETIC
C001225,Synthetic Customer 001225,INDIVIDUAL,MASS,TR,RELATIONSHIP_MANAGER,2023-02-19,False,False,LOW,387551.550000,38,2025-11-09,True,True,CONTROLLED_SYNTHETIC
C001226,Synthetic Customer 001226,INDIVIDUAL,MASS,AE,BRANCH,2019-12-02,False,False,MEDIUM,20948.890000,30,2026-07-21,True,True,CONTROLLED_SYNTHETIC
C001227,Synthetic Customer 001227,INDIVIDUAL,MASS,GB,DIGITAL,2024-05-13,False,False,MEDIUM,8199.480000,14,2027-06-22,True,True,CONTROLLED_SYNTHETIC
C001228,Synthetic Customer 001228,CORPORATE,SME,TR,RELATIONSHIP_MANAGER,2024-12-22,False,False,MEDIUM,14333.940000,31,2026-04-04,True,True,CONTROLLED_SYNTHETIC
C001229,Synthetic Customer 001229,INDIVIDUAL,MASS,TR,DIGITAL,2026-06-15,False,False,LOW,375005.250000,34,2027-01-03,True,True,CONTROLLED_SYNTHETIC
C001230,Synthetic Customer 001230,INDIVIDUAL,AFFLUENT,DE,DIGITAL,2023-04-29,False,False,HIGH,560272.500000,34,2026-06-02,True,True,CONTROLLED_SYNTHETIC
C001231,Synthetic Customer 001231,INDIVIDUAL,MASS,TR,BRANCH,2021-09-08,False,False,MEDIUM,63306.330000,36,2027-08-11,True,True,CONTROLLED_SYNTHETIC
C001232,Synthetic Customer 001232,INDIVIDUAL,AFFLUENT,TR,DIGITAL,2025-03-29,False,False,LOW,262654.460000,27,2027-05-01,True,True,CONTROLLED_SYNTHETIC
C001233,Synthetic Customer 001233,INDIVIDUAL,AFFLUENT,RS,RELATIONSHIP_MANAGER,2021-02-02,False,False,LOW,68227.550000,27,2027-08-18,True,True,CONTROLLED_SYNTHETIC
C001234,Synthetic Customer 001234,INDIVIDUAL,AFFLUENT,US,BRANCH,2017-12-10,False,False,LOW,302481.360000,30,2026-01-23,True,True,CONTROLLED_SYNTHETIC
C001235,Synthetic Customer 001235,CORPORATE,SME,TR,DIGITAL,2025-02-10,False,False,MEDIUM,111635.850000,29,2025-07-25,True,True,CONTROLLED_SYNTHETIC
C001236,Synthetic Customer 001236,INDIVIDUAL,AFFLUENT,TR,BRANCH,2023-04-18,False,False,LOW,85194.680000,33,2027-09-15,True,True,CONTROLLED_SYNTHETIC
C001237,Synthetic Customer 001237,INDIVIDUAL,MASS,TR,BRANCH,2022-04-23,False,False,MEDIUM,20273.060000,27,2025-12-28,True,True,CONTROLLED_SYNTHETIC
C001238,Synthetic Customer 001238,INDIVIDUAL,MASS,TR,BRANCH,2021-11-17,False,False,LOW,2119763.820000,24,2027-06-04,True,True,CONTROLLED_SYNTHETIC
C001239,Synthetic Customer 001239,INDIVIDUAL,MASS,RS,BRANCH,2018-05-10,False,False,HIGH,787350.730000,26,2026-01-05,True,True,CONTROLLED_SYNTHETIC
C001240,Synthetic Customer 001240,INDIVIDUAL,MASS,TR,DIGITAL,2020-04-22,False,False,LOW,155771.600000,25,2026-04-15,True,True,CONTROLLED_SYNTHETIC
C001241,Synthetic Customer 001241,INDIVIDUAL,MASS,DE,DIGITAL,2017-08-26,False,False,MEDIUM,12417.370000,25,2026-10-22,True,True,CONTROLLED_SYNTHETIC
C001242,Synthetic Customer 001242,INDIVIDUAL,MASS,TR,BRANCH,2019-07-13,False,False,MEDIUM,122217.110000,28,2025-10-31,True,True,CONTROLLED_SYNTHETIC
C001243,Synthetic Customer 001243,INDIVIDUAL,AFFLUENT,TR,DIGITAL,2017-05-24,False,False,MEDIUM,108028.950000,28,2027-10-06,True,True,CONTROLLED_SYNTHETIC
C001244,Synthetic Customer 001244,INDIVIDUAL,PRIVATE,TR,DIGITAL,2022-11-08,False,False,LOW,49358.770000,40,2026-06-26,True,True,CONTROLLED_SYNTHETIC
C001245,Synthetic Customer 001245,INDIVIDUAL,MASS,RS,DIGITAL,2017-05-08,False,False,MEDIUM,151668.500000,30,2027-04-05,True,False,CONTROLLED_SYNTHETIC
C001246,Synthetic Customer 001246,INDIVIDUAL,AFFLUENT,TR,RELATIONSHIP_MANAGER,2024-03-09,False,False,LOW,436178.220000,27,2025-11-04,True,True,CONTROLLED_SYNTHETIC
C001247,Synthetic Customer 001247,CORPORATE,CORPORATE,TR,BRANCH,2021-06-18,False,False,MEDIUM,119044.890000,22,2026-02-26,True,True,CONTROLLED_SYNTHETIC
C001248,Synthetic Customer 001248,INDIVIDUAL,MASS,TR,DIGITAL,2018-06-26,False,False,LOW,57072.900000,29,2026-07-08,True,True,CONTROLLED_SYNTHETIC
C001249,Synthetic Customer 001249,INDIVIDUAL,MASS,TR,BRANCH,2022-08-15,False,False,LOW,30715.210000,34,2027-07-13,True,True,CONTROLLED_SYNTHETIC
C001250,Synthetic Customer 001250,INDIVIDUAL,MASS,TR,RELATIONSHIP_MANAGER,2022-12-21,False,False,LOW,316445.250000,22,2026-08-12,True,True,CONTROLLED_SYNTHETIC
C001251,Synthetic Customer 001251,CORPORATE,SME,TR,DIGITAL,2018-03-23,False,False,LOW,9787.390000,24,2027-09-13,False,True,CONTROLLED_SYNTHETIC
C001252,Synthetic Customer 001252,CORPORATE,SME,TR,DIGITAL,2021-09-08,False,False,LOW,121598.490000,24,2027-01-13,True,True,CONTROLLED_SYNTHETIC
C001253,Synthetic Customer 001253,INDIVIDUAL,MASS,AE,BRANCH,2020-04-14,False,False,LOW,82734.530000,26,2026-04-30,True,True,CONTROLLED_SYNTHETIC
C001254,Synthetic Customer 001254,INDIVIDUAL,MASS,TR,DIGITAL,2018-07-11,False,False,LOW,1376894.490000,35,2026-08-21,True,True,CONTROLLED_SYNTHETIC
C001255,Synthetic Customer 001255,INDIVIDUAL,AFFLUENT,TR,BRANCH,2023-02-13,False,False,LOW,149736.370000,32,2026-02-13,True,True,CONTROLLED_SYNTHETIC
C001256,Synthetic Customer 001256,INDIVIDUAL,MASS,TR,BRANCH,2016-12-28,False,False,LOW,75175.780000,26,2026-05-13,True,True,CONTROLLED_SYNTHETIC
C001257,Synthetic Customer 001257,INDIVIDUAL,MASS,TR,BRANCH,2018-06-10,False,False,HIGH,63574.850000,32,2025-09-07,True,True,CONTROLLED_SYNTHETIC
C001258,Synthetic Customer 001258,CORPORATE,SME,TR,DIGITAL,2023-02-23,False,False,LOW,79227.480000,26,2027-08-02,True,True,CONTROLLED_SYNTHETIC
C001259,Synthetic Customer 001259,INDIVIDUAL,MASS,GE,BRANCH,2022-04-25,False,False,LOW,114239.140000,29,2025-07-25,True,True,CONTROLLED_SYNTHETIC
C001260,Synthetic Customer 001260,INDIVIDUAL,MASS,TR,BRANCH,2024-11-11,False,False,LOW,49465.380000,38,2026-04-04,True,True,CONTROLLED_SYNTHETIC
C001261,Synthetic Customer 001261,INDIVIDUAL,MASS,DE,DIGITAL,2021-08-10,False,False,MEDIUM,14812.210000,27,2027-09-27,True,False,CONTROLLED_SYNTHETIC
C001262,Synthetic Customer 001262,INDIVIDUAL,MASS,TR,DIGITAL,2019-04-17,False,False,MEDIUM,84698.670000,27,2027-01-19,True,True,CONTROLLED_SYNTHETIC
C001263,Synthetic Customer 001263,CORPORATE,SME,TR,DIGITAL,2024-02-08,False,False,LOW,13936.370000,18,2025-07-29,False,True,CONTROLLED_SYNTHETIC
C001264,Synthetic Customer 001264,INDIVIDUAL,MASS,TR,DIGITAL,2016-10-03,False,False,LOW,442637.380000,31,2027-01-01,True,True,CONTROLLED_SYNTHETIC
C001265,Synthetic Customer 001265,INDIVIDUAL,MASS,TR,BRANCH,2019-09-22,False,False,MEDIUM,55216.840000,31,2025-08-23,True,True,CONTROLLED_SYNTHETIC
C001266,Synthetic Customer 001266,INDIVIDUAL,MASS,TR,DIGITAL,2020-08-31,False,False,LOW,96169.030000,35,2027-09-28,True,True,CONTROLLED_SYNTHETIC
C001267,Synthetic Customer 001267,CORPORATE,SME,TR,BRANCH,2019-06-17,False,False,HIGH,135845.940000,30,2027-07-13,True,True,CONTROLLED_SYNTHETIC
C001268,Synthetic Customer 001268,INDIVIDUAL,MASS,TR,BRANCH,2021-12-25,False,False,LOW,8000.000000,29,2027-01-08,True,True,CONTROLLED_SYNTHETIC
C001269,Synthetic Customer 001269,INDIVIDUAL,MASS,TR,BRANCH,2021-05-01,False,False,LOW,90905.150000,29,2026-01-21,True,True,CONTROLLED_SYNTHETIC
C001270,Synthetic Customer 001270,INDIVIDUAL,MASS,TR,BRANCH,2020-11-30,False,False,LOW,368351.010000,25,2027-07-02,True,True,CONTROLLED_SYNTHETIC
C001271,Synthetic Customer 001271,INDIVIDUAL,AFFLUENT,TR,BRANCH,2025-07-26,False,False,LOW,106923.850000,28,2027-08-16,True,True,CONTROLLED_SYNTHETIC
C001272,Synthetic Customer 001272,INDIVIDUAL,PRIVATE,TR,DIGITAL,2016-10-09,False,False,LOW,109680.880000,25,2027-05-22,True,True,CONTROLLED_SYNTHETIC
C001273,Synthetic Customer 001273,CORPORATE,COMMERCIAL,TR,DIGITAL,2024-11-06,False,False,LOW,185816.870000,25,2026-10-06,True,True,CONTROLLED_SYNTHETIC
C001274,Synthetic Customer 001274,CORPORATE,COMMERCIAL,TR,BRANCH,2026-03-13,False,False,LOW,13961.140000,25,2027-02-21,True,False,CONTROLLED_SYNTHETIC
C001275,Synthetic Customer 001275,INDIVIDUAL,AFFLUENT,TR,BRANCH,2019-08-09,False,False,MEDIUM,104857.690000,27,2026-05-21,True,True,CONTROLLED_SYNTHETIC
C001276,Synthetic Customer 001276,INDIVIDUAL,MASS,US,BRANCH,2018-07-07,False,False,LOW,87663.590000,30,2025-10-14,True,True,CONTROLLED_SYNTHETIC
C001277,Synthetic Customer 001277,INDIVIDUAL,PRIVATE,TR,DIGITAL,2024-08-28,False,False,MEDIUM,85243.770000,25,2027-09-28,True,True,CONTROLLED_SYNTHETIC
C001278,Synthetic Customer 001278,INDIVIDUAL,MASS,TR,BRANCH,2018-02-10,False,False,LOW,218048.270000,25,2027-10-12,True,False,CONTROLLED_SYNTHETIC
C001279,Synthetic Customer 001279,CORPORATE,SME,TR,BRANCH,2025-08-28,False,False,LOW,44107.990000,36,2026-05-07,True,True,CONTROLLED_SYNTHETIC
C001280,Synthetic Customer 001280,INDIVIDUAL,MASS,TR,BRANCH,2023-07-16,False,False,LOW,194940.420000,32,2026-03-21,True,True,CONTROLLED_SYNTHETIC
C001281,Synthetic Customer 001281,INDIVIDUAL,MASS,TR,DIGITAL,2025-05-30,True,False,HIGH,24358.990000,23,2026-09-05,True,True,CONTROLLED_SYNTHETIC
C001282,Synthetic Customer 001282,INDIVIDUAL,MASS,TR,BRANCH,2017-06-05,False,False,LOW,186030.590000,23,2027-01-12,True,True,CONTROLLED_SYNTHETIC
C001283,Synthetic Customer 001283,CORPORATE,COMMERCIAL,AE,BRANCH,2025-01-18,False,False,MEDIUM,28180.370000,22,2026-03-22,True,True,CONTROLLED_SYNTHETIC
C001284,Synthetic Customer 001284,INDIVIDUAL,MASS,GB,RELATIONSHIP_MANAGER,2018-07-10,False,False,LOW,84448.270000,27,2026-12-12,True,True,CONTROLLED_SYNTHETIC
C001285,Synthetic Customer 001285,INDIVIDUAL,MASS,TR,DIGITAL,2024-09-05,False,False,LOW,209972.650000,28,2027-07-11,True,True,CONTROLLED_SYNTHETIC
C001286,Synthetic Customer 001286,INDIVIDUAL,MASS,TR,DIGITAL,2018-08-27,False,False,MEDIUM,84353.680000,23,2025-07-03,True,True,CONTROLLED_SYNTHETIC
C001287,Synthetic Customer 001287,INDIVIDUAL,MASS,TR,DIGITAL,2022-05-26,False,False,MEDIUM,41166.910000,25,2026-10-12,True,True,CONTROLLED_SYNTHETIC
C001288,Synthetic Customer 001288,CORPORATE,CORPORATE,AE,DIGITAL,2022-08-20,False,False,LOW,240205.480000,24,2027-04-07,True,True,CONTROLLED_SYNTHETIC
C001289,Synthetic Customer 001289,INDIVIDUAL,MASS,TR,DIGITAL,2021-02-02,False,False,MEDIUM,26602.060000,33,2027-06-15,True,True,CONTROLLED_SYNTHETIC
C001290,Synthetic Customer 001290,CORPORATE,COMMERCIAL,DE,RELATIONSHIP_MANAGER,2018-11-19,False,False,HIGH,105599.000000,26,2027-05-12,True,True,CONTROLLED_SYNTHETIC
C001291,Synthetic Customer 001291,INDIVIDUAL,AFFLUENT,AE,BRANCH,2019-09-14,False,False,MEDIUM,48129.400000,37,2026-09-12,True,True,CONTROLLED_SYNTHETIC
C001292,Synthetic Customer 001292,INDIVIDUAL,MASS,TR,DIGITAL,2023-12-31,False,False,MEDIUM,171459.840000,35,2026-07-20,True,True,CONTROLLED_SYNTHETIC
C001293,Synthetic Customer 001293,INDIVIDUAL,PRIVATE,TR,BRANCH,2018-10-07,False,False,LOW,8000.000000,22,2025-12-17,True,True,CONTROLLED_SYNTHETIC
C001294,Synthetic Customer 001294,INDIVIDUAL,MASS,TR,BRANCH,2021-03-13,False,False,LOW,105927.230000,29,2027-06-18,True,True,CONTROLLED_SYNTHETIC
C001295,Synthetic Customer 001295,INDIVIDUAL,PRIVATE,TR,DIGITAL,2021-09-05,False,False,MEDIUM,87776.550000,25,2027-06-19,True,True,CONTROLLED_SYNTHETIC
C001296,Synthetic Customer 001296,CORPORATE,CORPORATE,TR,RELATIONSHIP_MANAGER,2020-08-19,False,False,LOW,92027.430000,31,2027-06-09,True,True,CONTROLLED_SYNTHETIC
C001297,Synthetic Customer 001297,INDIVIDUAL,MASS,DE,BRANCH,2018-01-08,False,False,MEDIUM,120871.890000,37,2025-08-22,True,True,CONTROLLED_SYNTHETIC
C001298,Synthetic Customer 001298,INDIVIDUAL,MASS,TR,BRANCH,2020-01-18,False,False,LOW,339519.450000,28,2026-04-04,True,True,CONTROLLED_SYNTHETIC
C001299,Synthetic Customer 001299,CORPORATE,SME,TR,DIGITAL,2018-11-04,False,False,MEDIUM,49989.760000,32,2025-09-12,True,True,CONTROLLED_SYNTHETIC
C001300,Synthetic Customer 001300,INDIVIDUAL,AFFLUENT,TR,BRANCH,2019-12-16,False,False,LOW,79563.120000,21,2025-11-23,True,True,CONTROLLED_SYNTHETIC
C001301,Synthetic Customer 001301,INDIVIDUAL,MASS,TR,BRANCH,2019-10-26,False,False,MEDIUM,31260.690000,25,2025-08-10,True,False,CONTROLLED_SYNTHETIC
C001302,Synthetic Customer 001302,INDIVIDUAL,AFFLUENT,TR,BRANCH,2019-07-12,False,False,LOW,9596.790000,31,2025-12-16,True,True,CONTROLLED_SYNTHETIC
C001303,Synthetic Customer 001303,INDIVIDUAL,MASS,TR,BRANCH,2019-02-08,False,False,MEDIUM,319919.160000,30,2026-01-19,True,True,CONTROLLED_SYNTHETIC
C001304,Synthetic Customer 001304,INDIVIDUAL,MASS,TR,DIGITAL,2023-03-25,False,False,MEDIUM,230749.070000,33,2027-09-17,True,True,CONTROLLED_SYNTHETIC
C001305,Synthetic Customer 001305,INDIVIDUAL,MASS,TR,BRANCH,2017-01-08,False,False,LOW,82904.680000,20,2027-02-26,True,True,CONTROLLED_SYNTHETIC
C001306,Synthetic Customer 001306,INDIVIDUAL,AFFLUENT,TR,BRANCH,2020-11-16,False,False,HIGH,36592.190000,35,2026-07-28,True,True,CONTROLLED_SYNTHETIC
C001307,Synthetic Customer 001307,INDIVIDUAL,MASS,TR,BRANCH,2018-02-20,False,False,LOW,27082.090000,21,2027-04-24,True,True,CONTROLLED_SYNTHETIC
C001308,Synthetic Customer 001308,INDIVIDUAL,MASS,TR,DIGITAL,2022-05-27,False,False,MEDIUM,576151.580000,26,2026-10-30,True,True,CONTROLLED_SYNTHETIC
C001309,Synthetic Customer 001309,CORPORATE,SME,TR,BRANCH,2024-08-29,False,False,LOW,59418.070000,25,2025-08-14,True,True,CONTROLLED_SYNTHETIC
C001310,Synthetic Customer 001310,INDIVIDUAL,MASS,TR,BRANCH,2019-08-14,True,False,LOW,68493.800000,37,2026-01-05,True,False,CONTROLLED_SYNTHETIC
C001311,Synthetic Customer 001311,INDIVIDUAL,MASS,TR,BRANCH,2021-09-29,False,False,LOW,661724.990000,29,2025-11-25,True,True,CONTROLLED_SYNTHETIC
C001312,Synthetic Customer 001312,CORPORATE,COMMERCIAL,TR,RELATIONSHIP_MANAGER,2023-05-11,False,False,LOW,484248.200000,32,2026-07-10,True,True,CONTROLLED_SYNTHETIC
C001313,Synthetic Customer 001313,CORPORATE,SME,RS,DIGITAL,2025-05-13,False,False,HIGH,183928.430000,27,2026-08-04,True,True,CONTROLLED_SYNTHETIC
C001314,Synthetic Customer 001314,CORPORATE,SME,TR,DIGITAL,2022-04-17,False,False,LOW,1454901.560000,34,2025-08-09,True,True,CONTROLLED_SYNTHETIC
C001315,Synthetic Customer 001315,INDIVIDUAL,MASS,TR,BRANCH,2017-12-11,False,False,MEDIUM,172959.790000,30,2027-04-13,True,True,CONTROLLED_SYNTHETIC
C001316,Synthetic Customer 001316,CORPORATE,COMMERCIAL,TR,BRANCH,2022-11-24,False,False,LOW,4430772.870000,27,2027-08-02,True,True,CONTROLLED_SYNTHETIC
C001317,Synthetic Customer 001317,INDIVIDUAL,MASS,DE,DIGITAL,2017-07-08,False,False,MEDIUM,54817.790000,33,2026-03-31,True,True,CONTROLLED_SYNTHETIC
C001318,Synthetic Customer 001318,INDIVIDUAL,MASS,TR,BRANCH,2021-01-10,False,False,LOW,16372.160000,27,2027-05-31,True,True,CONTROLLED_SYNTHETIC
C001319,Synthetic Customer 001319,INDIVIDUAL,MASS,TR,BRANCH,2017-10-31,False,False,LOW,19286.540000,25,2027-05-16,True,True,CONTROLLED_SYNTHETIC
C001320,Synthetic Customer 001320,INDIVIDUAL,MASS,TR,DIGITAL,2019-05-19,True,False,LOW,26414.040000,29,2026-05-31,True,True,CONTROLLED_SYNTHETIC
C001321,Synthetic Customer 001321,CORPORATE,SME,TR,BRANCH,2025-12-12,False,False,LOW,71348.940000,27,2025-12-25,True,True,CONTROLLED_SYNTHETIC
C001322,Synthetic Customer 001322,INDIVIDUAL,MASS,TR,DIGITAL,2022-09-13,False,False,MEDIUM,281015.350000,31,2025-07-10,True,True,CONTROLLED_SYNTHETIC
C001323,Synthetic Customer 001323,INDIVIDUAL,AFFLUENT,TR,DIGITAL,2017-10-03,False,False,MEDIUM,188346.140000,29,2027-04-07,True,True,CONTROLLED_SYNTHETIC
C001324,Synthetic Customer 001324,INDIVIDUAL,MASS,TR,RELATIONSHIP_MANAGER,2018-12-03,True,False,LOW,88772.970000,27,2027-09-16,True,True,CONTROLLED_SYNTHETIC
C001325,Synthetic Customer 001325,INDIVIDUAL,AFFLUENT,TR,BRANCH,2025-02-16,False,False,LOW,65021.130000,28,2025-07-20,True,True,CONTROLLED_SYNTHETIC
C001326,Synthetic Customer 001326,INDIVIDUAL,AFFLUENT,TR,BRANCH,2017-08-23,False,True,MEDIUM,69475.400000,23,2027-09-23,True,True,CONTROLLED_SYNTHETIC
C001327,Synthetic Customer 001327,INDIVIDUAL,AFFLUENT,TR,RELATIONSHIP_MANAGER,2016-09-30,False,False,LOW,56683.790000,19,2025-10-09,True,True,CONTROLLED_SYNTHETIC
C001328,Synthetic Customer 001328,INDIVIDUAL,MASS,TR,RELATIONSHIP_MANAGER,2016-10-30,False,False,MEDIUM,22675.220000,32,2026-03-09,True,True,CONTROLLED_SYNTHETIC
C001329,Synthetic Customer 001329,INDIVIDUAL,MASS,DE,BRANCH,2019-02-01,False,False,MEDIUM,19769.760000,29,2026-05-11,True,True,CONTROLLED_SYNTHETIC
C001330,Synthetic Customer 001330,INDIVIDUAL,MASS,TR,DIGITAL,2024-11-27,False,False,LOW,271197.150000,21,2025-08-27,True,True,CONTROLLED_SYNTHETIC
C001331,Synthetic Customer 001331,CORPORATE,COMMERCIAL,TR,DIGITAL,2023-01-08,False,False,LOW,21569.970000,22,2027-05-07,True,True,CONTROLLED_SYNTHETIC
C001332,Synthetic Customer 001332,INDIVIDUAL,MASS,TR,DIGITAL,2020-02-09,False,False,MEDIUM,165539.060000,25,2025-10-07,True,True,CONTROLLED_SYNTHETIC
C001333,Synthetic Customer 001333,CORPORATE,SME,TR,BRANCH,2022-05-04,True,False,MEDIUM,93703.110000,39,2025-11-19,False,True,CONTROLLED_SYNTHETIC
C001334,Synthetic Customer 001334,INDIVIDUAL,MASS,TR,DIGITAL,2021-03-14,False,False,HIGH,59319.090000,23,2026-12-11,True,True,CONTROLLED_SYNTHETIC
C001335,Synthetic Customer 001335,CORPORATE,COMMERCIAL,GE,DIGITAL,2017-06-15,False,False,LOW,10273.260000,31,2026-10-22,False,True,CONTROLLED_SYNTHETIC
C001336,Synthetic Customer 001336,INDIVIDUAL,MASS,TR,BRANCH,2024-02-21,False,False,LOW,124744.930000,28,2027-09-16,True,True,CONTROLLED_SYNTHETIC
C001337,Synthetic Customer 001337,INDIVIDUAL,MASS,TR,BRANCH,2024-11-26,False,False,LOW,158118.130000,28,2026-04-08,True,False,CONTROLLED_SYNTHETIC
C001338,Synthetic Customer 001338,INDIVIDUAL,AFFLUENT,TR,DIGITAL,2019-01-16,False,False,MEDIUM,275009.140000,25,2027-04-30,True,True,CONTROLLED_SYNTHETIC
C001339,Synthetic Customer 001339,CORPORATE,COMMERCIAL,TR,DIGITAL,2023-09-19,False,False,LOW,8335.210000,31,2025-11-01,True,True,CONTROLLED_SYNTHETIC
C001340,Synthetic Customer 001340,CORPORATE,SME,TR,RELATIONSHIP_MANAGER,2023-02-15,True,False,LOW,28049.880000,28,2027-09-09,True,True,CONTROLLED_SYNTHETIC
C001341,Synthetic Customer 001341,INDIVIDUAL,MASS,TR,BRANCH,2017-02-16,False,False,LOW,144957.840000,22,2026-07-19,True,True,CONTROLLED_SYNTHETIC
C001342,Synthetic Customer 001342,INDIVIDUAL,MASS,TR,DIGITAL,2025-04-19,False,False,MEDIUM,12491.440000,32,2026-12-14,True,True,CONTROLLED_SYNTHETIC
C001343,Synthetic Customer 001343,INDIVIDUAL,MASS,AE,BRANCH,2024-08-04,False,False,LOW,115619.520000,41,2026-03-01,True,True,CONTROLLED_SYNTHETIC
C001344,Synthetic Customer 001344,INDIVIDUAL,MASS,TR,BRANCH,2019-06-22,False,False,LOW,100181.180000,27,2025-09-29,True,True,CONTROLLED_SYNTHETIC
C001345,Synthetic Customer 001345,CORPORATE,SME,TR,DIGITAL,2023-01-19,False,False,LOW,35258.870000,23,2027-05-13,True,True,CONTROLLED_SYNTHETIC
C001346,Synthetic Customer 001346,INDIVIDUAL,PRIVATE,TR,BRANCH,2021-10-16,False,False,LOW,18721.840000,36,2025-08-22,True,True,CONTROLLED_SYNTHETIC
C001347,Synthetic Customer 001347,INDIVIDUAL,AFFLUENT,AE,BRANCH,2025-03-19,False,False,MEDIUM,19207.130000,32,2026-07-27,True,True,CONTROLLED_SYNTHETIC
C001348,Synthetic Customer 001348,CORPORATE,COMMERCIAL,TR,BRANCH,2021-05-01,False,False,MEDIUM,242050.480000,42,2025-08-24,False,True,CONTROLLED_SYNTHETIC
C001349,Synthetic Customer 001349,INDIVIDUAL,MASS,TR,BRANCH,2021-05-21,False,False,MEDIUM,8000.000000,32,2026-11-06,True,True,CONTROLLED_SYNTHETIC
C001350,Synthetic Customer 001350,INDIVIDUAL,MASS,DE,BRANCH,2022-09-25,False,False,MEDIUM,76097.870000,33,2027-07-06,True,True,CONTROLLED_SYNTHETIC
C001351,Synthetic Customer 001351,INDIVIDUAL,MASS,TR,DIGITAL,2019-08-11,False,False,LOW,59599.950000,28,2026-03-10,True,True,CONTROLLED_SYNTHETIC
C001352,Synthetic Customer 001352,INDIVIDUAL,MASS,TR,BRANCH,2026-01-28,False,False,LOW,16873.340000,18,2027-01-10,True,True,CONTROLLED_SYNTHETIC
C001353,Synthetic Customer 001353,INDIVIDUAL,MASS,TR,DIGITAL,2020-05-28,False,False,LOW,39686.520000,32,2027-01-02,True,True,CONTROLLED_SYNTHETIC
C001354,Synthetic Customer 001354,INDIVIDUAL,PRIVATE,TR,DIGITAL,2018-06-20,False,False,LOW,8000.000000,30,2026-02-18,True,True,CONTROLLED_SYNTHETIC
C001355,Synthetic Customer 001355,INDIVIDUAL,MASS,TR,RELATIONSHIP_MANAGER,2024-06-16,True,False,LOW,77015.430000,27,2026-02-23,True,True,CONTROLLED_SYNTHETIC
C001356,Synthetic Customer 001356,INDIVIDUAL,MASS,TR,BRANCH,2019-10-04,False,False,LOW,102373.760000,24,2025-06-26,True,True,CONTROLLED_SYNTHETIC
C001357,Synthetic Customer 001357,INDIVIDUAL,MASS,TR,DIGITAL,2024-02-15,False,False,LOW,40670.120000,38,2025-09-14,True,True,CONTROLLED_SYNTHETIC
C001358,Synthetic Customer 001358,INDIVIDUAL,MASS,DE,BRANCH,2025-07-11,False,False,MEDIUM,510143.640000,24,2026-01-10,True,True,CONTROLLED_SYNTHETIC
C001359,Synthetic Customer 001359,INDIVIDUAL,MASS,TR,BRANCH,2020-01-03,False,False,LOW,62706.400000,17,2026-10-26,True,True,CONTROLLED_SYNTHETIC
C001360,Synthetic Customer 001360,CORPORATE,SME,RS,DIGITAL,2021-04-25,False,False,MEDIUM,46267.640000,30,2027-08-09,True,True,CONTROLLED_SYNTHETIC
C001361,Synthetic Customer 001361,INDIVIDUAL,AFFLUENT,TR,BRANCH,2021-12-26,False,False,LOW,630173.840000,25,2026-01-24,True,True,CONTROLLED_SYNTHETIC
C001362,Synthetic Customer 001362,INDIVIDUAL,PRIVATE,GE,DIGITAL,2021-10-20,False,False,LOW,9573.300000,23,2025-10-28,True,True,CONTROLLED_SYNTHETIC
C001363,Synthetic Customer 001363,INDIVIDUAL,MASS,TR,DIGITAL,2024-02-17,False,False,LOW,103842.340000,31,2026-09-17,True,True,CONTROLLED_SYNTHETIC
C001364,Synthetic Customer 001364,INDIVIDUAL,MASS,TR,BRANCH,2017-09-19,False,False,LOW,146673.360000,28,2026-04-23,True,True,CONTROLLED_SYNTHETIC
C001365,Synthetic Customer 001365,INDIVIDUAL,MASS,TR,BRANCH,2023-11-09,False,False,LOW,269785.720000,23,2026-04-03,True,True,CONTROLLED_SYNTHETIC
C001366,Synthetic Customer 001366,CORPORATE,COMMERCIAL,TR,DIGITAL,2018-02-08,False,False,LOW,188589.190000,28,2027-07-21,True,True,CONTROLLED_SYNTHETIC
C001367,Synthetic Customer 001367,INDIVIDUAL,MASS,AE,BRANCH,2016-10-30,False,False,MEDIUM,98720.780000,30,2026-04-03,True,False,CONTROLLED_SYNTHETIC
C001368,Synthetic Customer 001368,INDIVIDUAL,MASS,TR,BRANCH,2019-05-09,False,False,LOW,11290.730000,27,2025-07-22,True,True,CONTROLLED_SYNTHETIC
C001369,Synthetic Customer 001369,INDIVIDUAL,MASS,TR,BRANCH,2023-11-08,True,False,LOW,11531.640000,31,2025-08-24,True,True,CONTROLLED_SYNTHETIC
C001370,Synthetic Customer 001370,INDIVIDUAL,MASS,TR,BRANCH,2021-08-02,False,False,LOW,33882.950000,27,2026-03-08,True,True,CONTROLLED_SYNTHETIC
C001371,Synthetic Customer 001371,CORPORATE,SME,TR,DIGITAL,2025-01-13,True,False,MEDIUM,13024.910000,28,2025-11-18,True,True,CONTROLLED_SYNTHETIC
C001372,Synthetic Customer 001372,INDIVIDUAL,MASS,TR,DIGITAL,2025-04-09,False,False,MEDIUM,118898.520000,32,2026-01-24,True,True,CONTROLLED_SYNTHETIC
C001373,Synthetic Customer 001373,INDIVIDUAL,MASS,TR,RELATIONSHIP_MANAGER,2018-08-20,False,False,LOW,66535.920000,29,2026-04-25,True,True,CONTROLLED_SYNTHETIC
C001374,Synthetic Customer 001374,INDIVIDUAL,AFFLUENT,TR,BRANCH,2019-05-30,False,False,LOW,35104.500000,27,2027-05-11,True,True,CONTROLLED_SYNTHETIC
C001375,Synthetic Customer 001375,INDIVIDUAL,AFFLUENT,TR,DIGITAL,2022-11-13,False,False,LOW,295048.860000,30,2026-07-05,True,True,CONTROLLED_SYNTHETIC
C001376,Synthetic Customer 001376,INDIVIDUAL,MASS,TR,DIGITAL,2020-11-23,False,False,LOW,45658.480000,27,2026-11-27,True,True,CONTROLLED_SYNTHETIC
C001377,Synthetic Customer 001377,CORPORATE,SME,GB,DIGITAL,2021-06-20,False,False,LOW,29438.900000,33,2026-11-20,True,True,CONTROLLED_SYNTHETIC
C001378,Synthetic Customer 001378,INDIVIDUAL,MASS,TR,DIGITAL,2021-01-25,False,False,HIGH,83097.990000,22,2026-07-23,True,True,CONTROLLED_SYNTHETIC
C001379,Synthetic Customer 001379,CORPORATE,SME,TR,DIGITAL,2016-09-14,False,False,HIGH,12862.590000,32,2025-08-28,True,True,CONTROLLED_SYNTHETIC
C001380,Synthetic Customer 001380,INDIVIDUAL,MASS,TR,BRANCH,2017-10-25,False,False,MEDIUM,31997.780000,31,2026-03-30,True,True,CONTROLLED_SYNTHETIC
C001381,Synthetic Customer 001381,INDIVIDUAL,AFFLUENT,TR,BRANCH,2025-03-09,False,False,MEDIUM,41243.220000,28,2026-08-08,True,True,CONTROLLED_SYNTHETIC
C001382,Synthetic Customer 001382,INDIVIDUAL,MASS,TR,DIGITAL,2019-07-22,False,False,HIGH,26067.320000,27,2026-07-18,True,True,CONTROLLED_SYNTHETIC
C001383,Synthetic Customer 001383,CORPORATE,COMMERCIAL,US,BRANCH,2023-05-03,False,False,MEDIUM,19010.430000,24,2025-10-12,True,True,CONTROLLED_SYNTHETIC
C001384,Synthetic Customer 001384,CORPORATE,CORPORATE,TR,DIGITAL,2021-04-12,False,False,LOW,89298.420000,24,2025-08-30,True,True,CONTROLLED_SYNTHETIC
C001385,Synthetic Customer 001385,INDIVIDUAL,AFFLUENT,GE,BRANCH,2026-06-05,False,False,MEDIUM,167491.390000,26,2027-02-17,True,True,CONTROLLED_SYNTHETIC
C001386,Synthetic Customer 001386,INDIVIDUAL,PRIVATE,TR,BRANCH,2021-10-29,False,False,LOW,34038.310000,25,2027-09-25,True,True,CONTROLLED_SYNTHETIC
C001387,Synthetic Customer 001387,INDIVIDUAL,MASS,TR,BRANCH,2024-05-23,False,False,HIGH,26965.880000,27,2027-07-13,True,True,CONTROLLED_SYNTHETIC
C001388,Synthetic Customer 001388,INDIVIDUAL,MASS,GE,DIGITAL,2017-02-04,False,False,LOW,70219.930000,27,2025-11-27,True,True,CONTROLLED_SYNTHETIC
C001389,Synthetic Customer 001389,INDIVIDUAL,MASS,TR,RELATIONSHIP_MANAGER,2019-05-23,False,False,MEDIUM,38526.660000,32,2027-04-22,True,True,CONTROLLED_SYNTHETIC
C001390,Synthetic Customer 001390,INDIVIDUAL,AFFLUENT,TR,BRANCH,2022-06-28,False,False,LOW,211789.730000,22,2025-07-31,True,True,CONTROLLED_SYNTHETIC
C001391,Synthetic Customer 001391,INDIVIDUAL,MASS,TR,BRANCH,2018-05-07,False,False,LOW,23134.640000,28,2026-04-28,True,True,CONTROLLED_SYNTHETIC
C001392,Synthetic Customer 001392,INDIVIDUAL,MASS,TR,DIGITAL,2024-10-03,False,False,LOW,290760.570000,37,2026-11-16,True,True,CONTROLLED_SYNTHETIC
C001393,Synthetic Customer 001393,INDIVIDUAL,MASS,US,DIGITAL,2017-07-23,False,False,MEDIUM,144324.330000,33,2026-10-08,True,True,CONTROLLED_SYNTHETIC
C001394,Synthetic Customer 001394,INDIVIDUAL,MASS,RS,DIGITAL,2017-12-14,False,False,LOW,43428.570000,20,2025-12-17,True,True,CONTROLLED_SYNTHETIC
C001395,Synthetic Customer 001395,INDIVIDUAL,MASS,TR,RELATIONSHIP_MANAGER,2022-09-14,False,False,MEDIUM,88669.720000,30,2025-06-30,True,True,CONTROLLED_SYNTHETIC
C001396,Synthetic Customer 001396,INDIVIDUAL,AFFLUENT,TR,BRANCH,2020-08-08,False,False,LOW,154580.470000,31,2026-10-19,True,True,CONTROLLED_SYNTHETIC
C001397,Synthetic Customer 001397,CORPORATE,SME,TR,DIGITAL,2022-02-08,False,False,LOW,526310.350000,35,2026-02-01,True,True,CONTROLLED_SYNTHETIC
C001398,Synthetic Customer 001398,CORPORATE,CORPORATE,TR,DIGITAL,2017-05-27,False,False,MEDIUM,15276.070000,18,2026-07-01,True,True,CONTROLLED_SYNTHETIC
C001399,Synthetic Customer 001399,INDIVIDUAL,MASS,TR,BRANCH,2020-08-06,False,False,MEDIUM,566421.260000,26,2025-12-01,True,True,CONTROLLED_SYNTHETIC
C001400,Synthetic Customer 001400,INDIVIDUAL,MASS,TR,DIGITAL,2021-10-20,False,False,LOW,17065.780000,31,2025-09-04,True,True,CONTROLLED_SYNTHETIC
C001401,Synthetic Customer 001401,INDIVIDUAL,MASS,TR,BRANCH,2020-05-24,False,False,LOW,122042.370000,37,2027-02-01,True,True,CONTROLLED_SYNTHETIC
C001402,Synthetic Customer 001402,INDIVIDUAL,MASS,TR,BRANCH,2020-03-14,False,False,LOW,179035.320000,28,2026-01-27,True,True,CONTROLLED_SYNTHETIC
C001403,Synthetic Customer 001403,INDIVIDUAL,MASS,AE,BRANCH,2023-02-26,False,False,MEDIUM,32453.530000,33,2026-09-18,True,True,CONTROLLED_SYNTHETIC
C001404,Synthetic Customer 001404,INDIVIDUAL,AFFLUENT,TR,DIGITAL,2025-01-16,False,False,MEDIUM,30977.770000,28,2026-01-26,True,True,CONTROLLED_SYNTHETIC
C001405,Synthetic Customer 001405,CORPORATE,SME,TR,DIGITAL,2020-11-19,False,False,LOW,134028.880000,19,2026-04-08,True,True,CONTROLLED_SYNTHETIC
C001406,Synthetic Customer 001406,INDIVIDUAL,MASS,TR,BRANCH,2025-04-09,False,False,LOW,69050.250000,31,2026-11-20,True,True,CONTROLLED_SYNTHETIC
C001407,Synthetic Customer 001407,INDIVIDUAL,MASS,TR,DIGITAL,2020-06-12,False,False,LOW,421227.170000,28,2026-12-18,True,True,CONTROLLED_SYNTHETIC
C001408,Synthetic Customer 001408,INDIVIDUAL,MASS,TR,BRANCH,2021-02-06,False,False,LOW,543852.320000,26,2026-02-09,True,True,CONTROLLED_SYNTHETIC
C001409,Synthetic Customer 001409,INDIVIDUAL,MASS,US,DIGITAL,2021-05-14,False,False,LOW,12894.080000,22,2027-06-21,True,True,CONTROLLED_SYNTHETIC
C001410,Synthetic Customer 001410,INDIVIDUAL,MASS,TR,BRANCH,2025-10-25,False,False,MEDIUM,142179.840000,40,2025-10-17,True,True,CONTROLLED_SYNTHETIC
C001411,Synthetic Customer 001411,INDIVIDUAL,MASS,TR,DIGITAL,2018-08-06,False,False,LOW,676066.240000,34,2026-08-22,True,True,CONTROLLED_SYNTHETIC
C001412,Synthetic Customer 001412,INDIVIDUAL,PRIVATE,TR,BRANCH,2024-09-30,False,False,LOW,152604.980000,31,2025-10-26,True,True,CONTROLLED_SYNTHETIC
C001413,Synthetic Customer 001413,INDIVIDUAL,MASS,TR,RELATIONSHIP_MANAGER,2021-02-24,False,False,LOW,113714.700000,33,2027-10-12,True,True,CONTROLLED_SYNTHETIC
C001414,Synthetic Customer 001414,INDIVIDUAL,MASS,TR,DIGITAL,2022-06-11,False,False,LOW,704158.170000,34,2026-01-22,True,True,CONTROLLED_SYNTHETIC
C001415,Synthetic Customer 001415,CORPORATE,SME,GE,BRANCH,2020-11-04,False,False,MEDIUM,24801.930000,24,2026-08-23,True,True,CONTROLLED_SYNTHETIC
C001416,Synthetic Customer 001416,INDIVIDUAL,MASS,TR,DIGITAL,2025-11-06,False,False,MEDIUM,40592.540000,32,2025-07-31,True,False,CONTROLLED_SYNTHETIC
C001417,Synthetic Customer 001417,INDIVIDUAL,MASS,GE,BRANCH,2023-12-24,False,False,MEDIUM,31825.150000,25,2027-08-09,True,True,CONTROLLED_SYNTHETIC
C001418,Synthetic Customer 001418,INDIVIDUAL,MASS,TR,BRANCH,2025-03-12,False,False,LOW,55282.980000,20,2025-10-04,True,True,CONTROLLED_SYNTHETIC
C001419,Synthetic Customer 001419,INDIVIDUAL,MASS,TR,BRANCH,2019-08-31,False,False,LOW,11455.250000,31,2027-01-05,True,True,CONTROLLED_SYNTHETIC
C001420,Synthetic Customer 001420,INDIVIDUAL,MASS,TR,DIGITAL,2017-06-11,False,False,LOW,29907.610000,24,2027-08-14,True,False,CONTROLLED_SYNTHETIC
C001421,Synthetic Customer 001421,CORPORATE,COMMERCIAL,AE,DIGITAL,2020-04-17,False,False,MEDIUM,122079.090000,24,2027-04-14,True,True,CONTROLLED_SYNTHETIC
C001422,Synthetic Customer 001422,INDIVIDUAL,AFFLUENT,GB,BRANCH,2016-09-02,False,False,LOW,111004.880000,27,2027-07-31,True,True,CONTROLLED_SYNTHETIC
C001423,Synthetic Customer 001423,INDIVIDUAL,MASS,TR,BRANCH,2023-04-16,False,False,LOW,9120.780000,24,2027-02-04,True,False,CONTROLLED_SYNTHETIC
C001424,Synthetic Customer 001424,INDIVIDUAL,AFFLUENT,TR,BRANCH,2024-08-31,False,False,LOW,66436.970000,33,2027-05-03,True,True,CONTROLLED_SYNTHETIC
C001425,Synthetic Customer 001425,INDIVIDUAL,AFFLUENT,TR,DIGITAL,2020-06-27,False,False,LOW,10690.850000,28,2027-10-05,True,True,CONTROLLED_SYNTHETIC
C001426,Synthetic Customer 001426,INDIVIDUAL,MASS,TR,RELATIONSHIP_MANAGER,2019-09-29,False,False,MEDIUM,19519.590000,26,2025-08-21,True,True,CONTROLLED_SYNTHETIC
C001427,Synthetic Customer 001427,INDIVIDUAL,AFFLUENT,TR,DIGITAL,2018-12-08,False,False,HIGH,151893.630000,26,2025-11-30,True,True,CONTROLLED_SYNTHETIC
C001428,Synthetic Customer 001428,CORPORATE,COMMERCIAL,TR,BRANCH,2023-11-19,False,False,LOW,174812.110000,32,2026-05-07,True,True,CONTROLLED_SYNTHETIC
C001429,Synthetic Customer 001429,CORPORATE,COMMERCIAL,TR,RELATIONSHIP_MANAGER,2022-05-09,False,False,LOW,28976.010000,15,2027-09-05,True,True,CONTROLLED_SYNTHETIC
C001430,Synthetic Customer 001430,CORPORATE,SME,TR,RELATIONSHIP_MANAGER,2021-12-23,False,False,LOW,112402.830000,19,2026-10-31,True,True,CONTROLLED_SYNTHETIC
C001431,Synthetic Customer 001431,INDIVIDUAL,AFFLUENT,TR,DIGITAL,2021-06-11,False,False,LOW,19289.980000,27,2026-04-02,True,True,CONTROLLED_SYNTHETIC
C001432,Synthetic Customer 001432,INDIVIDUAL,MASS,AE,BRANCH,2025-11-24,False,False,LOW,343044.170000,28,2027-04-03,True,True,CONTROLLED_SYNTHETIC
C001433,Synthetic Customer 001433,INDIVIDUAL,MASS,TR,DIGITAL,2025-05-23,False,False,MEDIUM,42883.360000,27,2026-04-05,True,True,CONTROLLED_SYNTHETIC
C001434,Synthetic Customer 001434,INDIVIDUAL,MASS,TR,BRANCH,2022-04-28,False,False,MEDIUM,25238.790000,30,2026-02-13,True,False,CONTROLLED_SYNTHETIC
C001435,Synthetic Customer 001435,INDIVIDUAL,AFFLUENT,TR,DIGITAL,2024-02-27,False,False,LOW,585660.880000,25,2027-04-05,True,True,CONTROLLED_SYNTHETIC
C001436,Synthetic Customer 001436,INDIVIDUAL,MASS,TR,BRANCH,2018-11-24,False,False,LOW,170423.210000,35,2027-05-05,True,True,CONTROLLED_SYNTHETIC
C001437,Synthetic Customer 001437,CORPORATE,CORPORATE,TR,DIGITAL,2025-02-04,False,False,LOW,23716.750000,25,2026-09-09,True,True,CONTROLLED_SYNTHETIC
C001438,Synthetic Customer 001438,INDIVIDUAL,MASS,TR,DIGITAL,2021-09-01,False,False,LOW,78900.830000,39,2026-04-16,True,True,CONTROLLED_SYNTHETIC
C001439,Synthetic Customer 001439,INDIVIDUAL,PRIVATE,TR,BRANCH,2026-05-31,False,False,LOW,102572.300000,15,2025-12-09,True,True,CONTROLLED_SYNTHETIC
C001440,Synthetic Customer 001440,INDIVIDUAL,MASS,US,BRANCH,2023-05-13,False,False,MEDIUM,130719.710000,34,2025-08-25,True,True,CONTROLLED_SYNTHETIC
C001441,Synthetic Customer 001441,INDIVIDUAL,AFFLUENT,TR,DIGITAL,2019-12-12,False,False,LOW,33717.010000,23,2026-05-23,True,True,CONTROLLED_SYNTHETIC
C001442,Synthetic Customer 001442,INDIVIDUAL,MASS,TR,BRANCH,2025-12-12,False,False,LOW,45489.110000,23,2026-08-05,True,True,CONTROLLED_SYNTHETIC
C001443,Synthetic Customer 001443,INDIVIDUAL,MASS,GB,BRANCH,2021-06-10,False,False,HIGH,43279.810000,35,2026-06-06,True,True,CONTROLLED_SYNTHETIC
C001444,Synthetic Customer 001444,INDIVIDUAL,MASS,TR,BRANCH,2020-04-11,False,False,MEDIUM,29168.830000,29,2027-05-29,True,True,CONTROLLED_SYNTHETIC
C001445,Synthetic Customer 001445,INDIVIDUAL,MASS,TR,DIGITAL,2024-02-19,True,False,LOW,70975.090000,25,2026-11-15,True,True,CONTROLLED_SYNTHETIC
C001446,Synthetic Customer 001446,CORPORATE,SME,AE,DIGITAL,2021-10-04,False,False,LOW,208874.600000,33,2026-07-25,True,True,CONTROLLED_SYNTHETIC
C001447,Synthetic Customer 001447,INDIVIDUAL,MASS,GE,DIGITAL,2024-05-22,False,False,MEDIUM,136092.180000,28,2026-06-29,True,True,CONTROLLED_SYNTHETIC
C001448,Synthetic Customer 001448,INDIVIDUAL,MASS,TR,RELATIONSHIP_MANAGER,2022-09-17,False,False,MEDIUM,20921.570000,25,2027-03-15,True,True,CONTROLLED_SYNTHETIC
C001449,Synthetic Customer 001449,CORPORATE,SME,TR,DIGITAL,2021-10-25,False,False,LOW,545378.010000,23,2027-07-06,True,True,CONTROLLED_SYNTHETIC
C001450,Synthetic Customer 001450,INDIVIDUAL,MASS,TR,BRANCH,2022-06-12,False,False,LOW,8855.750000,24,2027-01-22,True,True,CONTROLLED_SYNTHETIC
C001451,Synthetic Customer 001451,CORPORATE,SME,TR,BRANCH,2026-01-03,False,False,LOW,35595.860000,25,2026-08-07,False,True,CONTROLLED_SYNTHETIC
C001452,Synthetic Customer 001452,INDIVIDUAL,AFFLUENT,TR,DIGITAL,2018-06-10,False,False,LOW,38355.900000,23,2026-06-24,True,True,CONTROLLED_SYNTHETIC
C001453,Synthetic Customer 001453,INDIVIDUAL,MASS,TR,DIGITAL,2024-12-01,False,False,MEDIUM,70559.580000,21,2027-03-07,True,True,CONTROLLED_SYNTHETIC
C001454,Synthetic Customer 001454,INDIVIDUAL,AFFLUENT,GE,DIGITAL,2022-07-30,False,False,MEDIUM,696984.960000,21,2025-10-27,True,True,CONTROLLED_SYNTHETIC
C001455,Synthetic Customer 001455,INDIVIDUAL,AFFLUENT,TR,DIGITAL,2016-11-04,False,False,LOW,196186.120000,32,2027-04-25,True,True,CONTROLLED_SYNTHETIC
C001456,Synthetic Customer 001456,INDIVIDUAL,MASS,TR,BRANCH,2022-02-16,False,False,LOW,29624.530000,31,2025-12-06,True,True,CONTROLLED_SYNTHETIC
C001457,Synthetic Customer 001457,INDIVIDUAL,MASS,TR,DIGITAL,2026-04-27,False,False,LOW,57091.160000,29,2026-02-12,True,True,CONTROLLED_SYNTHETIC
C001458,Synthetic Customer 001458,INDIVIDUAL,MASS,TR,BRANCH,2020-07-12,False,False,MEDIUM,15525.680000,35,2027-03-15,True,True,CONTROLLED_SYNTHETIC
C001459,Synthetic Customer 001459,CORPORATE,SME,TR,BRANCH,2022-10-31,False,False,MEDIUM,8000.000000,30,2025-10-27,True,True,CONTROLLED_SYNTHETIC
C001460,Synthetic Customer 001460,CORPORATE,SME,TR,DIGITAL,2025-06-04,False,False,LOW,336752.800000,36,2027-09-24,True,True,CONTROLLED_SYNTHETIC
C001461,Synthetic Customer 001461,INDIVIDUAL,AFFLUENT,TR,BRANCH,2022-07-29,False,False,HIGH,406187.280000,40,2027-08-09,True,True,CONTROLLED_SYNTHETIC
C001462,Synthetic Customer 001462,INDIVIDUAL,MASS,GE,DIGITAL,2018-12-11,False,False,LOW,33082.150000,39,2027-04-16,True,True,CONTROLLED_SYNTHETIC
C001463,Synthetic Customer 001463,INDIVIDUAL,AFFLUENT,TR,DIGITAL,2018-08-04,False,False,MEDIUM,126252.260000,29,2026-06-08,True,True,CONTROLLED_SYNTHETIC
C001464,Synthetic Customer 001464,INDIVIDUAL,MASS,TR,DIGITAL,2019-09-10,False,False,LOW,70571.280000,28,2026-01-14,True,True,CONTROLLED_SYNTHETIC
C001465,Synthetic Customer 001465,CORPORATE,SME,TR,DIGITAL,2017-08-18,False,False,MEDIUM,88725.700000,32,2025-08-28,False,True,CONTROLLED_SYNTHETIC
C001466,Synthetic Customer 001466,CORPORATE,COMMERCIAL,AE,DIGITAL,2022-02-23,False,False,LOW,8043.280000,32,2026-02-08,True,True,CONTROLLED_SYNTHETIC
C001467,Synthetic Customer 001467,INDIVIDUAL,MASS,TR,DIGITAL,2020-07-28,True,False,LOW,32448.650000,24,2025-11-12,True,True,CONTROLLED_SYNTHETIC
C001468,Synthetic Customer 001468,CORPORATE,SME,TR,DIGITAL,2025-07-26,False,False,MEDIUM,141718.900000,18,2026-06-13,True,True,CONTROLLED_SYNTHETIC
C001469,Synthetic Customer 001469,INDIVIDUAL,MASS,TR,DIGITAL,2020-12-27,False,False,LOW,34158.410000,32,2025-12-30,True,True,CONTROLLED_SYNTHETIC
C001470,Synthetic Customer 001470,INDIVIDUAL,PRIVATE,TR,BRANCH,2023-11-07,False,False,MEDIUM,124282.950000,30,2025-07-15,True,True,CONTROLLED_SYNTHETIC
C001471,Synthetic Customer 001471,INDIVIDUAL,MASS,TR,BRANCH,2017-11-17,False,False,LOW,38394.510000,34,2026-08-03,True,True,CONTROLLED_SYNTHETIC
C001472,Synthetic Customer 001472,INDIVIDUAL,MASS,TR,DIGITAL,2024-10-26,False,False,LOW,119113.600000,34,2026-09-06,True,True,CONTROLLED_SYNTHETIC
C001473,Synthetic Customer 001473,INDIVIDUAL,MASS,TR,DIGITAL,2019-11-29,False,False,LOW,54587.520000,20,2026-07-18,True,True,CONTROLLED_SYNTHETIC
C001474,Synthetic Customer 001474,CORPORATE,SME,TR,DIGITAL,2019-05-30,False,False,LOW,54601.170000,27,2025-08-23,True,True,CONTROLLED_SYNTHETIC
C001475,Synthetic Customer 001475,INDIVIDUAL,MASS,TR,DIGITAL,2025-11-21,False,False,LOW,116998.960000,23,2025-10-17,True,True,CONTROLLED_SYNTHETIC
C001476,Synthetic Customer 001476,INDIVIDUAL,MASS,TR,RELATIONSHIP_MANAGER,2019-09-12,False,False,LOW,8000.000000,23,2027-01-21,True,True,CONTROLLED_SYNTHETIC
C001477,Synthetic Customer 001477,CORPORATE,SME,TR,BRANCH,2026-02-24,False,False,HIGH,183373.000000,25,2027-05-22,False,True,CONTROLLED_SYNTHETIC
C001478,Synthetic Customer 001478,INDIVIDUAL,MASS,AE,BRANCH,2020-03-20,False,False,LOW,236392.260000,31,2026-12-12,True,True,CONTROLLED_SYNTHETIC
C001479,Synthetic Customer 001479,CORPORATE,SME,TR,RELATIONSHIP_MANAGER,2018-09-10,False,False,MEDIUM,147032.580000,35,2026-04-11,True,True,CONTROLLED_SYNTHETIC
C001480,Synthetic Customer 001480,INDIVIDUAL,MASS,TR,BRANCH,2016-10-12,False,False,HIGH,16554.870000,32,2026-04-19,True,True,CONTROLLED_SYNTHETIC
C001481,Synthetic Customer 001481,INDIVIDUAL,AFFLUENT,TR,DIGITAL,2021-07-18,False,False,LOW,349665.360000,23,2025-08-22,True,True,CONTROLLED_SYNTHETIC
C001482,Synthetic Customer 001482,INDIVIDUAL,AFFLUENT,AE,DIGITAL,2025-12-23,False,False,LOW,58615.860000,27,2026-03-06,True,True,CONTROLLED_SYNTHETIC
C001483,Synthetic Customer 001483,INDIVIDUAL,MASS,TR,RELATIONSHIP_MANAGER,2020-09-27,False,False,LOW,40566.380000,32,2025-11-25,True,False,CONTROLLED_SYNTHETIC
C001484,Synthetic Customer 001484,INDIVIDUAL,AFFLUENT,TR,DIGITAL,2017-01-27,False,False,LOW,50518.710000,22,2026-10-27,True,True,CONTROLLED_SYNTHETIC
C001485,Synthetic Customer 001485,INDIVIDUAL,AFFLUENT,TR,DIGITAL,2025-10-11,False,False,LOW,191602.950000,27,2027-08-21,True,True,CONTROLLED_SYNTHETIC
C001486,Synthetic Customer 001486,CORPORATE,SME,AE,RELATIONSHIP_MANAGER,2018-07-09,False,False,LOW,211956.170000,26,2026-03-02,True,True,CONTROLLED_SYNTHETIC
C001487,Synthetic Customer 001487,CORPORATE,SME,GB,BRANCH,2016-10-18,False,False,LOW,48163.410000,28,2026-06-09,True,True,CONTROLLED_SYNTHETIC
C001488,Synthetic Customer 001488,INDIVIDUAL,MASS,TR,BRANCH,2022-12-01,False,False,LOW,70519.470000,27,2026-11-23,True,True,CONTROLLED_SYNTHETIC
C001489,Synthetic Customer 001489,INDIVIDUAL,MASS,TR,BRANCH,2023-12-17,False,False,LOW,49316.720000,32,2026-04-25,True,True,CONTROLLED_SYNTHETIC
C001490,Synthetic Customer 001490,INDIVIDUAL,MASS,TR,DIGITAL,2023-10-20,False,False,MEDIUM,39197.380000,20,2025-07-29,True,True,CONTROLLED_SYNTHETIC
C001491,Synthetic Customer 001491,INDIVIDUAL,AFFLUENT,TR,BRANCH,2026-05-30,False,False,LOW,80674.050000,24,2026-03-18,True,True,CONTROLLED_SYNTHETIC
C001492,Synthetic Customer 001492,INDIVIDUAL,MASS,TR,DIGITAL,2022-11-29,False,False,LOW,312348.580000,30,2026-06-13,True,True,CONTROLLED_SYNTHETIC
C001493,Synthetic Customer 001493,INDIVIDUAL,MASS,DE,DIGITAL,2017-04-01,False,False,LOW,32591.850000,24,2026-11-03,True,True,CONTROLLED_SYNTHETIC
C001494,Synthetic Customer 001494,INDIVIDUAL,MASS,TR,BRANCH,2021-11-14,False,False,LOW,51397.780000,29,2027-04-29,True,False,CONTROLLED_SYNTHETIC
C001495,Synthetic Customer 001495,INDIVIDUAL,MASS,TR,DIGITAL,2019-03-22,False,False,MEDIUM,25519.240000,27,2027-04-05,True,True,CONTROLLED_SYNTHETIC
C001496,Synthetic Customer 001496,INDIVIDUAL,MASS,TR,DIGITAL,2026-05-02,False,False,LOW,194118.080000,32,2026-08-21,True,True,CONTROLLED_SYNTHETIC
C001497,Synthetic Customer 001497,INDIVIDUAL,AFFLUENT,TR,DIGITAL,2022-02-22,False,False,MEDIUM,45463.360000,28,2026-06-07,True,True,CONTROLLED_SYNTHETIC
C001498,Synthetic Customer 001498,INDIVIDUAL,PRIVATE,TR,RELATIONSHIP_MANAGER,2023-06-05,False,False,MEDIUM,155474.910000,26,2025-11-29,True,True,CONTROLLED_SYNTHETIC
C001499,Synthetic Customer 001499,INDIVIDUAL,MASS,TR,DIGITAL,2021-02-01,False,False,MEDIUM,11716.950000,25,2027-06-16,True,True,CONTROLLED_SYNTHETIC
C001500,Synthetic Customer 001500,INDIVIDUAL,AFFLUENT,TR,BRANCH,2016-12-18,False,False,LOW,15238.110000,31,2026-02-10,True,True,CONTROLLED_SYNTHETIC
C001501,Synthetic Customer 001501,INDIVIDUAL,MASS,TR,BRANCH,2025-05-01,False,False,LOW,8694.550000,31,2025-10-23,True,True,CONTROLLED_SYNTHETIC
C001502,Synthetic Customer 001502,CORPORATE,SME,TR,DIGITAL,2021-07-28,False,False,LOW,334078.090000,31,2026-04-17,True,True,CONTROLLED_SYNTHETIC
C001503,Synthetic Customer 001503,CORPORATE,COMMERCIAL,US,BRANCH,2021-03-05,False,False,LOW,411961.170000,21,2027-03-28,False,True,CONTROLLED_SYNTHETIC
C001504,Synthetic Customer 001504,INDIVIDUAL,MASS,TR,BRANCH,2021-12-05,False,False,MEDIUM,25434.270000,27,2027-08-10,True,True,CONTROLLED_SYNTHETIC
C001505,Synthetic Customer 001505,INDIVIDUAL,MASS,TR,RELATIONSHIP_MANAGER,2016-10-25,False,False,LOW,88189.340000,31,2025-10-28,True,True,CONTROLLED_SYNTHETIC
C001506,Synthetic Customer 001506,INDIVIDUAL,AFFLUENT,TR,BRANCH,2017-09-19,False,False,MEDIUM,66645.510000,28,2027-05-21,True,True,CONTROLLED_SYNTHETIC
C001507,Synthetic Customer 001507,INDIVIDUAL,AFFLUENT,TR,BRANCH,2019-09-18,False,False,LOW,885756.410000,35,2025-12-04,True,True,CONTROLLED_SYNTHETIC
C001508,Synthetic Customer 001508,INDIVIDUAL,MASS,TR,BRANCH,2021-09-25,False,False,MEDIUM,81924.780000,28,2026-01-12,True,True,CONTROLLED_SYNTHETIC
C001509,Synthetic Customer 001509,INDIVIDUAL,AFFLUENT,TR,BRANCH,2025-06-03,False,False,LOW,86387.780000,21,2026-03-16,True,True,CONTROLLED_SYNTHETIC
C001510,Synthetic Customer 001510,INDIVIDUAL,PRIVATE,TR,BRANCH,2019-03-07,False,False,LOW,69452.980000,35,2026-09-21,True,True,CONTROLLED_SYNTHETIC
C001511,Synthetic Customer 001511,INDIVIDUAL,AFFLUENT,TR,DIGITAL,2016-11-07,False,False,LOW,263459.620000,27,2027-07-12,True,True,CONTROLLED_SYNTHETIC
C001512,Synthetic Customer 001512,INDIVIDUAL,AFFLUENT,TR,DIGITAL,2018-05-21,False,False,LOW,452811.340000,25,2025-06-30,True,False,CONTROLLED_SYNTHETIC
C001513,Synthetic Customer 001513,INDIVIDUAL,MASS,TR,BRANCH,2018-10-01,False,False,LOW,157224.580000,33,2026-12-28,True,True,CONTROLLED_SYNTHETIC
C001514,Synthetic Customer 001514,CORPORATE,SME,TR,BRANCH,2022-11-26,False,False,MEDIUM,156987.080000,29,2027-10-12,True,True,CONTROLLED_SYNTHETIC
C001515,Synthetic Customer 001515,INDIVIDUAL,AFFLUENT,TR,DIGITAL,2023-12-05,False,False,LOW,14734.140000,22,2027-06-18,True,True,CONTROLLED_SYNTHETIC
C001516,Synthetic Customer 001516,INDIVIDUAL,MASS,TR,RELATIONSHIP_MANAGER,2020-09-21,False,False,LOW,213015.380000,32,2025-10-09,True,True,CONTROLLED_SYNTHETIC
C001517,Synthetic Customer 001517,INDIVIDUAL,MASS,TR,DIGITAL,2023-06-22,False,False,LOW,253509.900000,31,2025-08-06,True,True,CONTROLLED_SYNTHETIC
C001518,Synthetic Customer 001518,INDIVIDUAL,MASS,TR,BRANCH,2020-01-03,False,False,LOW,132608.800000,30,2027-04-15,True,True,CONTROLLED_SYNTHETIC
C001519,Synthetic Customer 001519,CORPORATE,SME,TR,BRANCH,2021-11-20,False,False,LOW,93210.700000,28,2027-04-30,True,True,CONTROLLED_SYNTHETIC
C001520,Synthetic Customer 001520,INDIVIDUAL,MASS,TR,BRANCH,2025-06-13,False,False,LOW,70925.380000,19,2027-03-18,True,True,CONTROLLED_SYNTHETIC
C001521,Synthetic Customer 001521,INDIVIDUAL,MASS,GB,RELATIONSHIP_MANAGER,2025-08-10,False,False,LOW,200126.750000,27,2025-07-20,True,True,CONTROLLED_SYNTHETIC
C001522,Synthetic Customer 001522,CORPORATE,SME,TR,RELATIONSHIP_MANAGER,2023-08-09,True,False,LOW,101157.970000,26,2027-08-28,False,True,CONTROLLED_SYNTHETIC
C001523,Synthetic Customer 001523,INDIVIDUAL,AFFLUENT,GE,RELATIONSHIP_MANAGER,2022-05-15,False,False,LOW,96920.400000,21,2026-09-18,True,True,CONTROLLED_SYNTHETIC
C001524,Synthetic Customer 001524,INDIVIDUAL,AFFLUENT,TR,BRANCH,2022-01-19,False,False,LOW,8000.000000,28,2025-10-08,True,True,CONTROLLED_SYNTHETIC
C001525,Synthetic Customer 001525,INDIVIDUAL,AFFLUENT,TR,DIGITAL,2026-02-20,False,False,MEDIUM,74288.260000,28,2026-06-07,True,True,CONTROLLED_SYNTHETIC
C001526,Synthetic Customer 001526,INDIVIDUAL,AFFLUENT,TR,BRANCH,2023-08-28,True,False,LOW,367307.810000,23,2026-09-22,True,True,CONTROLLED_SYNTHETIC
C001527,Synthetic Customer 001527,INDIVIDUAL,MASS,TR,DIGITAL,2023-11-22,False,False,HIGH,47260.890000,34,2025-08-20,True,True,CONTROLLED_SYNTHETIC
C001528,Synthetic Customer 001528,INDIVIDUAL,MASS,TR,BRANCH,2022-03-07,False,False,LOW,61178.670000,30,2025-09-05,True,True,CONTROLLED_SYNTHETIC
C001529,Synthetic Customer 001529,INDIVIDUAL,AFFLUENT,TR,BRANCH,2023-01-24,False,False,MEDIUM,545291.090000,35,2027-01-05,True,True,CONTROLLED_SYNTHETIC
C001530,Synthetic Customer 001530,INDIVIDUAL,MASS,TR,BRANCH,2020-12-22,False,False,LOW,11333.320000,20,2026-09-20,True,False,CONTROLLED_SYNTHETIC
C001531,Synthetic Customer 001531,INDIVIDUAL,MASS,TR,BRANCH,2021-12-10,False,False,MEDIUM,43926.370000,30,2026-05-30,True,True,CONTROLLED_SYNTHETIC
C001532,Synthetic Customer 001532,INDIVIDUAL,MASS,US,DIGITAL,2024-10-05,False,False,LOW,57135.670000,33,2027-09-24,True,False,CONTROLLED_SYNTHETIC
C001533,Synthetic Customer 001533,INDIVIDUAL,MASS,TR,BRANCH,2018-02-24,False,False,LOW,247969.140000,28,2025-11-13,True,True,CONTROLLED_SYNTHETIC
C001534,Synthetic Customer 001534,INDIVIDUAL,MASS,TR,DIGITAL,2017-01-16,False,False,LOW,1887035.650000,28,2027-04-03,True,True,CONTROLLED_SYNTHETIC
C001535,Synthetic Customer 001535,INDIVIDUAL,MASS,TR,DIGITAL,2020-02-25,False,False,LOW,71005.380000,24,2027-06-15,True,True,CONTROLLED_SYNTHETIC
C001536,Synthetic Customer 001536,INDIVIDUAL,MASS,TR,DIGITAL,2016-10-19,False,False,MEDIUM,48485.080000,26,2026-12-13,True,True,CONTROLLED_SYNTHETIC
C001537,Synthetic Customer 001537,INDIVIDUAL,MASS,TR,BRANCH,2021-06-23,False,False,LOW,61273.190000,25,2026-05-15,True,True,CONTROLLED_SYNTHETIC
C001538,Synthetic Customer 001538,INDIVIDUAL,AFFLUENT,TR,RELATIONSHIP_MANAGER,2020-10-12,False,False,LOW,74671.420000,34,2027-08-16,True,True,CONTROLLED_SYNTHETIC
C001539,Synthetic Customer 001539,INDIVIDUAL,MASS,TR,BRANCH,2017-02-26,False,False,MEDIUM,30621.000000,34,2027-04-02,True,True,CONTROLLED_SYNTHETIC
C001540,Synthetic Customer 001540,INDIVIDUAL,MASS,TR,DIGITAL,2025-01-15,False,False,LOW,74768.840000,28,2025-07-15,True,True,CONTROLLED_SYNTHETIC
C001541,Synthetic Customer 001541,INDIVIDUAL,MASS,TR,BRANCH,2023-08-08,False,False,LOW,84982.330000,32,2026-06-18,True,True,CONTROLLED_SYNTHETIC
C001542,Synthetic Customer 001542,INDIVIDUAL,MASS,US,RELATIONSHIP_MANAGER,2023-01-27,False,True,LOW,21490.330000,35,2025-12-12,True,True,CONTROLLED_SYNTHETIC
C001543,Synthetic Customer 001543,INDIVIDUAL,PRIVATE,TR,BRANCH,2020-08-22,False,False,LOW,56319.700000,35,2027-07-24,True,True,CONTROLLED_SYNTHETIC
C001544,Synthetic Customer 001544,INDIVIDUAL,MASS,TR,DIGITAL,2026-05-30,False,False,MEDIUM,61751.530000,31,2027-02-21,True,True,CONTROLLED_SYNTHETIC
C001545,Synthetic Customer 001545,INDIVIDUAL,PRIVATE,US,RELATIONSHIP_MANAGER,2017-03-18,False,False,MEDIUM,379102.850000,36,2025-09-28,True,True,CONTROLLED_SYNTHETIC
C001546,Synthetic Customer 001546,INDIVIDUAL,MASS,GB,RELATIONSHIP_MANAGER,2018-04-12,False,False,LOW,33645.050000,31,2027-04-06,True,True,CONTROLLED_SYNTHETIC
C001547,Synthetic Customer 001547,INDIVIDUAL,MASS,TR,DIGITAL,2025-08-20,False,False,MEDIUM,26397.110000,22,2025-08-11,True,True,CONTROLLED_SYNTHETIC
C001548,Synthetic Customer 001548,INDIVIDUAL,AFFLUENT,TR,RELATIONSHIP_MANAGER,2025-02-08,False,False,MEDIUM,13248.420000,25,2026-03-13,True,True,CONTROLLED_SYNTHETIC
C001549,Synthetic Customer 001549,INDIVIDUAL,MASS,AE,DIGITAL,2024-12-06,False,False,LOW,12891.010000,30,2026-01-17,True,True,CONTROLLED_SYNTHETIC
C001550,Synthetic Customer 001550,INDIVIDUAL,PRIVATE,TR,DIGITAL,2021-11-14,False,False,LOW,8000.000000,23,2025-07-01,True,True,CONTROLLED_SYNTHETIC
C001551,Synthetic Customer 001551,INDIVIDUAL,MASS,TR,DIGITAL,2019-08-29,False,False,LOW,47736.070000,23,2026-08-26,True,True,CONTROLLED_SYNTHETIC
C001552,Synthetic Customer 001552,INDIVIDUAL,PRIVATE,TR,DIGITAL,2023-10-17,False,False,LOW,92214.880000,39,2025-11-12,True,True,CONTROLLED_SYNTHETIC
C001553,Synthetic Customer 001553,CORPORATE,CORPORATE,TR,DIGITAL,2018-05-02,False,False,LOW,53757.550000,19,2026-07-15,True,True,CONTROLLED_SYNTHETIC
C001554,Synthetic Customer 001554,CORPORATE,SME,TR,DIGITAL,2022-07-25,False,False,MEDIUM,76065.390000,25,2026-09-15,True,True,CONTROLLED_SYNTHETIC
C001555,Synthetic Customer 001555,INDIVIDUAL,MASS,TR,BRANCH,2019-03-08,False,False,LOW,39145.580000,23,2027-05-20,True,True,CONTROLLED_SYNTHETIC
C001556,Synthetic Customer 001556,INDIVIDUAL,PRIVATE,TR,BRANCH,2024-11-08,False,False,MEDIUM,63971.460000,26,2027-01-07,True,True,CONTROLLED_SYNTHETIC
C001557,Synthetic Customer 001557,INDIVIDUAL,MASS,TR,BRANCH,2025-10-14,False,False,LOW,11287.480000,27,2026-06-01,True,True,CONTROLLED_SYNTHETIC
C001558,Synthetic Customer 001558,CORPORATE,SME,TR,DIGITAL,2018-08-24,False,False,LOW,54303.260000,26,2026-02-18,True,True,CONTROLLED_SYNTHETIC
C001559,Synthetic Customer 001559,INDIVIDUAL,MASS,AE,RELATIONSHIP_MANAGER,2020-08-30,False,False,LOW,18929.880000,25,2026-09-09,True,True,CONTROLLED_SYNTHETIC
C001560,Synthetic Customer 001560,CORPORATE,SME,GB,BRANCH,2024-01-18,False,False,MEDIUM,262034.390000,27,2027-06-26,True,True,CONTROLLED_SYNTHETIC
C001561,Synthetic Customer 001561,INDIVIDUAL,MASS,TR,BRANCH,2026-05-30,False,False,LOW,142121.140000,28,2026-09-15,True,True,CONTROLLED_SYNTHETIC
C001562,Synthetic Customer 001562,INDIVIDUAL,AFFLUENT,TR,DIGITAL,2023-12-05,False,False,LOW,155236.320000,23,2027-09-13,True,True,CONTROLLED_SYNTHETIC
C001563,Synthetic Customer 001563,INDIVIDUAL,MASS,TR,DIGITAL,2023-12-02,False,False,LOW,91505.140000,32,2027-01-04,True,True,CONTROLLED_SYNTHETIC
C001564,Synthetic Customer 001564,INDIVIDUAL,MASS,TR,DIGITAL,2017-08-19,False,False,LOW,335553.500000,36,2026-01-30,True,True,CONTROLLED_SYNTHETIC
C001565,Synthetic Customer 001565,CORPORATE,SME,TR,BRANCH,2023-11-30,False,False,LOW,43881.720000,30,2027-05-21,True,True,CONTROLLED_SYNTHETIC
C001566,Synthetic Customer 001566,INDIVIDUAL,MASS,TR,DIGITAL,2019-08-01,False,False,LOW,325310.250000,25,2026-05-29,True,True,CONTROLLED_SYNTHETIC
C001567,Synthetic Customer 001567,CORPORATE,SME,AE,DIGITAL,2025-09-22,False,False,LOW,46554.310000,23,2026-01-31,False,True,CONTROLLED_SYNTHETIC
C001568,Synthetic Customer 001568,INDIVIDUAL,AFFLUENT,AE,BRANCH,2020-09-09,False,False,LOW,118923.340000,27,2027-06-10,True,True,CONTROLLED_SYNTHETIC
C001569,Synthetic Customer 001569,INDIVIDUAL,AFFLUENT,TR,DIGITAL,2019-11-04,False,False,LOW,134438.060000,28,2027-09-20,True,True,CONTROLLED_SYNTHETIC
C001570,Synthetic Customer 001570,INDIVIDUAL,AFFLUENT,TR,BRANCH,2022-11-26,True,False,LOW,101583.490000,30,2027-06-13,True,True,CONTROLLED_SYNTHETIC
C001571,Synthetic Customer 001571,INDIVIDUAL,MASS,TR,BRANCH,2022-03-19,False,False,HIGH,8000.000000,23,2026-09-29,True,True,CONTROLLED_SYNTHETIC
C001572,Synthetic Customer 001572,CORPORATE,SME,TR,BRANCH,2024-05-02,False,False,LOW,701702.990000,19,2026-06-25,True,True,CONTROLLED_SYNTHETIC
C001573,Synthetic Customer 001573,INDIVIDUAL,MASS,GB,DIGITAL,2021-02-08,False,False,MEDIUM,63333.710000,35,2025-10-06,True,True,CONTROLLED_SYNTHETIC
C001574,Synthetic Customer 001574,CORPORATE,COMMERCIAL,TR,DIGITAL,2018-12-18,False,False,MEDIUM,138515.750000,23,2027-10-10,True,True,CONTROLLED_SYNTHETIC
C001575,Synthetic Customer 001575,INDIVIDUAL,MASS,TR,BRANCH,2024-07-22,False,False,LOW,66163.640000,30,2027-06-03,True,True,CONTROLLED_SYNTHETIC
C001576,Synthetic Customer 001576,CORPORATE,SME,TR,DIGITAL,2017-07-16,False,False,LOW,17506.370000,30,2025-10-18,True,True,CONTROLLED_SYNTHETIC
C001577,Synthetic Customer 001577,INDIVIDUAL,AFFLUENT,TR,DIGITAL,2016-10-28,False,False,LOW,95570.420000,35,2027-02-28,True,True,CONTROLLED_SYNTHETIC
C001578,Synthetic Customer 001578,INDIVIDUAL,MASS,TR,RELATIONSHIP_MANAGER,2021-03-31,False,False,LOW,78658.060000,31,2026-03-10,True,True,CONTROLLED_SYNTHETIC
C001579,Synthetic Customer 001579,CORPORATE,COMMERCIAL,DE,DIGITAL,2021-10-02,False,False,MEDIUM,25353.890000,19,2027-04-27,True,True,CONTROLLED_SYNTHETIC
C001580,Synthetic Customer 001580,CORPORATE,SME,TR,DIGITAL,2020-08-04,False,False,LOW,192788.110000,26,2026-03-14,True,True,CONTROLLED_SYNTHETIC
C001581,Synthetic Customer 001581,INDIVIDUAL,MASS,TR,BRANCH,2022-03-30,False,False,MEDIUM,50065.320000,37,2025-08-30,True,True,CONTROLLED_SYNTHETIC
C001582,Synthetic Customer 001582,INDIVIDUAL,MASS,TR,DIGITAL,2023-01-18,False,False,LOW,380170.110000,24,2026-05-27,True,True,CONTROLLED_SYNTHETIC
C001583,Synthetic Customer 001583,INDIVIDUAL,PRIVATE,TR,DIGITAL,2020-06-16,False,False,MEDIUM,346009.180000,36,2025-10-11,True,True,CONTROLLED_SYNTHETIC
C001584,Synthetic Customer 001584,CORPORATE,CORPORATE,TR,BRANCH,2021-10-08,False,False,LOW,16403.790000,26,2026-08-16,True,True,CONTROLLED_SYNTHETIC
C001585,Synthetic Customer 001585,INDIVIDUAL,MASS,TR,DIGITAL,2025-02-28,False,False,LOW,8000.000000,28,2027-10-10,True,True,CONTROLLED_SYNTHETIC
C001586,Synthetic Customer 001586,INDIVIDUAL,MASS,DE,DIGITAL,2022-04-28,False,False,MEDIUM,98347.080000,21,2025-09-16,True,True,CONTROLLED_SYNTHETIC
C001587,Synthetic Customer 001587,INDIVIDUAL,MASS,TR,BRANCH,2026-01-25,False,False,MEDIUM,151564.350000,32,2026-12-29,True,False,CONTROLLED_SYNTHETIC
C001588,Synthetic Customer 001588,CORPORATE,SME,TR,BRANCH,2025-04-09,False,False,LOW,10718.750000,32,2027-08-16,True,True,CONTROLLED_SYNTHETIC
C001589,Synthetic Customer 001589,INDIVIDUAL,MASS,TR,DIGITAL,2020-04-29,False,False,MEDIUM,8000.000000,27,2026-04-02,True,True,CONTROLLED_SYNTHETIC
C001590,Synthetic Customer 001590,INDIVIDUAL,MASS,TR,BRANCH,2021-04-03,True,False,LOW,96655.210000,29,2025-08-16,True,True,CONTROLLED_SYNTHETIC
C001591,Synthetic Customer 001591,INDIVIDUAL,MASS,GE,BRANCH,2019-06-20,False,False,LOW,344120.150000,28,2025-08-23,True,True,CONTROLLED_SYNTHETIC
C001592,Synthetic Customer 001592,INDIVIDUAL,MASS,TR,BRANCH,2025-07-29,False,False,LOW,33701.280000,31,2026-08-30,True,True,CONTROLLED_SYNTHETIC
C001593,Synthetic Customer 001593,INDIVIDUAL,MASS,TR,DIGITAL,2026-04-28,False,False,MEDIUM,76216.010000,26,2027-09-04,True,True,CONTROLLED_SYNTHETIC
C001594,Synthetic Customer 001594,INDIVIDUAL,MASS,GB,BRANCH,2021-09-16,False,False,MEDIUM,409788.920000,19,2027-10-04,True,True,CONTROLLED_SYNTHETIC
C001595,Synthetic Customer 001595,INDIVIDUAL,AFFLUENT,TR,DIGITAL,2017-02-27,False,False,LOW,44468.370000,31,2026-02-27,True,True,CONTROLLED_SYNTHETIC
C001596,Synthetic Customer 001596,INDIVIDUAL,MASS,XH,BRANCH,2023-05-29,True,False,LOW,16057.470000,31,2026-03-11,True,True,CONTROLLED_SYNTHETIC
C001597,Synthetic Customer 001597,INDIVIDUAL,MASS,TR,BRANCH,2016-12-30,False,False,HIGH,319871.460000,36,2026-09-07,True,True,CONTROLLED_SYNTHETIC
C001598,Synthetic Customer 001598,INDIVIDUAL,MASS,TR,BRANCH,2025-05-31,False,False,LOW,95221.720000,32,2027-04-24,True,False,CONTROLLED_SYNTHETIC
C001599,Synthetic Customer 001599,INDIVIDUAL,MASS,TR,BRANCH,2024-09-15,False,False,MEDIUM,8000.000000,27,2026-09-18,True,True,CONTROLLED_SYNTHETIC
C001600,Synthetic Customer 001600,INDIVIDUAL,AFFLUENT,TR,RELATIONSHIP_MANAGER,2023-05-30,False,False,LOW,91120.110000,24,2026-04-10,True,True,CONTROLLED_SYNTHETIC
C001601,Synthetic Customer 001601,INDIVIDUAL,MASS,TR,BRANCH,2019-11-17,False,False,HIGH,80706.370000,27,2026-03-16,True,True,CONTROLLED_SYNTHETIC
C001602,Synthetic Customer 001602,INDIVIDUAL,MASS,TR,DIGITAL,2018-05-01,False,False,LOW,245320.190000,25,2025-08-21,True,True,CONTROLLED_SYNTHETIC
C001603,Synthetic Customer 001603,CORPORATE,CORPORATE,TR,RELATIONSHIP_MANAGER,2025-10-21,False,False,LOW,19097.620000,26,2026-10-10,True,True,CONTROLLED_SYNTHETIC
C001604,Synthetic Customer 001604,INDIVIDUAL,MASS,TR,DIGITAL,2018-05-09,False,False,MEDIUM,88672.580000,26,2026-05-16,True,True,CONTROLLED_SYNTHETIC
C001605,Synthetic Customer 001605,INDIVIDUAL,AFFLUENT,TR,RELATIONSHIP_MANAGER,2020-03-13,False,False,MEDIUM,115913.510000,26,2027-08-31,True,True,CONTROLLED_SYNTHETIC
C001606,Synthetic Customer 001606,CORPORATE,COMMERCIAL,TR,DIGITAL,2019-08-22,False,False,HIGH,131073.050000,23,2026-08-26,True,True,CONTROLLED_SYNTHETIC
C001607,Synthetic Customer 001607,INDIVIDUAL,MASS,TR,BRANCH,2021-08-20,False,False,MEDIUM,44628.220000,28,2027-06-13,True,True,CONTROLLED_SYNTHETIC
C001608,Synthetic Customer 001608,INDIVIDUAL,MASS,TR,DIGITAL,2020-10-12,False,False,LOW,53490.890000,30,2027-06-11,True,True,CONTROLLED_SYNTHETIC
C001609,Synthetic Customer 001609,INDIVIDUAL,MASS,TR,BRANCH,2020-10-09,False,False,LOW,172378.990000,28,2027-03-13,True,True,CONTROLLED_SYNTHETIC
C001610,Synthetic Customer 001610,INDIVIDUAL,AFFLUENT,DE,DIGITAL,2020-07-11,False,False,LOW,44916.960000,25,2027-09-19,True,True,CONTROLLED_SYNTHETIC
C001611,Synthetic Customer 001611,INDIVIDUAL,AFFLUENT,TR,DIGITAL,2025-09-18,False,False,MEDIUM,69164.830000,28,2027-01-11,True,True,CONTROLLED_SYNTHETIC
C001612,Synthetic Customer 001612,INDIVIDUAL,MASS,TR,BRANCH,2021-07-22,False,False,LOW,24290.510000,18,2027-05-05,True,True,CONTROLLED_SYNTHETIC
C001613,Synthetic Customer 001613,CORPORATE,SME,TR,BRANCH,2024-08-16,False,False,LOW,106757.230000,36,2025-09-14,True,True,CONTROLLED_SYNTHETIC
C001614,Synthetic Customer 001614,CORPORATE,CORPORATE,DE,BRANCH,2025-08-13,False,False,MEDIUM,20471.100000,37,2027-02-06,True,True,CONTROLLED_SYNTHETIC
C001615,Synthetic Customer 001615,INDIVIDUAL,MASS,TR,BRANCH,2021-12-14,False,False,MEDIUM,152882.110000,30,2025-12-29,True,True,CONTROLLED_SYNTHETIC
C001616,Synthetic Customer 001616,INDIVIDUAL,MASS,TR,BRANCH,2023-07-23,False,False,LOW,76947.180000,30,2026-03-01,True,True,CONTROLLED_SYNTHETIC
C001617,Synthetic Customer 001617,INDIVIDUAL,MASS,TR,DIGITAL,2026-02-22,False,False,LOW,85111.890000,27,2026-05-06,True,False,CONTROLLED_SYNTHETIC
C001618,Synthetic Customer 001618,CORPORATE,COMMERCIAL,TR,DIGITAL,2018-01-10,False,False,MEDIUM,361469.010000,28,2026-05-25,True,True,CONTROLLED_SYNTHETIC
C001619,Synthetic Customer 001619,INDIVIDUAL,MASS,US,DIGITAL,2018-10-01,False,False,LOW,175481.490000,34,2026-01-19,True,True,CONTROLLED_SYNTHETIC
C001620,Synthetic Customer 001620,CORPORATE,SME,TR,BRANCH,2018-03-25,False,False,MEDIUM,28787.420000,25,2027-02-07,True,True,CONTROLLED_SYNTHETIC
C001621,Synthetic Customer 001621,INDIVIDUAL,MASS,GE,DIGITAL,2023-10-14,False,False,LOW,27221.370000,32,2026-11-25,True,True,CONTROLLED_SYNTHETIC
C001622,Synthetic Customer 001622,INDIVIDUAL,MASS,TR,BRANCH,2026-01-20,False,False,LOW,45307.770000,30,2026-02-15,True,True,CONTROLLED_SYNTHETIC
C001623,Synthetic Customer 001623,INDIVIDUAL,MASS,TR,BRANCH,2023-02-11,False,False,MEDIUM,124570.630000,27,2027-08-30,True,True,CONTROLLED_SYNTHETIC
C001624,Synthetic Customer 001624,INDIVIDUAL,MASS,TR,BRANCH,2017-11-30,False,False,LOW,29475.870000,31,2027-04-03,True,True,CONTROLLED_SYNTHETIC
C001625,Synthetic Customer 001625,CORPORATE,COMMERCIAL,TR,BRANCH,2023-05-09,False,False,MEDIUM,91637.070000,30,2025-09-08,False,True,CONTROLLED_SYNTHETIC
C001626,Synthetic Customer 001626,CORPORATE,COMMERCIAL,TR,BRANCH,2018-04-07,False,False,MEDIUM,87310.780000,27,2025-09-27,True,True,CONTROLLED_SYNTHETIC
C001627,Synthetic Customer 001627,CORPORATE,COMMERCIAL,TR,DIGITAL,2024-12-01,False,False,MEDIUM,118683.420000,23,2026-06-10,True,True,CONTROLLED_SYNTHETIC
C001628,Synthetic Customer 001628,INDIVIDUAL,MASS,TR,BRANCH,2019-05-02,False,False,LOW,107791.610000,20,2027-07-09,True,True,CONTROLLED_SYNTHETIC
C001629,Synthetic Customer 001629,INDIVIDUAL,MASS,TR,DIGITAL,2026-01-27,False,False,LOW,81947.720000,22,2027-08-24,True,True,CONTROLLED_SYNTHETIC
C001630,Synthetic Customer 001630,INDIVIDUAL,MASS,TR,DIGITAL,2017-01-24,False,False,LOW,66732.420000,30,2025-10-14,True,True,CONTROLLED_SYNTHETIC
C001631,Synthetic Customer 001631,INDIVIDUAL,AFFLUENT,AE,DIGITAL,2018-12-11,False,False,LOW,78482.140000,40,2025-12-25,True,True,CONTROLLED_SYNTHETIC
C001632,Synthetic Customer 001632,CORPORATE,SME,TR,DIGITAL,2024-06-06,False,False,LOW,16669.640000,29,2025-09-10,True,True,CONTROLLED_SYNTHETIC
C001633,Synthetic Customer 001633,INDIVIDUAL,MASS,TR,DIGITAL,2016-12-15,False,False,HIGH,8000.000000,29,2026-01-21,True,True,CONTROLLED_SYNTHETIC
C001634,Synthetic Customer 001634,INDIVIDUAL,MASS,TR,DIGITAL,2018-05-23,False,False,MEDIUM,60234.240000,30,2027-05-12,True,True,CONTROLLED_SYNTHETIC
C001635,Synthetic Customer 001635,INDIVIDUAL,PRIVATE,TR,DIGITAL,2021-03-28,False,False,LOW,173383.700000,26,2025-10-19,True,True,CONTROLLED_SYNTHETIC
C001636,Synthetic Customer 001636,INDIVIDUAL,MASS,RS,DIGITAL,2022-12-15,False,False,MEDIUM,36504.720000,31,2026-04-22,True,True,CONTROLLED_SYNTHETIC
C001637,Synthetic Customer 001637,INDIVIDUAL,MASS,TR,DIGITAL,2018-03-29,False,False,LOW,283278.700000,22,2026-05-09,True,True,CONTROLLED_SYNTHETIC
C001638,Synthetic Customer 001638,INDIVIDUAL,MASS,TR,DIGITAL,2022-11-09,False,False,LOW,48597.650000,22,2025-10-06,True,True,CONTROLLED_SYNTHETIC
C001639,Synthetic Customer 001639,CORPORATE,SME,TR,BRANCH,2020-08-28,False,False,LOW,58441.980000,39,2026-09-10,True,True,CONTROLLED_SYNTHETIC
C001640,Synthetic Customer 001640,INDIVIDUAL,PRIVATE,TR,BRANCH,2018-12-28,False,False,LOW,33760.860000,27,2027-09-30,True,True,CONTROLLED_SYNTHETIC
C001641,Synthetic Customer 001641,INDIVIDUAL,MASS,AE,BRANCH,2021-08-16,False,False,LOW,75477.020000,23,2027-03-26,True,True,CONTROLLED_SYNTHETIC
C001642,Synthetic Customer 001642,INDIVIDUAL,MASS,TR,BRANCH,2020-07-27,False,False,LOW,20285.550000,25,2027-03-05,True,True,CONTROLLED_SYNTHETIC
C001643,Synthetic Customer 001643,INDIVIDUAL,MASS,TR,BRANCH,2025-07-18,False,False,MEDIUM,199186.870000,32,2027-01-11,True,True,CONTROLLED_SYNTHETIC
C001644,Synthetic Customer 001644,INDIVIDUAL,MASS,AE,BRANCH,2021-07-29,False,False,LOW,76874.380000,21,2025-07-03,True,True,CONTROLLED_SYNTHETIC
C001645,Synthetic Customer 001645,INDIVIDUAL,MASS,TR,DIGITAL,2021-02-26,False,False,LOW,134565.230000,37,2027-10-10,True,False,CONTROLLED_SYNTHETIC
C001646,Synthetic Customer 001646,INDIVIDUAL,PRIVATE,TR,DIGITAL,2024-05-13,False,False,LOW,17228.050000,26,2027-02-08,True,True,CONTROLLED_SYNTHETIC
C001647,Synthetic Customer 001647,INDIVIDUAL,MASS,TR,DIGITAL,2024-08-12,False,False,LOW,30635.680000,26,2026-09-10,True,True,CONTROLLED_SYNTHETIC
C001648,Synthetic Customer 001648,INDIVIDUAL,MASS,TR,RELATIONSHIP_MANAGER,2025-11-29,False,False,MEDIUM,23342.870000,24,2025-08-06,True,True,CONTROLLED_SYNTHETIC
C001649,Synthetic Customer 001649,INDIVIDUAL,MASS,TR,BRANCH,2021-08-08,False,False,MEDIUM,12715.950000,28,2025-09-10,True,True,CONTROLLED_SYNTHETIC
C001650,Synthetic Customer 001650,INDIVIDUAL,MASS,TR,BRANCH,2018-03-29,False,False,MEDIUM,173092.050000,26,2026-11-05,True,True,CONTROLLED_SYNTHETIC
C001651,Synthetic Customer 001651,INDIVIDUAL,MASS,DE,DIGITAL,2020-06-16,False,False,LOW,133833.570000,20,2025-07-24,True,True,CONTROLLED_SYNTHETIC
C001652,Synthetic Customer 001652,INDIVIDUAL,MASS,GE,DIGITAL,2021-03-21,False,False,LOW,206770.640000,27,2026-07-30,True,False,CONTROLLED_SYNTHETIC
C001653,Synthetic Customer 001653,INDIVIDUAL,AFFLUENT,TR,BRANCH,2023-11-05,False,False,MEDIUM,58772.550000,17,2027-03-30,True,True,CONTROLLED_SYNTHETIC
C001654,Synthetic Customer 001654,INDIVIDUAL,MASS,TR,DIGITAL,2017-10-01,False,False,LOW,31798.550000,23,2026-07-06,True,True,CONTROLLED_SYNTHETIC
C001655,Synthetic Customer 001655,INDIVIDUAL,AFFLUENT,TR,DIGITAL,2017-11-21,False,False,LOW,417236.550000,40,2026-07-01,True,True,CONTROLLED_SYNTHETIC
C001656,Synthetic Customer 001656,INDIVIDUAL,MASS,US,DIGITAL,2026-06-18,False,False,LOW,168582.960000,31,2026-04-26,True,True,CONTROLLED_SYNTHETIC
C001657,Synthetic Customer 001657,INDIVIDUAL,MASS,RS,BRANCH,2017-04-01,False,False,LOW,246229.380000,30,2027-04-05,True,True,CONTROLLED_SYNTHETIC
C001658,Synthetic Customer 001658,INDIVIDUAL,MASS,TR,BRANCH,2023-01-16,False,False,LOW,39296.240000,29,2027-08-12,True,True,CONTROLLED_SYNTHETIC
C001659,Synthetic Customer 001659,INDIVIDUAL,AFFLUENT,TR,BRANCH,2025-11-28,False,False,LOW,301070.350000,33,2026-06-29,True,True,CONTROLLED_SYNTHETIC
C001660,Synthetic Customer 001660,INDIVIDUAL,MASS,TR,BRANCH,2024-04-18,False,False,LOW,156764.040000,27,2026-09-07,True,True,CONTROLLED_SYNTHETIC
C001661,Synthetic Customer 001661,INDIVIDUAL,PRIVATE,TR,RELATIONSHIP_MANAGER,2024-05-31,False,False,LOW,88473.130000,28,2025-08-31,True,True,CONTROLLED_SYNTHETIC
C001662,Synthetic Customer 001662,INDIVIDUAL,AFFLUENT,TR,RELATIONSHIP_MANAGER,2026-06-16,False,False,MEDIUM,246423.570000,30,2026-11-01,True,True,CONTROLLED_SYNTHETIC
C001663,Synthetic Customer 001663,INDIVIDUAL,MASS,TR,BRANCH,2022-08-08,False,False,LOW,939160.760000,37,2026-12-04,True,True,CONTROLLED_SYNTHETIC
C001664,Synthetic Customer 001664,CORPORATE,COMMERCIAL,TR,BRANCH,2020-10-26,False,False,HIGH,637488.230000,36,2027-03-31,True,True,CONTROLLED_SYNTHETIC
C001665,Synthetic Customer 001665,CORPORATE,CORPORATE,TR,RELATIONSHIP_MANAGER,2017-01-01,False,False,HIGH,35132.350000,32,2026-04-03,True,True,CONTROLLED_SYNTHETIC
C001666,Synthetic Customer 001666,INDIVIDUAL,MASS,TR,BRANCH,2022-07-27,False,False,LOW,115116.530000,26,2025-12-20,True,True,CONTROLLED_SYNTHETIC
C001667,Synthetic Customer 001667,INDIVIDUAL,MASS,TR,DIGITAL,2023-07-14,False,False,MEDIUM,83152.600000,33,2027-04-08,True,True,CONTROLLED_SYNTHETIC
C001668,Synthetic Customer 001668,INDIVIDUAL,MASS,TR,BRANCH,2020-09-26,False,False,MEDIUM,197996.320000,28,2025-09-16,True,True,CONTROLLED_SYNTHETIC
C001669,Synthetic Customer 001669,INDIVIDUAL,MASS,TR,BRANCH,2022-12-08,False,False,MEDIUM,63573.570000,35,2027-02-14,True,True,CONTROLLED_SYNTHETIC
C001670,Synthetic Customer 001670,INDIVIDUAL,MASS,TR,DIGITAL,2019-01-25,False,False,LOW,35862.630000,25,2026-06-12,True,True,CONTROLLED_SYNTHETIC
C001671,Synthetic Customer 001671,INDIVIDUAL,AFFLUENT,TR,BRANCH,2019-05-02,False,False,MEDIUM,259064.750000,30,2027-07-07,True,True,CONTROLLED_SYNTHETIC
C001672,Synthetic Customer 001672,INDIVIDUAL,AFFLUENT,TR,BRANCH,2025-01-13,False,False,LOW,1281552.790000,34,2026-07-24,True,True,CONTROLLED_SYNTHETIC
C001673,Synthetic Customer 001673,INDIVIDUAL,MASS,TR,BRANCH,2021-07-11,False,False,MEDIUM,353927.180000,33,2027-02-20,True,True,CONTROLLED_SYNTHETIC
C001674,Synthetic Customer 001674,CORPORATE,SME,TR,BRANCH,2021-06-21,False,False,LOW,76563.120000,23,2027-10-10,True,True,CONTROLLED_SYNTHETIC
C001675,Synthetic Customer 001675,INDIVIDUAL,MASS,TR,DIGITAL,2025-09-27,False,False,LOW,629020.820000,32,2026-08-01,True,True,CONTROLLED_SYNTHETIC
C001676,Synthetic Customer 001676,INDIVIDUAL,AFFLUENT,RS,DIGITAL,2019-09-08,False,False,LOW,10409.600000,34,2026-11-20,True,True,CONTROLLED_SYNTHETIC
C001677,Synthetic Customer 001677,CORPORATE,SME,TR,RELATIONSHIP_MANAGER,2019-12-22,False,False,LOW,307687.360000,32,2027-09-15,True,True,CONTROLLED_SYNTHETIC
C001678,Synthetic Customer 001678,CORPORATE,COMMERCIAL,TR,DIGITAL,2021-09-14,False,False,MEDIUM,69696.690000,27,2027-02-11,True,True,CONTROLLED_SYNTHETIC
C001679,Synthetic Customer 001679,CORPORATE,SME,TR,DIGITAL,2018-10-25,False,False,LOW,22621.880000,32,2027-09-12,True,True,CONTROLLED_SYNTHETIC
C001680,Synthetic Customer 001680,CORPORATE,SME,TR,BRANCH,2019-10-23,False,False,LOW,20609.010000,23,2027-05-05,True,True,CONTROLLED_SYNTHETIC
C001681,Synthetic Customer 001681,INDIVIDUAL,MASS,US,DIGITAL,2024-06-26,False,False,MEDIUM,214594.490000,27,2025-09-03,True,True,CONTROLLED_SYNTHETIC
C001682,Synthetic Customer 001682,INDIVIDUAL,MASS,TR,BRANCH,2024-03-20,False,False,LOW,13704.790000,30,2025-08-18,True,True,CONTROLLED_SYNTHETIC
C001683,Synthetic Customer 001683,INDIVIDUAL,MASS,AE,DIGITAL,2018-03-09,False,False,MEDIUM,592489.920000,22,2026-09-02,True,True,CONTROLLED_SYNTHETIC
C001684,Synthetic Customer 001684,INDIVIDUAL,MASS,TR,DIGITAL,2024-03-15,False,False,LOW,17909.660000,35,2026-05-31,True,True,CONTROLLED_SYNTHETIC
C001685,Synthetic Customer 001685,INDIVIDUAL,MASS,TR,BRANCH,2024-09-19,False,False,LOW,246984.220000,29,2027-07-09,True,True,CONTROLLED_SYNTHETIC
C001686,Synthetic Customer 001686,CORPORATE,SME,RS,DIGITAL,2022-11-27,False,False,LOW,127002.350000,37,2027-10-10,True,True,CONTROLLED_SYNTHETIC
C001687,Synthetic Customer 001687,INDIVIDUAL,MASS,TR,BRANCH,2018-11-19,False,False,LOW,179105.250000,36,2027-08-09,True,True,CONTROLLED_SYNTHETIC
C001688,Synthetic Customer 001688,CORPORATE,COMMERCIAL,AE,DIGITAL,2023-06-28,False,False,LOW,19030.650000,35,2026-03-10,True,True,CONTROLLED_SYNTHETIC
C001689,Synthetic Customer 001689,INDIVIDUAL,AFFLUENT,TR,DIGITAL,2017-04-14,False,False,MEDIUM,13511.160000,35,2027-08-27,True,True,CONTROLLED_SYNTHETIC
C001690,Synthetic Customer 001690,INDIVIDUAL,MASS,TR,BRANCH,2021-03-16,False,False,LOW,134209.010000,26,2026-04-12,True,True,CONTROLLED_SYNTHETIC
C001691,Synthetic Customer 001691,INDIVIDUAL,MASS,TR,DIGITAL,2017-02-28,False,False,MEDIUM,21969.450000,29,2026-09-05,True,True,CONTROLLED_SYNTHETIC
C001692,Synthetic Customer 001692,CORPORATE,COMMERCIAL,US,DIGITAL,2024-12-30,False,False,MEDIUM,104927.280000,25,2027-02-10,True,True,CONTROLLED_SYNTHETIC
C001693,Synthetic Customer 001693,INDIVIDUAL,AFFLUENT,TR,DIGITAL,2019-07-30,False,False,LOW,76851.400000,26,2027-07-18,True,True,CONTROLLED_SYNTHETIC
C001694,Synthetic Customer 001694,INDIVIDUAL,MASS,TR,DIGITAL,2026-04-14,False,False,LOW,30462.630000,27,2027-08-29,True,True,CONTROLLED_SYNTHETIC
C001695,Synthetic Customer 001695,INDIVIDUAL,MASS,TR,BRANCH,2022-02-16,False,False,MEDIUM,31724.020000,22,2026-07-24,True,True,CONTROLLED_SYNTHETIC
C001696,Synthetic Customer 001696,INDIVIDUAL,MASS,DE,BRANCH,2022-06-06,False,False,MEDIUM,104552.820000,30,2026-12-06,True,True,CONTROLLED_SYNTHETIC
C001697,Synthetic Customer 001697,INDIVIDUAL,MASS,TR,RELATIONSHIP_MANAGER,2019-10-10,False,False,LOW,74708.570000,30,2026-06-30,True,False,CONTROLLED_SYNTHETIC
C001698,Synthetic Customer 001698,INDIVIDUAL,MASS,TR,BRANCH,2026-05-09,False,False,MEDIUM,113118.700000,30,2025-07-29,True,True,CONTROLLED_SYNTHETIC
C001699,Synthetic Customer 001699,INDIVIDUAL,MASS,TR,DIGITAL,2022-05-10,False,False,LOW,410698.880000,34,2025-09-23,True,True,CONTROLLED_SYNTHETIC
C001700,Synthetic Customer 001700,INDIVIDUAL,MASS,TR,BRANCH,2025-07-11,False,False,MEDIUM,402067.290000,26,2027-08-15,True,True,CONTROLLED_SYNTHETIC
C001701,Synthetic Customer 001701,INDIVIDUAL,MASS,TR,DIGITAL,2025-01-20,False,False,MEDIUM,205129.260000,28,2027-04-25,True,True,CONTROLLED_SYNTHETIC
C001702,Synthetic Customer 001702,INDIVIDUAL,MASS,AE,BRANCH,2026-05-09,False,False,LOW,198292.760000,35,2027-09-12,True,True,CONTROLLED_SYNTHETIC
C001703,Synthetic Customer 001703,CORPORATE,SME,GB,DIGITAL,2018-04-07,False,False,LOW,149271.520000,36,2027-08-14,True,True,CONTROLLED_SYNTHETIC
C001704,Synthetic Customer 001704,INDIVIDUAL,MASS,TR,BRANCH,2018-12-19,False,False,LOW,150235.990000,23,2026-01-05,True,True,CONTROLLED_SYNTHETIC
C001705,Synthetic Customer 001705,INDIVIDUAL,MASS,TR,BRANCH,2018-11-16,False,False,LOW,202210.180000,36,2026-10-16,True,True,CONTROLLED_SYNTHETIC
C001706,Synthetic Customer 001706,INDIVIDUAL,MASS,TR,BRANCH,2021-04-25,False,False,LOW,64951.620000,24,2026-10-04,True,True,CONTROLLED_SYNTHETIC
C001707,Synthetic Customer 001707,INDIVIDUAL,AFFLUENT,TR,BRANCH,2021-02-17,False,False,MEDIUM,511163.590000,27,2027-10-01,True,True,CONTROLLED_SYNTHETIC
C001708,Synthetic Customer 001708,INDIVIDUAL,MASS,TR,DIGITAL,2019-03-24,False,False,HIGH,59732.910000,36,2026-04-23,True,True,CONTROLLED_SYNTHETIC
C001709,Synthetic Customer 001709,INDIVIDUAL,AFFLUENT,TR,BRANCH,2021-06-22,False,False,HIGH,96556.730000,21,2026-05-08,True,True,CONTROLLED_SYNTHETIC
C001710,Synthetic Customer 001710,INDIVIDUAL,PRIVATE,AE,DIGITAL,2025-03-14,True,False,LOW,98229.610000,18,2026-11-03,True,True,CONTROLLED_SYNTHETIC
C001711,Synthetic Customer 001711,INDIVIDUAL,MASS,TR,BRANCH,2021-06-01,False,False,MEDIUM,1235272.210000,28,2025-08-25,True,True,CONTROLLED_SYNTHETIC
C001712,Synthetic Customer 001712,INDIVIDUAL,MASS,TR,DIGITAL,2024-08-17,False,False,MEDIUM,32502.320000,26,2026-10-22,True,True,CONTROLLED_SYNTHETIC
C001713,Synthetic Customer 001713,INDIVIDUAL,AFFLUENT,TR,DIGITAL,2021-10-13,False,False,LOW,53544.730000,34,2026-03-08,True,True,CONTROLLED_SYNTHETIC
C001714,Synthetic Customer 001714,INDIVIDUAL,MASS,TR,DIGITAL,2023-11-14,True,False,LOW,8000.000000,45,2025-07-06,True,True,CONTROLLED_SYNTHETIC
C001715,Synthetic Customer 001715,INDIVIDUAL,MASS,TR,RELATIONSHIP_MANAGER,2021-10-19,False,False,LOW,12537.030000,28,2026-04-25,True,True,CONTROLLED_SYNTHETIC
C001716,Synthetic Customer 001716,CORPORATE,SME,TR,BRANCH,2023-11-14,False,False,LOW,32301.410000,23,2026-06-03,True,True,CONTROLLED_SYNTHETIC
C001717,Synthetic Customer 001717,INDIVIDUAL,AFFLUENT,TR,DIGITAL,2017-11-21,False,False,LOW,59251.450000,27,2026-08-29,True,True,CONTROLLED_SYNTHETIC
C001718,Synthetic Customer 001718,INDIVIDUAL,MASS,TR,DIGITAL,2019-09-20,False,False,LOW,160785.610000,33,2027-06-07,True,True,CONTROLLED_SYNTHETIC
C001719,Synthetic Customer 001719,INDIVIDUAL,MASS,GB,BRANCH,2022-05-15,False,False,MEDIUM,24124.960000,25,2025-08-10,True,True,CONTROLLED_SYNTHETIC
C001720,Synthetic Customer 001720,INDIVIDUAL,MASS,AE,DIGITAL,2024-12-02,False,False,LOW,101422.070000,25,2027-03-28,True,True,CONTROLLED_SYNTHETIC
C001721,Synthetic Customer 001721,INDIVIDUAL,MASS,TR,DIGITAL,2024-02-04,False,False,LOW,8000.000000,23,2026-04-14,True,False,CONTROLLED_SYNTHETIC
C001722,Synthetic Customer 001722,CORPORATE,SME,TR,RELATIONSHIP_MANAGER,2021-02-08,False,False,LOW,91545.730000,24,2026-11-12,False,True,CONTROLLED_SYNTHETIC
C001723,Synthetic Customer 001723,CORPORATE,COMMERCIAL,TR,BRANCH,2023-11-18,False,False,MEDIUM,27222.400000,23,2025-12-20,True,True,CONTROLLED_SYNTHETIC
C001724,Synthetic Customer 001724,INDIVIDUAL,AFFLUENT,TR,BRANCH,2016-11-23,False,False,LOW,195331.960000,26,2026-05-17,True,True,CONTROLLED_SYNTHETIC
C001725,Synthetic Customer 001725,INDIVIDUAL,MASS,AE,DIGITAL,2021-07-01,False,False,LOW,293697.450000,35,2025-09-23,True,False,CONTROLLED_SYNTHETIC
C001726,Synthetic Customer 001726,INDIVIDUAL,MASS,TR,BRANCH,2024-01-11,False,False,MEDIUM,44099.130000,26,2026-09-15,True,True,CONTROLLED_SYNTHETIC
C001727,Synthetic Customer 001727,INDIVIDUAL,AFFLUENT,TR,BRANCH,2025-09-26,False,False,LOW,31479.080000,30,2026-04-30,True,True,CONTROLLED_SYNTHETIC
C001728,Synthetic Customer 001728,INDIVIDUAL,AFFLUENT,TR,BRANCH,2022-05-14,False,True,MEDIUM,32749.590000,27,2027-04-03,True,True,CONTROLLED_SYNTHETIC
C001729,Synthetic Customer 001729,INDIVIDUAL,MASS,AE,BRANCH,2022-06-18,False,False,LOW,505000.080000,27,2027-05-17,True,True,CONTROLLED_SYNTHETIC
C001730,Synthetic Customer 001730,INDIVIDUAL,MASS,AE,BRANCH,2018-01-16,False,False,LOW,24673.090000,24,2026-02-03,True,True,CONTROLLED_SYNTHETIC
C001731,Synthetic Customer 001731,INDIVIDUAL,MASS,TR,DIGITAL,2025-04-30,False,False,MEDIUM,167521.920000,25,2025-07-10,True,True,CONTROLLED_SYNTHETIC
C001732,Synthetic Customer 001732,INDIVIDUAL,AFFLUENT,TR,BRANCH,2024-10-08,False,False,LOW,137999.180000,32,2026-10-14,True,True,CONTROLLED_SYNTHETIC
C001733,Synthetic Customer 001733,INDIVIDUAL,MASS,TR,BRANCH,2021-09-30,False,False,LOW,116903.380000,31,2027-07-21,True,True,CONTROLLED_SYNTHETIC
C001734,Synthetic Customer 001734,INDIVIDUAL,MASS,RS,BRANCH,2023-12-28,False,False,LOW,8545.740000,46,2026-05-18,True,True,CONTROLLED_SYNTHETIC
C001735,Synthetic Customer 001735,INDIVIDUAL,MASS,TR,DIGITAL,2021-12-29,False,False,LOW,647253.310000,30,2026-05-12,True,True,CONTROLLED_SYNTHETIC
C001736,Synthetic Customer 001736,CORPORATE,COMMERCIAL,TR,DIGITAL,2018-02-24,False,False,LOW,29276.770000,32,2026-01-11,True,True,CONTROLLED_SYNTHETIC
C001737,Synthetic Customer 001737,INDIVIDUAL,MASS,TR,DIGITAL,2026-05-29,False,False,MEDIUM,26601.160000,25,2026-01-31,True,True,CONTROLLED_SYNTHETIC
C001738,Synthetic Customer 001738,INDIVIDUAL,MASS,XH,DIGITAL,2021-08-04,False,False,LOW,9448.850000,27,2025-11-19,True,True,CONTROLLED_SYNTHETIC
C001739,Synthetic Customer 001739,INDIVIDUAL,MASS,TR,RELATIONSHIP_MANAGER,2022-03-27,False,False,LOW,313794.030000,36,2027-05-21,True,True,CONTROLLED_SYNTHETIC
C001740,Synthetic Customer 001740,CORPORATE,SME,TR,BRANCH,2024-04-11,False,False,MEDIUM,33780.330000,23,2027-10-04,True,True,CONTROLLED_SYNTHETIC
C001741,Synthetic Customer 001741,INDIVIDUAL,AFFLUENT,TR,DIGITAL,2019-06-27,False,False,LOW,8710.220000,33,2026-07-20,True,True,CONTROLLED_SYNTHETIC
C001742,Synthetic Customer 001742,INDIVIDUAL,MASS,TR,DIGITAL,2017-04-07,False,False,LOW,86212.220000,28,2026-02-21,True,True,CONTROLLED_SYNTHETIC
C001743,Synthetic Customer 001743,INDIVIDUAL,AFFLUENT,TR,BRANCH,2020-07-22,False,False,LOW,44482.900000,19,2025-09-04,True,True,CONTROLLED_SYNTHETIC
C001744,Synthetic Customer 001744,INDIVIDUAL,AFFLUENT,TR,DIGITAL,2024-11-30,False,False,LOW,19935.070000,25,2026-07-20,True,False,CONTROLLED_SYNTHETIC
C001745,Synthetic Customer 001745,INDIVIDUAL,AFFLUENT,TR,BRANCH,2021-08-23,False,False,LOW,36910.250000,28,2027-10-09,True,True,CONTROLLED_SYNTHETIC
C001746,Synthetic Customer 001746,INDIVIDUAL,AFFLUENT,RS,BRANCH,2023-04-01,False,False,LOW,269085.300000,25,2026-05-23,True,True,CONTROLLED_SYNTHETIC
C001747,Synthetic Customer 001747,CORPORATE,COMMERCIAL,TR,BRANCH,2017-01-18,False,False,MEDIUM,826263.060000,23,2026-09-22,False,True,CONTROLLED_SYNTHETIC
C001748,Synthetic Customer 001748,INDIVIDUAL,MASS,TR,BRANCH,2023-01-05,False,False,LOW,539552.630000,30,2027-03-11,True,True,CONTROLLED_SYNTHETIC
C001749,Synthetic Customer 001749,INDIVIDUAL,MASS,TR,BRANCH,2017-03-29,False,False,LOW,76183.890000,34,2026-04-25,True,False,CONTROLLED_SYNTHETIC
C001750,Synthetic Customer 001750,INDIVIDUAL,MASS,AE,DIGITAL,2023-08-08,False,False,MEDIUM,27082.650000,31,2027-08-05,True,True,CONTROLLED_SYNTHETIC
C001751,Synthetic Customer 001751,INDIVIDUAL,MASS,TR,BRANCH,2023-07-03,False,False,LOW,134181.710000,26,2026-03-14,True,True,CONTROLLED_SYNTHETIC
C001752,Synthetic Customer 001752,INDIVIDUAL,AFFLUENT,TR,DIGITAL,2017-01-01,False,False,LOW,32998.640000,30,2025-08-23,True,True,CONTROLLED_SYNTHETIC
C001753,Synthetic Customer 001753,CORPORATE,SME,TR,DIGITAL,2017-10-17,False,False,LOW,182785.980000,32,2026-07-07,True,True,CONTROLLED_SYNTHETIC
C001754,Synthetic Customer 001754,INDIVIDUAL,PRIVATE,GB,BRANCH,2020-02-18,False,False,LOW,136008.730000,32,2026-07-04,True,True,CONTROLLED_SYNTHETIC
C001755,Synthetic Customer 001755,INDIVIDUAL,MASS,TR,BRANCH,2017-01-03,False,False,MEDIUM,62459.060000,27,2026-04-09,True,True,CONTROLLED_SYNTHETIC
C001756,Synthetic Customer 001756,INDIVIDUAL,MASS,TR,BRANCH,2023-08-30,False,False,LOW,8000.000000,36,2027-02-26,True,True,CONTROLLED_SYNTHETIC
C001757,Synthetic Customer 001757,INDIVIDUAL,MASS,TR,BRANCH,2026-01-01,False,False,HIGH,52115.000000,36,2026-02-16,True,True,CONTROLLED_SYNTHETIC
C001758,Synthetic Customer 001758,CORPORATE,COMMERCIAL,TR,DIGITAL,2019-01-03,False,False,LOW,53273.050000,30,2026-01-23,True,True,CONTROLLED_SYNTHETIC
C001759,Synthetic Customer 001759,INDIVIDUAL,MASS,TR,DIGITAL,2018-09-17,False,False,MEDIUM,11225.640000,31,2026-03-31,True,True,CONTROLLED_SYNTHETIC
C001760,Synthetic Customer 001760,INDIVIDUAL,MASS,TR,DIGITAL,2018-09-22,False,False,LOW,95376.360000,32,2026-09-27,True,True,CONTROLLED_SYNTHETIC
C001761,Synthetic Customer 001761,INDIVIDUAL,PRIVATE,AE,DIGITAL,2023-10-28,False,False,MEDIUM,31527.220000,28,2027-08-07,True,True,CONTROLLED_SYNTHETIC
C001762,Synthetic Customer 001762,INDIVIDUAL,MASS,TR,DIGITAL,2024-12-30,False,False,HIGH,147360.980000,18,2027-02-14,True,True,CONTROLLED_SYNTHETIC
C001763,Synthetic Customer 001763,INDIVIDUAL,MASS,US,BRANCH,2022-04-08,False,False,LOW,38848.270000,26,2025-09-12,True,True,CONTROLLED_SYNTHETIC
C001764,Synthetic Customer 001764,INDIVIDUAL,MASS,TR,DIGITAL,2020-04-25,False,False,LOW,153379.120000,39,2026-03-13,True,True,CONTROLLED_SYNTHETIC
C001765,Synthetic Customer 001765,INDIVIDUAL,AFFLUENT,TR,DIGITAL,2019-08-13,False,False,LOW,42377.540000,24,2027-06-21,True,True,CONTROLLED_SYNTHETIC
C001766,Synthetic Customer 001766,INDIVIDUAL,MASS,RS,DIGITAL,2018-05-03,False,False,LOW,104960.360000,24,2026-07-24,True,True,CONTROLLED_SYNTHETIC
C001767,Synthetic Customer 001767,CORPORATE,SME,DE,RELATIONSHIP_MANAGER,2017-04-06,False,False,LOW,100061.320000,25,2025-12-27,True,True,CONTROLLED_SYNTHETIC
C001768,Synthetic Customer 001768,INDIVIDUAL,AFFLUENT,TR,DIGITAL,2024-10-07,True,False,LOW,180661.600000,27,2026-02-07,True,True,CONTROLLED_SYNTHETIC
C001769,Synthetic Customer 001769,INDIVIDUAL,AFFLUENT,RS,DIGITAL,2026-02-05,False,False,LOW,189198.880000,27,2026-12-18,True,True,CONTROLLED_SYNTHETIC
C001770,Synthetic Customer 001770,CORPORATE,COMMERCIAL,TR,RELATIONSHIP_MANAGER,2023-08-14,False,False,LOW,13904.410000,31,2026-01-05,True,False,CONTROLLED_SYNTHETIC
C001771,Synthetic Customer 001771,INDIVIDUAL,MASS,TR,DIGITAL,2020-10-04,False,False,MEDIUM,10253.790000,22,2027-01-13,True,True,CONTROLLED_SYNTHETIC
C001772,Synthetic Customer 001772,INDIVIDUAL,MASS,TR,BRANCH,2020-08-15,False,False,LOW,188429.280000,27,2025-07-07,True,True,CONTROLLED_SYNTHETIC
C001773,Synthetic Customer 001773,INDIVIDUAL,MASS,GE,BRANCH,2022-03-01,False,False,LOW,224445.080000,17,2025-11-28,True,True,CONTROLLED_SYNTHETIC
C001774,Synthetic Customer 001774,INDIVIDUAL,AFFLUENT,TR,RELATIONSHIP_MANAGER,2022-04-22,False,False,LOW,607652.490000,26,2025-11-11,True,True,CONTROLLED_SYNTHETIC
C001775,Synthetic Customer 001775,INDIVIDUAL,MASS,TR,DIGITAL,2021-12-06,False,False,LOW,44254.000000,25,2025-09-14,True,True,CONTROLLED_SYNTHETIC
C001776,Synthetic Customer 001776,INDIVIDUAL,MASS,GE,DIGITAL,2016-11-09,False,False,LOW,37138.590000,22,2026-11-02,True,True,CONTROLLED_SYNTHETIC
C001777,Synthetic Customer 001777,INDIVIDUAL,MASS,TR,BRANCH,2026-03-12,False,False,LOW,134308.180000,41,2025-09-30,True,True,CONTROLLED_SYNTHETIC
C001778,Synthetic Customer 001778,CORPORATE,SME,TR,RELATIONSHIP_MANAGER,2022-05-24,False,False,MEDIUM,33266.660000,26,2025-08-10,True,True,CONTROLLED_SYNTHETIC
C001779,Synthetic Customer 001779,CORPORATE,CORPORATE,TR,BRANCH,2019-07-05,False,False,LOW,17510.800000,24,2027-01-30,True,True,CONTROLLED_SYNTHETIC
C001780,Synthetic Customer 001780,CORPORATE,COMMERCIAL,RS,BRANCH,2020-09-01,False,False,LOW,85210.840000,24,2025-07-03,True,True,CONTROLLED_SYNTHETIC
C001781,Synthetic Customer 001781,INDIVIDUAL,MASS,TR,BRANCH,2024-05-28,False,False,LOW,107312.500000,27,2026-08-12,True,False,CONTROLLED_SYNTHETIC
C001782,Synthetic Customer 001782,INDIVIDUAL,MASS,TR,DIGITAL,2021-02-06,False,False,MEDIUM,30001.420000,27,2026-12-04,True,True,CONTROLLED_SYNTHETIC
C001783,Synthetic Customer 001783,CORPORATE,SME,TR,DIGITAL,2019-05-22,False,False,LOW,123251.960000,19,2027-01-17,True,True,CONTROLLED_SYNTHETIC
C001784,Synthetic Customer 001784,INDIVIDUAL,MASS,TR,BRANCH,2023-01-18,False,False,LOW,181155.350000,23,2026-05-14,True,True,CONTROLLED_SYNTHETIC
C001785,Synthetic Customer 001785,INDIVIDUAL,MASS,TR,BRANCH,2020-03-03,False,False,LOW,21116.970000,29,2027-07-20,True,True,CONTROLLED_SYNTHETIC
C001786,Synthetic Customer 001786,INDIVIDUAL,AFFLUENT,TR,DIGITAL,2026-04-14,False,False,LOW,65322.380000,28,2026-04-23,True,True,CONTROLLED_SYNTHETIC
C001787,Synthetic Customer 001787,CORPORATE,SME,TR,DIGITAL,2019-06-04,False,False,LOW,45872.950000,42,2027-04-04,True,True,CONTROLLED_SYNTHETIC
C001788,Synthetic Customer 001788,INDIVIDUAL,AFFLUENT,TR,DIGITAL,2024-04-01,False,False,MEDIUM,715201.690000,23,2027-04-12,True,True,CONTROLLED_SYNTHETIC
C001789,Synthetic Customer 001789,INDIVIDUAL,MASS,TR,DIGITAL,2019-01-26,False,False,LOW,24583.370000,27,2026-08-13,True,True,CONTROLLED_SYNTHETIC
C001790,Synthetic Customer 001790,INDIVIDUAL,MASS,TR,DIGITAL,2020-09-09,False,False,LOW,15933.320000,35,2026-04-01,True,True,CONTROLLED_SYNTHETIC
C001791,Synthetic Customer 001791,CORPORATE,COMMERCIAL,TR,DIGITAL,2018-03-22,False,False,LOW,41267.470000,30,2027-03-28,True,True,CONTROLLED_SYNTHETIC
C001792,Synthetic Customer 001792,INDIVIDUAL,MASS,TR,BRANCH,2025-12-19,False,False,LOW,48350.230000,26,2027-04-02,True,True,CONTROLLED_SYNTHETIC
C001793,Synthetic Customer 001793,INDIVIDUAL,MASS,TR,BRANCH,2021-01-13,False,False,LOW,12076.620000,29,2027-08-04,True,True,CONTROLLED_SYNTHETIC
C001794,Synthetic Customer 001794,CORPORATE,CORPORATE,TR,RELATIONSHIP_MANAGER,2018-06-17,False,False,MEDIUM,18178.720000,26,2025-11-26,True,True,CONTROLLED_SYNTHETIC
C001795,Synthetic Customer 001795,CORPORATE,SME,TR,DIGITAL,2019-03-31,False,False,MEDIUM,15662.220000,31,2027-03-08,True,True,CONTROLLED_SYNTHETIC
C001796,Synthetic Customer 001796,INDIVIDUAL,MASS,TR,DIGITAL,2017-08-17,False,False,LOW,300939.570000,27,2027-08-26,True,True,CONTROLLED_SYNTHETIC
C001797,Synthetic Customer 001797,CORPORATE,SME,TR,DIGITAL,2025-02-24,True,False,LOW,54845.590000,24,2026-08-25,True,True,CONTROLLED_SYNTHETIC
C001798,Synthetic Customer 001798,INDIVIDUAL,MASS,AE,BRANCH,2018-05-10,False,False,LOW,259811.400000,27,2026-12-03,True,True,CONTROLLED_SYNTHETIC
C001799,Synthetic Customer 001799,CORPORATE,COMMERCIAL,TR,DIGITAL,2019-07-01,False,False,LOW,98990.410000,29,2025-11-10,False,False,CONTROLLED_SYNTHETIC
C001800,Synthetic Customer 001800,CORPORATE,SME,TR,BRANCH,2020-06-07,False,False,LOW,167922.420000,35,2025-07-24,True,True,CONTROLLED_SYNTHETIC
