source_id,target_id,relationship_type,evidence_source
C001267,A0000001,OWNS_ACCOUNT,SYNTHETIC_CORE_BANKING
C000640,A0000002,OWNS_ACCOUNT,SYNTHETIC_CORE_BANKING
C000494,A0000003,OWNS_ACCOUNT,SYNTHETIC_CORE_BANKING
C000609,A0000004,OWNS_ACCOUNT,SYNTHETIC_CORE_BANKING
C001130,A0000005,OWNS_ACCOUNT,SYNTHETIC_CORE_BANKING
C001203,A0000006,OWNS_ACCOUNT,SYNTHETIC_CORE_BANKING
C000616,A0000007,OWNS_ACCOUNT,SYNTHETIC_CORE_BANKING
C001737,A0000008,OWNS_ACCOUNT,SYNTHETIC_CORE_BANKING
C000788,A0000009,OWNS_ACCOUNT,SYNTHETIC_CORE_BANKING
C001678,A0000010,OWNS_ACCOUNT,SYNTHETIC_CORE_BANKING
C000106,A0000011,OWNS_ACCOUNT,SYNTHETIC_CORE_BANKING
C000290,A0000012,OWNS_ACCOUNT,SYNTHETIC_CORE_BANKING
C001392,A0000013,OWNS_ACCOUNT,SYNTHETIC_CORE_BANKING
C001488,A0000014,OWNS_ACCOUNT,SYNTHETIC_CORE_BANKING
C001005,A0000015,OWNS_ACCOUNT,SYNTHETIC_CORE_BANKING
C000800,A0000016,OWNS_ACCOUNT,SYNTHETIC_CORE_BANKING
C001209,A0000017,OWNS_ACCOUNT,SYNTHETIC_CORE_BANKING
C001560,A0000018,OWNS_ACCOUNT,SYNTHETIC_CORE_BANKING
C001446,A0000019,OWNS_ACCOUNT,SYNTHETIC_CORE_BANKING
C001116,A0000020,OWNS_ACCOUNT,SYNTHETIC_CORE_BANKING
C001479,A0000021,OWNS_ACCOUNT,SYNTHETIC_CORE_BANKING
C000894,A0000022,OWNS_ACCOUNT,SYNTHETIC_CORE_BANKING
C000912,A0000023,OWNS_ACCOUNT,SYNTHETIC_CORE_BANKING
C001474,A0000024,OWNS_ACCOUNT,SYNTHETIC_CORE_BANKING
C000282,A0000025,OWNS_ACCOUNT,SYNTHETIC_CORE_BANKING
C000884,A0000026,OWNS_ACCOUNT,SYNTHETIC_CORE_BANKING
C001566,A0000027,OWNS_ACCOUNT,SYNTHETIC_CORE_BANKING
C000456,A0000028,OWNS_ACCOUNT,SYNTHETIC_CORE_BANKING
C000755,A0000029,OWNS_ACCOUNT,SYNTHETIC_CORE_BANKING
C001598,A0000030,OWNS_ACCOUNT,SYNTHETIC_CORE_BANKING
C000240,A0000031,OWNS_ACCOUNT,SYNTHETIC_CORE_BANKING
C000961,A0000032,OWNS_ACCOUNT,SYNTHETIC_CORE_BANKING
C001582,A0000033,OWNS_ACCOUNT,SYNTHETIC_CORE_BANKING
C000664,A0000034,OWNS_ACCOUNT,SYNTHETIC_CORE_BANKING
C000693,A0000035,OWNS_ACCOUNT,SYNTHETIC_CORE_BANKING
C000793,A0000036,OWNS_ACCOUNT,SYNTHETIC_CORE_BANKING
C001563,A0000037,OWNS_ACCOUNT,SYNTHETIC_CORE_BANKING
C001057,A0000038,OWNS_ACCOUNT,SYNTHETIC_CORE_BANKING
C001202,A0000039,OWNS_ACCOUNT,SYNTHETIC_CORE_BANKING
C000562,A0000040,OWNS_ACCOUNT,SYNTHETIC_CORE_BANKING
C000976,A0000041,OWNS_ACCOUNT,SYNTHETIC_CORE_BANKING
C000129,A0000042,OWNS_ACCOUNT,SYNTHETIC_CORE_BANKING
C001256,A0000043,OWNS_ACCOUNT,SYNTHETIC_CORE_BANKING
C000508,A0000044,OWNS_ACCOUNT,SYNTHETIC_CORE_BANKING
C001187,A0000045,OWNS_ACCOUNT,SYNTHETIC_CORE_BANKING
C001308,A0000046,OWNS_ACCOUNT,SYNTHETIC_CORE_BANKING
C000032,A0000047,OWNS_ACCOUNT,SYNTHETIC_CORE_BANKING
C000824,A0000048,OWNS_ACCOUNT,SYNTHETIC_CORE_BANKING
C000198,A0000049,OWNS_ACCOUNT,SYNTHETIC_CORE_BANKING
C000165,A0000050,OWNS_ACCOUNT,SYNTHETIC_CORE_BANKING
C000695,A0000051,OWNS_ACCOUNT,SYNTHETIC_CORE_BANKING
C000199,A0000052,OWNS_ACCOUNT,SYNTHETIC_CORE_BANKING
C000048,A0000053,OWNS_ACCOUNT,SYNTHETIC_CORE_BANKING
C000256,A0000054,OWNS_ACCOUNT,SYNTHETIC_CORE_BANKING
C001388,A0000055,OWNS_ACCOUNT,SYNTHETIC_CORE_BANKING
C001090,A0000056,OWNS_ACCOUNT,SYNTHETIC_CORE_BANKING
C000900,A0000057,OWNS_ACCOUNT,SYNTHETIC_CORE_BANKING
C000272,A0000058,OWNS_ACCOUNT,SYNTHETIC_CORE_BANKING
C000064,A0000059,OWNS_ACCOUNT,SYNTHETIC_CORE_BANKING
C000090,A0000060,OWNS_ACCOUNT,SYNTHETIC_CORE_BANKING
C001369,A0000061,OWNS_ACCOUNT,SYNTHETIC_CORE_BANKING
C000523,A0000062,OWNS_ACCOUNT,SYNTHETIC_CORE_BANKING
C000670,A0000063,OWNS_ACCOUNT,SYNTHETIC_CORE_BANKING
C000414,A0000064,OWNS_ACCOUNT,SYNTHETIC_CORE_BANKING
C001257,A0000065,OWNS_ACCOUNT,SYNTHETIC_CORE_BANKING
C001770,A0000066,OWNS_ACCOUNT,SYNTHETIC_CORE_BANKING
C001675,A0000067,OWNS_ACCOUNT,SYNTHETIC_CORE_BANKING
C001710,A0000068,OWNS_ACCOUNT,SYNTHETIC_CORE_BANKING
C000395,A0000069,OWNS_ACCOUNT,SYNTHETIC_CORE_BANKING
C001046,A0000070,OWNS_ACCOUNT,SYNTHETIC_CORE_BANKING
C000023,A0000071,OWNS_ACCOUNT,SYNTHETIC_CORE_BANKING
C000962,A0000072,OWNS_ACCOUNT,SYNTHETIC_CORE_BANKING
C001430,A0000073,OWNS_ACCOUNT,SYNTHETIC_CORE_BANKING
C001419,A0000074,OWNS_ACCOUNT,SYNTHETIC_CORE_BANKING
C000747,A0000075,OWNS_ACCOUNT,SYNTHETIC_CORE_BANKING
C000515,A0000076,OWNS_ACCOUNT,SYNTHETIC_CORE_BANKING
C000887,A0000077,OWNS_ACCOUNT,SYNTHETIC_CORE_BANKING
C000619,A0000078,OWNS_ACCOUNT,SYNTHETIC_CORE_BANKING
C001215,A0000079,OWNS_ACCOUNT,SYNTHETIC_CORE_BANKING
C000374,A0000080,OWNS_ACCOUNT,SYNTHETIC_CORE_BANKING
C001607,A0000081,OWNS_ACCOUNT,SYNTHETIC_CORE_BANKING
C000936,A0000082,OWNS_ACCOUNT,SYNTHETIC_CORE_BANKING
C001788,A0000083,OWNS_ACCOUNT,SYNTHETIC_CORE_BANKING
C000217,A0000084,OWNS_ACCOUNT,SYNTHETIC_CORE_BANKING
C000304,A0000085,OWNS_ACCOUNT,SYNTHETIC_CORE_BANKING
C000880,A0000086,OWNS_ACCOUNT,SYNTHETIC_CORE_BANKING
C001747,A0000087,OWNS_ACCOUNT,SYNTHETIC_CORE_BANKING
C000968,A0000088,OWNS_ACCOUNT,SYNTHETIC_CORE_BANKING
C000863,A0000089,OWNS_ACCOUNT,SYNTHETIC_CORE_BANKING
C001022,A0000090,OWNS_ACCOUNT,SYNTHETIC_CORE_BANKING
C000386,A0000091,OWNS_ACCOUNT,SYNTHETIC_CORE_BANKING
C001009,A0000092,OWNS_ACCOUNT,SYNTHETIC_CORE_BANKING
C001054,A0000093,OWNS_ACCOUNT,SYNTHETIC_CORE_BANKING
C000575,A0000094,OWNS_ACCOUNT,SYNTHETIC_CORE_BANKING
C001732,A0000095,OWNS_ACCOUNT,SYNTHETIC_CORE_BANKING
C000771,A0000096,OWNS_ACCOUNT,SYNTHETIC_CORE_BANKING
C000358,A0000097,OWNS_ACCOUNT,SYNTHETIC_CORE_BANKING
C001644,A0000098,OWNS_ACCOUNT,SYNTHETIC_CORE_BANKING
C000569,A0000099,OWNS_ACCOUNT,SYNTHETIC_CORE_BANKING
C001588,A0000100,OWNS_ACCOUNT,SYNTHETIC_CORE_BANKING
C001782,A0000101,OWNS_ACCOUNT,SYNTHETIC_CORE_BANKING
C000873,A0000102,OWNS_ACCOUNT,SYNTHETIC_CORE_BANKING
C000372,A0000103,OWNS_ACCOUNT,SYNTHETIC_CORE_BANKING
C000602,A0000104,OWNS_ACCOUNT,SYNTHETIC_CORE_BANKING
C000786,A0000105,OWNS_ACCOUNT,SYNTHETIC_CORE_BANKING
C000149,A0000106,OWNS_ACCOUNT,SYNTHETIC_CORE_BANKING
C001218,A0000107,OWNS_ACCOUNT,SYNTHETIC_CORE_BANKING
C000547,A0000108,OWNS_ACCOUNT,SYNTHETIC_CORE_BANKING
C000922,A0000109,OWNS_ACCOUNT,SYNTHETIC_CORE_BANKING
C001606,A0000110,OWNS_ACCOUNT,SYNTHETIC_CORE_BANKING
C000218,A0000111,OWNS_ACCOUNT,SYNTHETIC_CORE_BANKING
C000114,A0000112,OWNS_ACCOUNT,SYNTHETIC_CORE_BANKING
C000688,A0000113,OWNS_ACCOUNT,SYNTHETIC_CORE_BANKING
C000174,A0000114,OWNS_ACCOUNT,SYNTHETIC_CORE_BANKING
C001074,A0000115,OWNS_ACCOUNT,SYNTHETIC_CORE_BANKING
C001556,A0000116,OWNS_ACCOUNT,SYNTHETIC_CORE_BANKING
C000909,A0000117,OWNS_ACCOUNT,SYNTHETIC_CORE_BANKING
C000264,A0000118,OWNS_ACCOUNT,SYNTHETIC_CORE_BANKING
C001353,A0000119,OWNS_ACCOUNT,SYNTHETIC_CORE_BANKING
C000860,A0000120,OWNS_ACCOUNT,SYNTHETIC_CORE_BANKING
C000993,A0000121,OWNS_ACCOUNT,SYNTHETIC_CORE_BANKING
C000322,A0000122,OWNS_ACCOUNT,SYNTHETIC_CORE_BANKING
C001494,A0000123,OWNS_ACCOUNT,SYNTHETIC_CORE_BANKING
C001557,A0000124,OWNS_ACCOUNT,SYNTHETIC_CORE_BANKING
C001656,A0000125,OWNS_ACCOUNT,SYNTHETIC_CORE_BANKING
C001555,A0000126,OWNS_ACCOUNT,SYNTHETIC_CORE_BANKING
C001216,A0000127,OWNS_ACCOUNT,SYNTHETIC_CORE_BANKING
C000849,A0000128,OWNS_ACCOUNT,SYNTHETIC_CORE_BANKING
C000975,A0000129,OWNS_ACCOUNT,SYNTHETIC_CORE_BANKING
C000478,A0000130,OWNS_ACCOUNT,SYNTHETIC_CORE_BANKING
C001244,A0000131,OWNS_ACCOUNT,SYNTHETIC_CORE_BANKING
C001338,A0000132,OWNS_ACCOUNT,SYNTHETIC_CORE_BANKING
C001359,A0000133,OWNS_ACCOUNT,SYNTHETIC_CORE_BANKING
C001654,A0000134,OWNS_ACCOUNT,SYNTHETIC_CORE_BANKING
C001340,A0000135,OWNS_ACCOUNT,SYNTHETIC_CORE_BANKING
C001274,A0000136,OWNS_ACCOUNT,SYNTHETIC_CORE_BANKING
C001449,A0000137,OWNS_ACCOUNT,SYNTHETIC_CORE_BANKING
C000045,A0000138,OWNS_ACCOUNT,SYNTHETIC_CORE_BANKING
C000769,A0000139,OWNS_ACCOUNT,SYNTHETIC_CORE_BANKING
C000411,A0000140,OWNS_ACCOUNT,SYNTHETIC_CORE_BANKING
C000409,A0000141,OWNS_ACCOUNT,SYNTHETIC_CORE_BANKING
C000142,A0000142,OWNS_ACCOUNT,SYNTHETIC_CORE_BANKING
C001653,A0000143,OWNS_ACCOUNT,SYNTHETIC_CORE_BANKING
C000587,A0000144,OWNS_ACCOUNT,SYNTHETIC_CORE_BANKING
C000983,A0000145,OWNS_ACCOUNT,SYNTHETIC_CORE_BANKING
C000631,A0000146,OWNS_ACCOUNT,SYNTHETIC_CORE_BANKING
C001308,A0000147,OWNS_ACCOUNT,SYNTHETIC_CORE_BANKING
C000573,A0000148,OWNS_ACCOUNT,SYNTHETIC_CORE_BANKING
C000546,A0000149,OWNS_ACCOUNT,SYNTHETIC_CORE_BANKING
C000473,A0000150,OWNS_ACCOUNT,SYNTHETIC_CORE_BANKING
C000107,A0000151,OWNS_ACCOUNT,SYNTHETIC_CORE_BANKING
C000692,A0000152,OWNS_ACCOUNT,SYNTHETIC_CORE_BANKING
C000329,A0000153,OWNS_ACCOUNT,SYNTHETIC_CORE_BANKING
C000949,A0000154,OWNS_ACCOUNT,SYNTHETIC_CORE_BANKING
C001318,A0000155,OWNS_ACCOUNT,SYNTHETIC_CORE_BANKING
C001460,A0000156,OWNS_ACCOUNT,SYNTHETIC_CORE_BANKING
C001698,A0000157,OWNS_ACCOUNT,SYNTHETIC_CORE_BANKING
C001006,A0000158,OWNS_ACCOUNT,SYNTHETIC_CORE_BANKING
C001432,A0000159,OWNS_ACCOUNT,SYNTHETIC_CORE_BANKING
C000479,A0000160,OWNS_ACCOUNT,SYNTHETIC_CORE_BANKING
C000421,A0000161,OWNS_ACCOUNT,SYNTHETIC_CORE_BANKING
C000898,A0000162,OWNS_ACCOUNT,SYNTHETIC_CORE_BANKING
C001656,A0000163,OWNS_ACCOUNT,SYNTHETIC_CORE_BANKING
C001519,A0000164,OWNS_ACCOUNT,SYNTHETIC_CORE_BANKING
C000368,A0000165,OWNS_ACCOUNT,SYNTHETIC_CORE_BANKING
C001367,A0000166,OWNS_ACCOUNT,SYNTHETIC_CORE_BANKING
C001303,A0000167,OWNS_ACCOUNT,SYNTHETIC_CORE_BANKING
C001329,A0000168,OWNS_ACCOUNT,SYNTHETIC_CORE_BANKING
C001252,A0000169,OWNS_ACCOUNT,SYNTHETIC_CORE_BANKING
C001511,A0000170,OWNS_ACCOUNT,SYNTHETIC_CORE_BANKING
C001603,A0000171,OWNS_ACCOUNT,SYNTHETIC_CORE_BANKING
C000623,A0000172,OWNS_ACCOUNT,SYNTHETIC_CORE_BANKING
C000617,A0000173,OWNS_ACCOUNT,SYNTHETIC_CORE_BANKING
C000062,A0000174,OWNS_ACCOUNT,SYNTHETIC_CORE_BANKING
C001441,A0000175,OWNS_ACCOUNT,SYNTHETIC_CORE_BANKING
C000442,A0000176,OWNS_ACCOUNT,SYNTHETIC_CORE_BANKING
C000921,A0000177,OWNS_ACCOUNT,SYNTHETIC_CORE_BANKING
C001773,A0000178,OWNS_ACCOUNT,SYNTHETIC_CORE_BANKING
C000061,A0000179,OWNS_ACCOUNT,SYNTHETIC_CORE_BANKING
C001124,A0000180,OWNS_ACCOUNT,SYNTHETIC_CORE_BANKING
C001198,A0000181,OWNS_ACCOUNT,SYNTHETIC_CORE_BANKING
C000530,A0000182,OWNS_ACCOUNT,SYNTHETIC_CORE_BANKING
C000586,A0000183,OWNS_ACCOUNT,SYNTHETIC_CORE_BANKING
C001301,A0000184,OWNS_ACCOUNT,SYNTHETIC_CORE_BANKING
C001769,A0000185,OWNS_ACCOUNT,SYNTHETIC_CORE_BANKING
C001648,A0000186,OWNS_ACCOUNT,SYNTHETIC_CORE_BANKING
C000328,A0000187,OWNS_ACCOUNT,SYNTHETIC_CORE_BANKING
C000008,A0000188,OWNS_ACCOUNT,SYNTHETIC_CORE_BANKING
C001793,A0000189,OWNS_ACCOUNT,SYNTHETIC_CORE_BANKING
C001026,A0000190,OWNS_ACCOUNT,SYNTHETIC_CORE_BANKING
C001484,A0000191,OWNS_ACCOUNT,SYNTHETIC_CORE_BANKING
C000893,A0000192,OWNS_ACCOUNT,SYNTHETIC_CORE_BANKING
C000622,A0000193,OWNS_ACCOUNT,SYNTHETIC_CORE_BANKING
C001147,A0000194,OWNS_ACCOUNT,SYNTHETIC_CORE_BANKING
C000152,A0000195,OWNS_ACCOUNT,SYNTHETIC_CORE_BANKING
C000674,A0000196,OWNS_ACCOUNT,SYNTHETIC_CORE_BANKING
C000457,A0000197,OWNS_ACCOUNT,SYNTHETIC_CORE_BANKING
C001698,A0000198,OWNS_ACCOUNT,SYNTHETIC_CORE_BANKING
C000791,A0000199,OWNS_ACCOUNT,SYNTHETIC_CORE_BANKING
C000656,A0000200,OWNS_ACCOUNT,SYNTHETIC_CORE_BANKING
C000119,A0000201,OWNS_ACCOUNT,SYNTHETIC_CORE_BANKING
C001447,A0000202,OWNS_ACCOUNT,SYNTHETIC_CORE_BANKING
C001652,A0000203,OWNS_ACCOUNT,SYNTHETIC_CORE_BANKING
C000262,A0000204,OWNS_ACCOUNT,SYNTHETIC_CORE_BANKING
C000502,A0000205,OWNS_ACCOUNT,SYNTHETIC_CORE_BANKING
C001325,A0000206,OWNS_ACCOUNT,SYNTHETIC_CORE_BANKING
C001386,A0000207,OWNS_ACCOUNT,SYNTHETIC_CORE_BANKING
C000441,A0000208,OWNS_ACCOUNT,SYNTHETIC_CORE_BANKING
C001456,A0000209,OWNS_ACCOUNT,SYNTHETIC_CORE_BANKING
C001693,A0000210,OWNS_ACCOUNT,SYNTHETIC_CORE_BANKING
C000345,A0000211,OWNS_ACCOUNT,SYNTHETIC_CORE_BANKING
C000366,A0000212,OWNS_ACCOUNT,SYNTHETIC_CORE_BANKING
C000286,A0000213,OWNS_ACCOUNT,SYNTHETIC_CORE_BANKING
C001126,A0000214,OWNS_ACCOUNT,SYNTHETIC_CORE_BANKING
C000946,A0000215,OWNS_ACCOUNT,SYNTHETIC_CORE_BANKING
C001204,A0000216,OWNS_ACCOUNT,SYNTHETIC_CORE_BANKING
C000467,A0000217,OWNS_ACCOUNT,SYNTHETIC_CORE_BANKING
C001743,A0000218,OWNS_ACCOUNT,SYNTHETIC_CORE_BANKING
C000969,A0000219,OWNS_ACCOUNT,SYNTHETIC_CORE_BANKING
C000326,A0000220,OWNS_ACCOUNT,SYNTHETIC_CORE_BANKING
C000446,A0000221,OWNS_ACCOUNT,SYNTHETIC_CORE_BANKING
C000811,A0000222,OWNS_ACCOUNT,SYNTHETIC_CORE_BANKING
C000926,A0000223,OWNS_ACCOUNT,SYNTHETIC_CORE_BANKING
C000470,A0000224,OWNS_ACCOUNT,SYNTHETIC_CORE_BANKING
C000223,A0000225,OWNS_ACCOUNT,SYNTHETIC_CORE_BANKING
C000468,A0000226,OWNS_ACCOUNT,SYNTHETIC_CORE_BANKING
C000979,A0000227,OWNS_ACCOUNT,SYNTHETIC_CORE_BANKING
C001259,A0000228,OWNS_ACCOUNT,SYNTHETIC_CORE_BANKING
C000766,A0000229,OWNS_ACCOUNT,SYNTHETIC_CORE_BANKING
C000497,A0000230,OWNS_ACCOUNT,SYNTHETIC_CORE_BANKING
C000574,A0000231,OWNS_ACCOUNT,SYNTHETIC_CORE_BANKING
C000060,A0000232,OWNS_ACCOUNT,SYNTHETIC_CORE_BANKING
C001164,A0000233,OWNS_ACCOUNT,SYNTHETIC_CORE_BANKING
C000965,A0000234,OWNS_ACCOUNT,SYNTHETIC_CORE_BANKING
C000944,A0000235,OWNS_ACCOUNT,SYNTHETIC_CORE_BANKING
C000482,A0000236,OWNS_ACCOUNT,SYNTHETIC_CORE_BANKING
C000838,A0000237,OWNS_ACCOUNT,SYNTHETIC_CORE_BANKING
C000367,A0000238,OWNS_ACCOUNT,SYNTHETIC_CORE_BANKING
C000769,A0000239,OWNS_ACCOUNT,SYNTHETIC_CORE_BANKING
C001783,A0000240,OWNS_ACCOUNT,SYNTHETIC_CORE_BANKING
C000279,A0000241,OWNS_ACCOUNT,SYNTHETIC_CORE_BANKING
C000642,A0000242,OWNS_ACCOUNT,SYNTHETIC_CORE_BANKING
C001245,A0000243,OWNS_ACCOUNT,SYNTHETIC_CORE_BANKING
C000588,A0000244,OWNS_ACCOUNT,SYNTHETIC_CORE_BANKING
C000198,A0000245,OWNS_ACCOUNT,SYNTHETIC_CORE_BANKING
C000847,A0000246,OWNS_ACCOUNT,SYNTHETIC_CORE_BANKING
C000797,A0000247,OWNS_ACCOUNT,SYNTHETIC_CORE_BANKING
C000384,A0000248,OWNS_ACCOUNT,SYNTHETIC_CORE_BANKING
C000382,A0000249,OWNS_ACCOUNT,SYNTHETIC_CORE_BANKING
C001593,A0000250,OWNS_ACCOUNT,SYNTHETIC_CORE_BANKING
C000342,A0000251,OWNS_ACCOUNT,SYNTHETIC_CORE_BANKING
C000724,A0000252,OWNS_ACCOUNT,SYNTHETIC_CORE_BANKING
C000837,A0000253,OWNS_ACCOUNT,SYNTHETIC_CORE_BANKING
C001624,A0000254,OWNS_ACCOUNT,SYNTHETIC_CORE_BANKING
C000100,A0000255,OWNS_ACCOUNT,SYNTHETIC_CORE_BANKING
C000625,A0000256,OWNS_ACCOUNT,SYNTHETIC_CORE_BANKING
C001317,A0000257,OWNS_ACCOUNT,SYNTHETIC_CORE_BANKING
C001169,A0000258,OWNS_ACCOUNT,SYNTHETIC_CORE_BANKING
C001024,A0000259,OWNS_ACCOUNT,SYNTHETIC_CORE_BANKING
C000885,A0000260,OWNS_ACCOUNT,SYNTHETIC_CORE_BANKING
C000591,A0000261,OWNS_ACCOUNT,SYNTHETIC_CORE_BANKING
C000044,A0000262,OWNS_ACCOUNT,SYNTHETIC_CORE_BANKING
C000779,A0000263,OWNS_ACCOUNT,SYNTHETIC_CORE_BANKING
C000572,A0000264,OWNS_ACCOUNT,SYNTHETIC_CORE_BANKING
C000859,A0000265,OWNS_ACCOUNT,SYNTHETIC_CORE_BANKING
C000956,A0000266,OWNS_ACCOUNT,SYNTHETIC_CORE_BANKING
C001067,A0000267,OWNS_ACCOUNT,SYNTHETIC_CORE_BANKING
C000899,A0000268,OWNS_ACCOUNT,SYNTHETIC_CORE_BANKING
C000194,A0000269,OWNS_ACCOUNT,SYNTHETIC_CORE_BANKING
C001387,A0000270,OWNS_ACCOUNT,SYNTHETIC_CORE_BANKING
C001486,A0000271,OWNS_ACCOUNT,SYNTHETIC_CORE_BANKING
C000981,A0000272,OWNS_ACCOUNT,SYNTHETIC_CORE_BANKING
C001229,A0000273,OWNS_ACCOUNT,SYNTHETIC_CORE_BANKING
C000829,A0000274,OWNS_ACCOUNT,SYNTHETIC_CORE_BANKING
C001761,A0000275,OWNS_ACCOUNT,SYNTHETIC_CORE_BANKING
C001399,A0000276,OWNS_ACCOUNT,SYNTHETIC_CORE_BANKING
C001389,A0000277,OWNS_ACCOUNT,SYNTHETIC_CORE_BANKING
C000016,A0000278,OWNS_ACCOUNT,SYNTHETIC_CORE_BANKING
C001000,A0000279,OWNS_ACCOUNT,SYNTHETIC_CORE_BANKING
C000964,A0000280,OWNS_ACCOUNT,SYNTHETIC_CORE_BANKING
C000130,A0000281,OWNS_ACCOUNT,SYNTHETIC_CORE_BANKING
C000548,A0000282,OWNS_ACCOUNT,SYNTHETIC_CORE_BANKING
C001127,A0000283,OWNS_ACCOUNT,SYNTHETIC_CORE_BANKING
C000139,A0000284,OWNS_ACCOUNT,SYNTHETIC_CORE_BANKING
C000664,A0000285,OWNS_ACCOUNT,SYNTHETIC_CORE_BANKING
C000241,A0000286,OWNS_ACCOUNT,SYNTHETIC_CORE_BANKING
C000202,A0000287,OWNS_ACCOUNT,SYNTHETIC_CORE_BANKING
C000469,A0000288,OWNS_ACCOUNT,SYNTHETIC_CORE_BANKING
C000504,A0000289,OWNS_ACCOUNT,SYNTHETIC_CORE_BANKING
C000858,A0000290,OWNS_ACCOUNT,SYNTHETIC_CORE_BANKING
C000080,A0000291,OWNS_ACCOUNT,SYNTHETIC_CORE_BANKING
C000249,A0000292,OWNS_ACCOUNT,SYNTHETIC_CORE_BANKING
C000102,A0000293,OWNS_ACCOUNT,SYNTHETIC_CORE_BANKING
C000682,A0000294,OWNS_ACCOUNT,SYNTHETIC_CORE_BANKING
C000005,A0000295,OWNS_ACCOUNT,SYNTHETIC_CORE_BANKING
C001629,A0000296,OWNS_ACCOUNT,SYNTHETIC_CORE_BANKING
C001102,A0000297,OWNS_ACCOUNT,SYNTHETIC_CORE_BANKING
C000925,A0000298,OWNS_ACCOUNT,SYNTHETIC_CORE_BANKING
C001739,A0000299,OWNS_ACCOUNT,SYNTHETIC_CORE_BANKING
C001655,A0000300,OWNS_ACCOUNT,SYNTHETIC_CORE_BANKING
C000743,A0000301,OWNS_ACCOUNT,SYNTHETIC_CORE_BANKING
C000132,A0000302,OWNS_ACCOUNT,SYNTHETIC_CORE_BANKING
C000823,A0000303,OWNS_ACCOUNT,SYNTHETIC_CORE_BANKING
C001569,A0000304,OWNS_ACCOUNT,SYNTHETIC_CORE_BANKING
C000572,A0000305,OWNS_ACCOUNT,SYNTHETIC_CORE_BANKING
C000643,A0000306,OWNS_ACCOUNT,SYNTHETIC_CORE_BANKING
C001341,A0000307,OWNS_ACCOUNT,SYNTHETIC_CORE_BANKING
C001631,A0000308,OWNS_ACCOUNT,SYNTHETIC_CORE_BANKING
C001108,A0000309,OWNS_ACCOUNT,SYNTHETIC_CORE_BANKING
C000606,A0000310,OWNS_ACCOUNT,SYNTHETIC_CORE_BANKING
C001177,A0000311,OWNS_ACCOUNT,SYNTHETIC_CORE_BANKING
C000008,A0000312,OWNS_ACCOUNT,SYNTHETIC_CORE_BANKING
C000049,A0000313,OWNS_ACCOUNT,SYNTHETIC_CORE_BANKING
C001196,A0000314,OWNS_ACCOUNT,SYNTHETIC_CORE_BANKING
C001162,A0000315,OWNS_ACCOUNT,SYNTHETIC_CORE_BANKING
C001646,A0000316,OWNS_ACCOUNT,SYNTHETIC_CORE_BANKING
C001290,A0000317,OWNS_ACCOUNT,SYNTHETIC_CORE_BANKING
C000001,A0000318,OWNS_ACCOUNT,SYNTHETIC_CORE_BANKING
C001284,A0000319,OWNS_ACCOUNT,SYNTHETIC_CORE_BANKING
C001390,A0000320,OWNS_ACCOUNT,SYNTHETIC_CORE_BANKING
C000121,A0000321,OWNS_ACCOUNT,SYNTHETIC_CORE_BANKING
C000351,A0000322,OWNS_ACCOUNT,SYNTHETIC_CORE_BANKING
C001570,A0000323,OWNS_ACCOUNT,SYNTHETIC_CORE_BANKING
C000697,A0000324,OWNS_ACCOUNT,SYNTHETIC_CORE_BANKING
C001625,A0000325,OWNS_ACCOUNT,SYNTHETIC_CORE_BANKING
C000308,A0000326,OWNS_ACCOUNT,SYNTHETIC_CORE_BANKING
C000211,A0000327,OWNS_ACCOUNT,SYNTHETIC_CORE_BANKING
C000730,A0000328,OWNS_ACCOUNT,SYNTHETIC_CORE_BANKING
C001422,A0000329,OWNS_ACCOUNT,SYNTHETIC_CORE_BANKING
C000325,A0000330,OWNS_ACCOUNT,SYNTHETIC_CORE_BANKING
C001486,A0000331,OWNS_ACCOUNT,SYNTHETIC_CORE_BANKING
C001343,A0000332,OWNS_ACCOUNT,SYNTHETIC_CORE_BANKING
C001298,A0000333,OWNS_ACCOUNT,SYNTHETIC_CORE_BANKING
C000459,A0000334,OWNS_ACCOUNT,SYNTHETIC_CORE_BANKING
C001080,A0000335,OWNS_ACCOUNT,SYNTHETIC_CORE_BANKING
C001749,A0000336,OWNS_ACCOUNT,SYNTHETIC_CORE_BANKING
C001483,A0000337,OWNS_ACCOUNT,SYNTHETIC_CORE_BANKING
C000834,A0000338,OWNS_ACCOUNT,SYNTHETIC_CORE_BANKING
C001645,A0000339,OWNS_ACCOUNT,SYNTHETIC_CORE_BANKING
C000036,A0000340,OWNS_ACCOUNT,SYNTHETIC_CORE_BANKING
C000854,A0000341,OWNS_ACCOUNT,SYNTHETIC_CORE_BANKING
C000278,A0000342,OWNS_ACCOUNT,SYNTHETIC_CORE_BANKING
C001050,A0000343,OWNS_ACCOUNT,SYNTHETIC_CORE_BANKING
C000420,A0000344,OWNS_ACCOUNT,SYNTHETIC_CORE_BANKING
C001415,A0000345,OWNS_ACCOUNT,SYNTHETIC_CORE_BANKING
C001444,A0000346,OWNS_ACCOUNT,SYNTHETIC_CORE_BANKING
C001105,A0000347,OWNS_ACCOUNT,SYNTHETIC_CORE_BANKING
C000053,A0000348,OWNS_ACCOUNT,SYNTHETIC_CORE_BANKING
C000007,A0000349,OWNS_ACCOUNT,SYNTHETIC_CORE_BANKING
C000977,A0000350,OWNS_ACCOUNT,SYNTHETIC_CORE_BANKING
C000755,A0000351,OWNS_ACCOUNT,SYNTHETIC_CORE_BANKING
C000084,A0000352,OWNS_ACCOUNT,SYNTHETIC_CORE_BANKING
C001697,A0000353,OWNS_ACCOUNT,SYNTHETIC_CORE_BANKING
C001507,A0000354,OWNS_ACCOUNT,SYNTHETIC_CORE_BANKING
C001178,A0000355,OWNS_ACCOUNT,SYNTHETIC_CORE_BANKING
C001437,A0000356,OWNS_ACCOUNT,SYNTHETIC_CORE_BANKING
C000093,A0000357,OWNS_ACCOUNT,SYNTHETIC_CORE_BANKING
C001502,A0000358,OWNS_ACCOUNT,SYNTHETIC_CORE_BANKING
C001056,A0000359,OWNS_ACCOUNT,SYNTHETIC_CORE_BANKING
C000733,A0000360,OWNS_ACCOUNT,SYNTHETIC_CORE_BANKING
C000839,A0000361,OWNS_ACCOUNT,SYNTHETIC_CORE_BANKING
C001738,A0000362,OWNS_ACCOUNT,SYNTHETIC_CORE_BANKING
C001265,A0000363,OWNS_ACCOUNT,SYNTHETIC_CORE_BANKING
C000511,A0000364,OWNS_ACCOUNT,SYNTHETIC_CORE_BANKING
C000866,A0000365,OWNS_ACCOUNT,SYNTHETIC_CORE_BANKING
C001567,A0000366,OWNS_ACCOUNT,SYNTHETIC_CORE_BANKING
C001404,A0000367,OWNS_ACCOUNT,SYNTHETIC_CORE_BANKING
C000098,A0000368,OWNS_ACCOUNT,SYNTHETIC_CORE_BANKING
C000913,A0000369,OWNS_ACCOUNT,SYNTHETIC_CORE_BANKING
C001198,A0000370,OWNS_ACCOUNT,SYNTHETIC_CORE_BANKING
C001020,A0000371,OWNS_ACCOUNT,SYNTHETIC_CORE_BANKING
C000157,A0000372,OWNS_ACCOUNT,SYNTHETIC_CORE_BANKING
C001766,A0000373,OWNS_ACCOUNT,SYNTHETIC_CORE_BANKING
C000721,A0000374,OWNS_ACCOUNT,SYNTHETIC_CORE_BANKING
C001002,A0000375,OWNS_ACCOUNT,SYNTHETIC_CORE_BANKING
C000342,A0000376,OWNS_ACCOUNT,SYNTHETIC_CORE_BANKING
C000671,A0000377,OWNS_ACCOUNT,SYNTHETIC_CORE_BANKING
C001777,A0000378,OWNS_ACCOUNT,SYNTHETIC_CORE_BANKING
C000910,A0000379,OWNS_ACCOUNT,SYNTHETIC_CORE_BANKING
C000264,A0000380,OWNS_ACCOUNT,SYNTHETIC_CORE_BANKING
C000396,A0000381,OWNS_ACCOUNT,SYNTHETIC_CORE_BANKING
C000809,A0000382,OWNS_ACCOUNT,SYNTHETIC_CORE_BANKING
C000567,A0000383,OWNS_ACCOUNT,SYNTHETIC_CORE_BANKING
C000758,A0000384,OWNS_ACCOUNT,SYNTHETIC_CORE_BANKING
C000143,A0000385,OWNS_ACCOUNT,SYNTHETIC_CORE_BANKING
C000167,A0000386,OWNS_ACCOUNT,SYNTHETIC_CORE_BANKING
C001140,A0000387,OWNS_ACCOUNT,SYNTHETIC_CORE_BANKING
C001009,A0000388,OWNS_ACCOUNT,SYNTHETIC_CORE_BANKING
C000621,A0000389,OWNS_ACCOUNT,SYNTHETIC_CORE_BANKING
C001389,A0000390,OWNS_ACCOUNT,SYNTHETIC_CORE_BANKING
C000994,A0000391,OWNS_ACCOUNT,SYNTHETIC_CORE_BANKING
C000211,A0000392,OWNS_ACCOUNT,SYNTHETIC_CORE_BANKING
C001181,A0000393,OWNS_ACCOUNT,SYNTHETIC_CORE_BANKING
C000868,A0000394,OWNS_ACCOUNT,SYNTHETIC_CORE_BANKING
C001129,A0000395,OWNS_ACCOUNT,SYNTHETIC_CORE_BANKING
C000176,A0000396,OWNS_ACCOUNT,SYNTHETIC_CORE_BANKING
C000517,A0000397,OWNS_ACCOUNT,SYNTHETIC_CORE_BANKING
C000996,A0000398,OWNS_ACCOUNT,SYNTHETIC_CORE_BANKING
C001028,A0000399,OWNS_ACCOUNT,SYNTHETIC_CORE_BANKING
C001355,A0000400,OWNS_ACCOUNT,SYNTHETIC_CORE_BANKING
C000448,A0000401,OWNS_ACCOUNT,SYNTHETIC_CORE_BANKING
C001179,A0000402,OWNS_ACCOUNT,SYNTHETIC_CORE_BANKING
C000026,A0000403,OWNS_ACCOUNT,SYNTHETIC_CORE_BANKING
C000268,A0000404,OWNS_ACCOUNT,SYNTHETIC_CORE_BANKING
C000855,A0000405,OWNS_ACCOUNT,SYNTHETIC_CORE_BANKING
C001066,A0000406,OWNS_ACCOUNT,SYNTHETIC_CORE_BANKING
C001230,A0000407,OWNS_ACCOUNT,SYNTHETIC_CORE_BANKING
C001094,A0000408,OWNS_ACCOUNT,SYNTHETIC_CORE_BANKING
C000070,A0000409,OWNS_ACCOUNT,SYNTHETIC_CORE_BANKING
C001749,A0000410,OWNS_ACCOUNT,SYNTHETIC_CORE_BANKING
C001489,A0000411,OWNS_ACCOUNT,SYNTHETIC_CORE_BANKING
C000761,A0000412,OWNS_ACCOUNT,SYNTHETIC_CORE_BANKING
C000333,A0000413,OWNS_ACCOUNT,SYNTHETIC_CORE_BANKING
C000967,A0000414,OWNS_ACCOUNT,SYNTHETIC_CORE_BANKING
C000807,A0000415,OWNS_ACCOUNT,SYNTHETIC_CORE_BANKING
C000147,A0000416,OWNS_ACCOUNT,SYNTHETIC_CORE_BANKING
C000080,A0000417,OWNS_ACCOUNT,SYNTHETIC_CORE_BANKING
C000535,A0000418,OWNS_ACCOUNT,SYNTHETIC_CORE_BANKING
C000394,A0000419,OWNS_ACCOUNT,SYNTHETIC_CORE_BANKING
C000406,A0000420,OWNS_ACCOUNT,SYNTHETIC_CORE_BANKING
C001459,A0000421,OWNS_ACCOUNT,SYNTHETIC_CORE_BANKING
C001561,A0000422,OWNS_ACCOUNT,SYNTHETIC_CORE_BANKING
C001419,A0000423,OWNS_ACCOUNT,SYNTHETIC_CORE_BANKING
C000556,A0000424,OWNS_ACCOUNT,SYNTHETIC_CORE_BANKING
C000362,A0000425,OWNS_ACCOUNT,SYNTHETIC_CORE_BANKING
C000463,A0000426,OWNS_ACCOUNT,SYNTHETIC_CORE_BANKING
C000375,A0000427,OWNS_ACCOUNT,SYNTHETIC_CORE_BANKING
C000526,A0000428,OWNS_ACCOUNT,SYNTHETIC_CORE_BANKING
C001402,A0000429,OWNS_ACCOUNT,SYNTHETIC_CORE_BANKING
C001001,A0000430,OWNS_ACCOUNT,SYNTHETIC_CORE_BANKING
C001540,A0000431,OWNS_ACCOUNT,SYNTHETIC_CORE_BANKING
C000444,A0000432,OWNS_ACCOUNT,SYNTHETIC_CORE_BANKING
C000363,A0000433,OWNS_ACCOUNT,SYNTHETIC_CORE_BANKING
C001496,A0000434,OWNS_ACCOUNT,SYNTHETIC_CORE_BANKING
C000224,A0000435,OWNS_ACCOUNT,SYNTHETIC_CORE_BANKING
C001572,A0000436,OWNS_ACCOUNT,SYNTHETIC_CORE_BANKING
C000648,A0000437,OWNS_ACCOUNT,SYNTHETIC_CORE_BANKING
C001435,A0000438,OWNS_ACCOUNT,SYNTHETIC_CORE_BANKING
C000904,A0000439,OWNS_ACCOUNT,SYNTHETIC_CORE_BANKING
C001386,A0000440,OWNS_ACCOUNT,SYNTHETIC_CORE_BANKING
C000735,A0000441,OWNS_ACCOUNT,SYNTHETIC_CORE_BANKING
C000819,A0000442,OWNS_ACCOUNT,SYNTHETIC_CORE_BANKING
C000098,A0000443,OWNS_ACCOUNT,SYNTHETIC_CORE_BANKING
C000512,A0000444,OWNS_ACCOUNT,SYNTHETIC_CORE_BANKING
C001096,A0000445,OWNS_ACCOUNT,SYNTHETIC_CORE_BANKING
C000989,A0000446,OWNS_ACCOUNT,SYNTHETIC_CORE_BANKING
C000537,A0000447,OWNS_ACCOUNT,SYNTHETIC_CORE_BANKING
C001060,A0000448,OWNS_ACCOUNT,SYNTHETIC_CORE_BANKING
C000882,A0000449,OWNS_ACCOUNT,SYNTHETIC_CORE_BANKING
C000962,A0000450,OWNS_ACCOUNT,SYNTHETIC_CORE_BANKING
C000428,A0000451,OWNS_ACCOUNT,SYNTHETIC_CORE_BANKING
C000699,A0000452,OWNS_ACCOUNT,SYNTHETIC_CORE_BANKING
C000639,A0000453,OWNS_ACCOUNT,SYNTHETIC_CORE_BANKING
C001431,A0000454,OWNS_ACCOUNT,SYNTHETIC_CORE_BANKING
C000451,A0000455,OWNS_ACCOUNT,SYNTHETIC_CORE_BANKING
C001458,A0000456,OWNS_ACCOUNT,SYNTHETIC_CORE_BANKING
C000070,A0000457,OWNS_ACCOUNT,SYNTHETIC_CORE_BANKING
C000267,A0000458,OWNS_ACCOUNT,SYNTHETIC_CORE_BANKING
C000984,A0000459,OWNS_ACCOUNT,SYNTHETIC_CORE_BANKING
C000760,A0000460,OWNS_ACCOUNT,SYNTHETIC_CORE_BANKING
C000931,A0000461,OWNS_ACCOUNT,SYNTHETIC_CORE_BANKING
C001637,A0000462,OWNS_ACCOUNT,SYNTHETIC_CORE_BANKING
C000632,A0000463,OWNS_ACCOUNT,SYNTHETIC_CORE_BANKING
C001651,A0000464,OWNS_ACCOUNT,SYNTHETIC_CORE_BANKING
C000401,A0000465,OWNS_ACCOUNT,SYNTHETIC_CORE_BANKING
C000817,A0000466,OWNS_ACCOUNT,SYNTHETIC_CORE_BANKING
C001466,A0000467,OWNS_ACCOUNT,SYNTHETIC_CORE_BANKING
C000857,A0000468,OWNS_ACCOUNT,SYNTHETIC_CORE_BANKING
C000840,A0000469,OWNS_ACCOUNT,SYNTHETIC_CORE_BANKING
C001734,A0000470,OWNS_ACCOUNT,SYNTHETIC_CORE_BANKING
C001407,A0000471,OWNS_ACCOUNT,SYNTHETIC_CORE_BANKING
C000138,A0000472,OWNS_ACCOUNT,SYNTHETIC_CORE_BANKING
C000357,A0000473,OWNS_ACCOUNT,SYNTHETIC_CORE_BANKING
C000599,A0000474,OWNS_ACCOUNT,SYNTHETIC_CORE_BANKING
C000577,A0000475,OWNS_ACCOUNT,SYNTHETIC_CORE_BANKING
C000578,A0000476,OWNS_ACCOUNT,SYNTHETIC_CORE_BANKING
C000349,A0000477,OWNS_ACCOUNT,SYNTHETIC_CORE_BANKING
C001032,A0000478,OWNS_ACCOUNT,SYNTHETIC_CORE_BANKING
C000236,A0000479,OWNS_ACCOUNT,SYNTHETIC_CORE_BANKING
C001062,A0000480,OWNS_ACCOUNT,SYNTHETIC_CORE_BANKING
C000655,A0000481,OWNS_ACCOUNT,SYNTHETIC_CORE_BANKING
C001421,A0000482,OWNS_ACCOUNT,SYNTHETIC_CORE_BANKING
C001351,A0000483,OWNS_ACCOUNT,SYNTHETIC_CORE_BANKING
C000961,A0000484,OWNS_ACCOUNT,SYNTHETIC_CORE_BANKING
C001454,A0000485,OWNS_ACCOUNT,SYNTHETIC_CORE_BANKING
C001228,A0000486,OWNS_ACCOUNT,SYNTHETIC_CORE_BANKING
C001580,A0000487,OWNS_ACCOUNT,SYNTHETIC_CORE_BANKING
C001568,A0000488,OWNS_ACCOUNT,SYNTHETIC_CORE_BANKING
C001495,A0000489,OWNS_ACCOUNT,SYNTHETIC_CORE_BANKING
C000133,A0000490,OWNS_ACCOUNT,SYNTHETIC_CORE_BANKING
C001523,A0000491,OWNS_ACCOUNT,SYNTHETIC_CORE_BANKING
C000088,A0000492,OWNS_ACCOUNT,SYNTHETIC_CORE_BANKING
C001583,A0000493,OWNS_ACCOUNT,SYNTHETIC_CORE_BANKING
C000813,A0000494,OWNS_ACCOUNT,SYNTHETIC_CORE_BANKING
C001108,A0000495,OWNS_ACCOUNT,SYNTHETIC_CORE_BANKING
C000050,A0000496,OWNS_ACCOUNT,SYNTHETIC_CORE_BANKING
C001427,A0000497,OWNS_ACCOUNT,SYNTHETIC_CORE_BANKING
C001149,A0000498,OWNS_ACCOUNT,SYNTHETIC_CORE_BANKING
C001424,A0000499,OWNS_ACCOUNT,SYNTHETIC_CORE_BANKING
C001751,A0000500,OWNS_ACCOUNT,SYNTHETIC_CORE_BANKING
C000675,A0000501,OWNS_ACCOUNT,SYNTHETIC_CORE_BANKING
C001425,A0000502,OWNS_ACCOUNT,SYNTHETIC_CORE_BANKING
C000738,A0000503,OWNS_ACCOUNT,SYNTHETIC_CORE_BANKING
C000923,A0000504,OWNS_ACCOUNT,SYNTHETIC_CORE_BANKING
C001365,A0000505,OWNS_ACCOUNT,SYNTHETIC_CORE_BANKING
C000645,A0000506,OWNS_ACCOUNT,SYNTHETIC_CORE_BANKING
C001658,A0000507,OWNS_ACCOUNT,SYNTHETIC_CORE_BANKING
C001694,A0000508,OWNS_ACCOUNT,SYNTHETIC_CORE_BANKING
C001558,A0000509,OWNS_ACCOUNT,SYNTHETIC_CORE_BANKING
C000930,A0000510,OWNS_ACCOUNT,SYNTHETIC_CORE_BANKING
C000433,A0000511,OWNS_ACCOUNT,SYNTHETIC_CORE_BANKING
C000255,A0000512,OWNS_ACCOUNT,SYNTHETIC_CORE_BANKING
C000731,A0000513,OWNS_ACCOUNT,SYNTHETIC_CORE_BANKING
C000785,A0000514,OWNS_ACCOUNT,SYNTHETIC_CORE_BANKING
C001611,A0000515,OWNS_ACCOUNT,SYNTHETIC_CORE_BANKING
C000348,A0000516,OWNS_ACCOUNT,SYNTHETIC_CORE_BANKING
C001552,A0000517,OWNS_ACCOUNT,SYNTHETIC_CORE_BANKING
C000042,A0000518,OWNS_ACCOUNT,SYNTHETIC_CORE_BANKING
C000865,A0000519,OWNS_ACCOUNT,SYNTHETIC_CORE_BANKING
C001199,A0000520,OWNS_ACCOUNT,SYNTHETIC_CORE_BANKING
C001075,A0000521,OWNS_ACCOUNT,SYNTHETIC_CORE_BANKING
C001410,A0000522,OWNS_ACCOUNT,SYNTHETIC_CORE_BANKING
C001089,A0000523,OWNS_ACCOUNT,SYNTHETIC_CORE_BANKING
C001385,A0000524,OWNS_ACCOUNT,SYNTHETIC_CORE_BANKING
C001168,A0000525,OWNS_ACCOUNT,SYNTHETIC_CORE_BANKING
C001436,A0000526,OWNS_ACCOUNT,SYNTHETIC_CORE_BANKING
C001655,A0000527,OWNS_ACCOUNT,SYNTHETIC_CORE_BANKING
C000652,A0000528,OWNS_ACCOUNT,SYNTHETIC_CORE_BANKING
C001571,A0000529,OWNS_ACCOUNT,SYNTHETIC_CORE_BANKING
C000005,A0000530,OWNS_ACCOUNT,SYNTHETIC_CORE_BANKING
C000972,A0000531,OWNS_ACCOUNT,SYNTHETIC_CORE_BANKING
C001314,A0000532,OWNS_ACCOUNT,SYNTHETIC_CORE_BANKING
C001473,A0000533,OWNS_ACCOUNT,SYNTHETIC_CORE_BANKING
C000254,A0000534,OWNS_ACCOUNT,SYNTHETIC_CORE_BANKING
C001349,A0000535,OWNS_ACCOUNT,SYNTHETIC_CORE_BANKING
C000891,A0000536,OWNS_ACCOUNT,SYNTHETIC_CORE_BANKING
C000252,A0000537,OWNS_ACCOUNT,SYNTHETIC_CORE_BANKING
C000141,A0000538,OWNS_ACCOUNT,SYNTHETIC_CORE_BANKING
C000547,A0000539,OWNS_ACCOUNT,SYNTHETIC_CORE_BANKING
C001293,A0000540,OWNS_ACCOUNT,SYNTHETIC_CORE_BANKING
C001035,A0000541,OWNS_ACCOUNT,SYNTHETIC_CORE_BANKING
C000178,A0000542,OWNS_ACCOUNT,SYNTHETIC_CORE_BANKING
C001674,A0000543,OWNS_ACCOUNT,SYNTHETIC_CORE_BANKING
C000754,A0000544,OWNS_ACCOUNT,SYNTHETIC_CORE_BANKING
C000447,A0000545,OWNS_ACCOUNT,SYNTHETIC_CORE_BANKING
C000205,A0000546,OWNS_ACCOUNT,SYNTHETIC_CORE_BANKING
C000946,A0000547,OWNS_ACCOUNT,SYNTHETIC_CORE_BANKING
C000908,A0000548,OWNS_ACCOUNT,SYNTHETIC_CORE_BANKING
C000126,A0000549,OWNS_ACCOUNT,SYNTHETIC_CORE_BANKING
C001572,A0000550,OWNS_ACCOUNT,SYNTHETIC_CORE_BANKING
C000400,A0000551,OWNS_ACCOUNT,SYNTHETIC_CORE_BANKING
C000718,A0000552,OWNS_ACCOUNT,SYNTHETIC_CORE_BANKING
C000045,A0000553,OWNS_ACCOUNT,SYNTHETIC_CORE_BANKING
C001156,A0000554,OWNS_ACCOUNT,SYNTHETIC_CORE_BANKING
C000960,A0000555,OWNS_ACCOUNT,SYNTHETIC_CORE_BANKING
C001339,A0000556,OWNS_ACCOUNT,SYNTHETIC_CORE_BANKING
C001118,A0000557,OWNS_ACCOUNT,SYNTHETIC_CORE_BANKING
C001716,A0000558,OWNS_ACCOUNT,SYNTHETIC_CORE_BANKING
C000707,A0000559,OWNS_ACCOUNT,SYNTHETIC_CORE_BANKING
C001331,A0000560,OWNS_ACCOUNT,SYNTHETIC_CORE_BANKING
C001335,A0000561,OWNS_ACCOUNT,SYNTHETIC_CORE_BANKING
C001687,A0000562,OWNS_ACCOUNT,SYNTHETIC_CORE_BANKING
C000539,A0000563,OWNS_ACCOUNT,SYNTHETIC_CORE_BANKING
C001035,A0000564,OWNS_ACCOUNT,SYNTHETIC_CORE_BANKING
C001556,A0000565,OWNS_ACCOUNT,SYNTHETIC_CORE_BANKING
C001266,A0000566,OWNS_ACCOUNT,SYNTHETIC_CORE_BANKING
C000363,A0000567,OWNS_ACCOUNT,SYNTHETIC_CORE_BANKING
C000902,A0000568,OWNS_ACCOUNT,SYNTHETIC_CORE_BANKING
C001241,A0000569,OWNS_ACCOUNT,SYNTHETIC_CORE_BANKING
C000733,A0000570,OWNS_ACCOUNT,SYNTHETIC_CORE_BANKING
C001564,A0000571,OWNS_ACCOUNT,SYNTHETIC_CORE_BANKING
C000257,A0000572,OWNS_ACCOUNT,SYNTHETIC_CORE_BANKING
C001273,A0000573,OWNS_ACCOUNT,SYNTHETIC_CORE_BANKING
C001011,A0000574,OWNS_ACCOUNT,SYNTHETIC_CORE_BANKING
C000582,A0000575,OWNS_ACCOUNT,SYNTHETIC_CORE_BANKING
C000158,A0000576,OWNS_ACCOUNT,SYNTHETIC_CORE_BANKING
C000851,A0000577,OWNS_ACCOUNT,SYNTHETIC_CORE_BANKING
C001578,A0000578,OWNS_ACCOUNT,SYNTHETIC_CORE_BANKING
C000869,A0000579,OWNS_ACCOUNT,SYNTHETIC_CORE_BANKING
C000251,A0000580,OWNS_ACCOUNT,SYNTHETIC_CORE_BANKING
C000580,A0000581,OWNS_ACCOUNT,SYNTHETIC_CORE_BANKING
C000973,A0000582,OWNS_ACCOUNT,SYNTHETIC_CORE_BANKING
C001157,A0000583,OWNS_ACCOUNT,SYNTHETIC_CORE_BANKING
C001166,A0000584,OWNS_ACCOUNT,SYNTHETIC_CORE_BANKING
C001799,A0000585,OWNS_ACCOUNT,SYNTHETIC_CORE_BANKING
C000137,A0000586,OWNS_ACCOUNT,SYNTHETIC_CORE_BANKING
C001044,A0000587,OWNS_ACCOUNT,SYNTHETIC_CORE_BANKING
C001749,A0000588,OWNS_ACCOUNT,SYNTHETIC_CORE_BANKING
C000006,A0000589,OWNS_ACCOUNT,SYNTHETIC_CORE_BANKING
C001608,A0000590,OWNS_ACCOUNT,SYNTHETIC_CORE_BANKING
C000354,A0000591,OWNS_ACCOUNT,SYNTHETIC_CORE_BANKING
C000024,A0000592,OWNS_ACCOUNT,SYNTHETIC_CORE_BANKING
C000937,A0000593,OWNS_ACCOUNT,SYNTHETIC_CORE_BANKING
C000197,A0000594,OWNS_ACCOUNT,SYNTHETIC_CORE_BANKING
C001491,A0000595,OWNS_ACCOUNT,SYNTHETIC_CORE_BANKING
C000571,A0000596,OWNS_ACCOUNT,SYNTHETIC_CORE_BANKING
C000638,A0000597,OWNS_ACCOUNT,SYNTHETIC_CORE_BANKING
C000223,A0000598,OWNS_ACCOUNT,SYNTHETIC_CORE_BANKING
C001185,A0000599,OWNS_ACCOUNT,SYNTHETIC_CORE_BANKING
C000399,A0000600,OWNS_ACCOUNT,SYNTHETIC_CORE_BANKING
C000347,A0000601,OWNS_ACCOUNT,SYNTHETIC_CORE_BANKING
C001735,A0000602,OWNS_ACCOUNT,SYNTHETIC_CORE_BANKING
C000923,A0000603,OWNS_ACCOUNT,SYNTHETIC_CORE_BANKING
C000393,A0000604,OWNS_ACCOUNT,SYNTHETIC_CORE_BANKING
C001058,A0000605,OWNS_ACCOUNT,SYNTHETIC_CORE_BANKING
C000480,A0000606,OWNS_ACCOUNT,SYNTHETIC_CORE_BANKING
C001031,A0000607,OWNS_ACCOUNT,SYNTHETIC_CORE_BANKING
C001696,A0000608,OWNS_ACCOUNT,SYNTHETIC_CORE_BANKING
C000626,A0000609,OWNS_ACCOUNT,SYNTHETIC_CORE_BANKING
C000852,A0000610,OWNS_ACCOUNT,SYNTHETIC_CORE_BANKING
C001251,A0000611,OWNS_ACCOUNT,SYNTHETIC_CORE_BANKING
C000634,A0000612,OWNS_ACCOUNT,SYNTHETIC_CORE_BANKING
C001579,A0000613,OWNS_ACCOUNT,SYNTHETIC_CORE_BANKING
C000183,A0000614,OWNS_ACCOUNT,SYNTHETIC_CORE_BANKING
C000445,A0000615,OWNS_ACCOUNT,SYNTHETIC_CORE_BANKING
C001224,A0000616,OWNS_ACCOUNT,SYNTHETIC_CORE_BANKING
C000430,A0000617,OWNS_ACCOUNT,SYNTHETIC_CORE_BANKING
C000413,A0000618,OWNS_ACCOUNT,SYNTHETIC_CORE_BANKING
C000889,A0000619,OWNS_ACCOUNT,SYNTHETIC_CORE_BANKING
C000265,A0000620,OWNS_ACCOUNT,SYNTHETIC_CORE_BANKING
C001133,A0000621,OWNS_ACCOUNT,SYNTHETIC_CORE_BANKING
C000323,A0000622,OWNS_ACCOUNT,SYNTHETIC_CORE_BANKING
C000552,A0000623,OWNS_ACCOUNT,SYNTHETIC_CORE_BANKING
C000067,A0000624,OWNS_ACCOUNT,SYNTHETIC_CORE_BANKING
C000663,A0000625,OWNS_ACCOUNT,SYNTHETIC_CORE_BANKING
C000150,A0000626,OWNS_ACCOUNT,SYNTHETIC_CORE_BANKING
C001376,A0000627,OWNS_ACCOUNT,SYNTHETIC_CORE_BANKING
C001368,A0000628,OWNS_ACCOUNT,SYNTHETIC_CORE_BANKING
C000773,A0000629,OWNS_ACCOUNT,SYNTHETIC_CORE_BANKING
C001087,A0000630,OWNS_ACCOUNT,SYNTHETIC_CORE_BANKING
C001637,A0000631,OWNS_ACCOUNT,SYNTHETIC_CORE_BANKING
C000720,A0000632,OWNS_ACCOUNT,SYNTHETIC_CORE_BANKING
C000082,A0000633,OWNS_ACCOUNT,SYNTHETIC_CORE_BANKING
C000842,A0000634,OWNS_ACCOUNT,SYNTHETIC_CORE_BANKING
C000043,A0000635,OWNS_ACCOUNT,SYNTHETIC_CORE_BANKING
C001576,A0000636,OWNS_ACCOUNT,SYNTHETIC_CORE_BANKING
C000737,A0000637,OWNS_ACCOUNT,SYNTHETIC_CORE_BANKING
C001318,A0000638,OWNS_ACCOUNT,SYNTHETIC_CORE_BANKING
C000438,A0000639,OWNS_ACCOUNT,SYNTHETIC_CORE_BANKING
C000874,A0000640,OWNS_ACCOUNT,SYNTHETIC_CORE_BANKING
C000269,A0000641,OWNS_ACCOUNT,SYNTHETIC_CORE_BANKING
C001660,A0000642,OWNS_ACCOUNT,SYNTHETIC_CORE_BANKING
C000238,A0000643,OWNS_ACCOUNT,SYNTHETIC_CORE_BANKING
C000951,A0000644,OWNS_ACCOUNT,SYNTHETIC_CORE_BANKING
C001254,A0000645,OWNS_ACCOUNT,SYNTHETIC_CORE_BANKING
C000661,A0000646,OWNS_ACCOUNT,SYNTHETIC_CORE_BANKING
C001167,A0000647,OWNS_ACCOUNT,SYNTHETIC_CORE_BANKING
C001467,A0000648,OWNS_ACCOUNT,SYNTHETIC_CORE_BANKING
C000797,A0000649,OWNS_ACCOUNT,SYNTHETIC_CORE_BANKING
C001415,A0000650,OWNS_ACCOUNT,SYNTHETIC_CORE_BANKING
C001725,A0000651,OWNS_ACCOUNT,SYNTHETIC_CORE_BANKING
C000380,A0000652,OWNS_ACCOUNT,SYNTHETIC_CORE_BANKING
C000540,A0000653,OWNS_ACCOUNT,SYNTHETIC_CORE_BANKING
C001577,A0000654,OWNS_ACCOUNT,SYNTHETIC_CORE_BANKING
C000040,A0000655,OWNS_ACCOUNT,SYNTHETIC_CORE_BANKING
C000318,A0000656,OWNS_ACCOUNT,SYNTHETIC_CORE_BANKING
C000669,A0000657,OWNS_ACCOUNT,SYNTHETIC_CORE_BANKING
C000348,A0000658,OWNS_ACCOUNT,SYNTHETIC_CORE_BANKING
C000443,A0000659,OWNS_ACCOUNT,SYNTHETIC_CORE_BANKING
C000063,A0000660,OWNS_ACCOUNT,SYNTHETIC_CORE_BANKING
C000515,A0000661,OWNS_ACCOUNT,SYNTHETIC_CORE_BANKING
C000405,A0000662,OWNS_ACCOUNT,SYNTHETIC_CORE_BANKING
C001512,A0000663,OWNS_ACCOUNT,SYNTHETIC_CORE_BANKING
C000757,A0000664,OWNS_ACCOUNT,SYNTHETIC_CORE_BANKING
C001214,A0000665,OWNS_ACCOUNT,SYNTHETIC_CORE_BANKING
C000235,A0000666,OWNS_ACCOUNT,SYNTHETIC_CORE_BANKING
C001392,A0000667,OWNS_ACCOUNT,SYNTHETIC_CORE_BANKING
C000054,A0000668,OWNS_ACCOUNT,SYNTHETIC_CORE_BANKING
C001221,A0000669,OWNS_ACCOUNT,SYNTHETIC_CORE_BANKING
C000162,A0000670,OWNS_ACCOUNT,SYNTHETIC_CORE_BANKING
C000651,A0000671,OWNS_ACCOUNT,SYNTHETIC_CORE_BANKING
C001246,A0000672,OWNS_ACCOUNT,SYNTHETIC_CORE_BANKING
C001403,A0000673,OWNS_ACCOUNT,SYNTHETIC_CORE_BANKING
C001748,A0000674,OWNS_ACCOUNT,SYNTHETIC_CORE_BANKING
C000792,A0000675,OWNS_ACCOUNT,SYNTHETIC_CORE_BANKING
C001480,A0000676,OWNS_ACCOUNT,SYNTHETIC_CORE_BANKING
C001170,A0000677,OWNS_ACCOUNT,SYNTHETIC_CORE_BANKING
C001614,A0000678,OWNS_ACCOUNT,SYNTHETIC_CORE_BANKING
C000992,A0000679,OWNS_ACCOUNT,SYNTHETIC_CORE_BANKING
C000477,A0000680,OWNS_ACCOUNT,SYNTHETIC_CORE_BANKING
C001394,A0000681,OWNS_ACCOUNT,SYNTHETIC_CORE_BANKING
C000790,A0000682,OWNS_ACCOUNT,SYNTHETIC_CORE_BANKING
C000576,A0000683,OWNS_ACCOUNT,SYNTHETIC_CORE_BANKING
C000600,A0000684,OWNS_ACCOUNT,SYNTHETIC_CORE_BANKING
C000037,A0000685,OWNS_ACCOUNT,SYNTHETIC_CORE_BANKING
C000029,A0000686,OWNS_ACCOUNT,SYNTHETIC_CORE_BANKING
C001537,A0000687,OWNS_ACCOUNT,SYNTHETIC_CORE_BANKING
C001533,A0000688,OWNS_ACCOUNT,SYNTHETIC_CORE_BANKING
C000933,A0000689,OWNS_ACCOUNT,SYNTHETIC_CORE_BANKING
C000817,A0000690,OWNS_ACCOUNT,SYNTHETIC_CORE_BANKING
C000723,A0000691,OWNS_ACCOUNT,SYNTHETIC_CORE_BANKING
C001098,A0000692,OWNS_ACCOUNT,SYNTHETIC_CORE_BANKING
C001534,A0000693,OWNS_ACCOUNT,SYNTHETIC_CORE_BANKING
C001012,A0000694,OWNS_ACCOUNT,SYNTHETIC_CORE_BANKING
C000275,A0000695,OWNS_ACCOUNT,SYNTHETIC_CORE_BANKING
C000637,A0000696,OWNS_ACCOUNT,SYNTHETIC_CORE_BANKING
C001628,A0000697,OWNS_ACCOUNT,SYNTHETIC_CORE_BANKING
C001775,A0000698,OWNS_ACCOUNT,SYNTHETIC_CORE_BANKING
C000879,A0000699,OWNS_ACCOUNT,SYNTHETIC_CORE_BANKING
C000814,A0000700,OWNS_ACCOUNT,SYNTHETIC_CORE_BANKING
C001787,A0000701,OWNS_ACCOUNT,SYNTHETIC_CORE_BANKING
C001418,A0000702,OWNS_ACCOUNT,SYNTHETIC_CORE_BANKING
C000796,A0000703,OWNS_ACCOUNT,SYNTHETIC_CORE_BANKING
C000767,A0000704,OWNS_ACCOUNT,SYNTHETIC_CORE_BANKING
C001772,A0000705,OWNS_ACCOUNT,SYNTHETIC_CORE_BANKING
C001647,A0000706,OWNS_ACCOUNT,SYNTHETIC_CORE_BANKING
C000177,A0000707,OWNS_ACCOUNT,SYNTHETIC_CORE_BANKING
C000472,A0000708,OWNS_ACCOUNT,SYNTHETIC_CORE_BANKING
C001755,A0000709,OWNS_ACCOUNT,SYNTHETIC_CORE_BANKING
C001258,A0000710,OWNS_ACCOUNT,SYNTHETIC_CORE_BANKING
C001221,A0000711,OWNS_ACCOUNT,SYNTHETIC_CORE_BANKING
C000746,A0000712,OWNS_ACCOUNT,SYNTHETIC_CORE_BANKING
C001778,A0000713,OWNS_ACCOUNT,SYNTHETIC_CORE_BANKING
C000051,A0000714,OWNS_ACCOUNT,SYNTHETIC_CORE_BANKING
C000302,A0000715,OWNS_ACCOUNT,SYNTHETIC_CORE_BANKING
C001791,A0000716,OWNS_ACCOUNT,SYNTHETIC_CORE_BANKING
C000682,A0000717,OWNS_ACCOUNT,SYNTHETIC_CORE_BANKING
C000557,A0000718,OWNS_ACCOUNT,SYNTHETIC_CORE_BANKING
C001625,A0000719,OWNS_ACCOUNT,SYNTHETIC_CORE_BANKING
C000178,A0000720,OWNS_ACCOUNT,SYNTHETIC_CORE_BANKING
C001107,A0000721,OWNS_ACCOUNT,SYNTHETIC_CORE_BANKING
C000045,A0000722,OWNS_ACCOUNT,SYNTHETIC_CORE_BANKING
C000030,A0000723,OWNS_ACCOUNT,SYNTHETIC_CORE_BANKING
C000589,A0000724,OWNS_ACCOUNT,SYNTHETIC_CORE_BANKING
C000666,A0000725,OWNS_ACCOUNT,SYNTHETIC_CORE_BANKING
C001657,A0000726,OWNS_ACCOUNT,SYNTHETIC_CORE_BANKING
C000702,A0000727,OWNS_ACCOUNT,SYNTHETIC_CORE_BANKING
C001114,A0000728,OWNS_ACCOUNT,SYNTHETIC_CORE_BANKING
C001201,A0000729,OWNS_ACCOUNT,SYNTHETIC_CORE_BANKING
C000201,A0000730,OWNS_ACCOUNT,SYNTHETIC_CORE_BANKING
C001508,A0000731,OWNS_ACCOUNT,SYNTHETIC_CORE_BANKING
C001174,A0000732,OWNS_ACCOUNT,SYNTHETIC_CORE_BANKING
C001171,A0000733,OWNS_ACCOUNT,SYNTHETIC_CORE_BANKING
C000125,A0000734,OWNS_ACCOUNT,SYNTHETIC_CORE_BANKING
C000200,A0000735,OWNS_ACCOUNT,SYNTHETIC_CORE_BANKING
C000737,A0000736,OWNS_ACCOUNT,SYNTHETIC_CORE_BANKING
C001122,A0000737,OWNS_ACCOUNT,SYNTHETIC_CORE_BANKING
C000581,A0000738,OWNS_ACCOUNT,SYNTHETIC_CORE_BANKING
C001640,A0000739,OWNS_ACCOUNT,SYNTHETIC_CORE_BANKING
C000595,A0000740,OWNS_ACCOUNT,SYNTHETIC_CORE_BANKING
C000897,A0000741,OWNS_ACCOUNT,SYNTHETIC_CORE_BANKING
C001282,A0000742,OWNS_ACCOUNT,SYNTHETIC_CORE_BANKING
C000169,A0000743,OWNS_ACCOUNT,SYNTHETIC_CORE_BANKING
C001500,A0000744,OWNS_ACCOUNT,SYNTHETIC_CORE_BANKING
C001472,A0000745,OWNS_ACCOUNT,SYNTHETIC_CORE_BANKING
C000691,A0000746,OWNS_ACCOUNT,SYNTHETIC_CORE_BANKING
C001599,A0000747,OWNS_ACCOUNT,SYNTHETIC_CORE_BANKING
C000026,A0000748,OWNS_ACCOUNT,SYNTHETIC_CORE_BANKING
C000836,A0000749,OWNS_ACCOUNT,SYNTHETIC_CORE_BANKING
C001501,A0000750,OWNS_ACCOUNT,SYNTHETIC_CORE_BANKING
C000610,A0000751,OWNS_ACCOUNT,SYNTHETIC_CORE_BANKING
C001798,A0000752,OWNS_ACCOUNT,SYNTHETIC_CORE_BANKING
C000146,A0000753,OWNS_ACCOUNT,SYNTHETIC_CORE_BANKING
C001460,A0000754,OWNS_ACCOUNT,SYNTHETIC_CORE_BANKING
C001216,A0000755,OWNS_ACCOUNT,SYNTHETIC_CORE_BANKING
C001553,A0000756,OWNS_ACCOUNT,SYNTHETIC_CORE_BANKING
C000505,A0000757,OWNS_ACCOUNT,SYNTHETIC_CORE_BANKING
C001416,A0000758,OWNS_ACCOUNT,SYNTHETIC_CORE_BANKING
C000340,A0000759,OWNS_ACCOUNT,SYNTHETIC_CORE_BANKING
C001261,A0000760,OWNS_ACCOUNT,SYNTHETIC_CORE_BANKING
C001112,A0000761,OWNS_ACCOUNT,SYNTHETIC_CORE_BANKING
C001049,A0000762,OWNS_ACCOUNT,SYNTHETIC_CORE_BANKING
C000479,A0000763,OWNS_ACCOUNT,SYNTHETIC_CORE_BANKING
C000094,A0000764,OWNS_ACCOUNT,SYNTHETIC_CORE_BANKING
C001659,A0000765,OWNS_ACCOUNT,SYNTHETIC_CORE_BANKING
C001463,A0000766,OWNS_ACCOUNT,SYNTHETIC_CORE_BANKING
C000941,A0000767,OWNS_ACCOUNT,SYNTHETIC_CORE_BANKING
C000967,A0000768,OWNS_ACCOUNT,SYNTHETIC_CORE_BANKING
C001720,A0000769,OWNS_ACCOUNT,SYNTHETIC_CORE_BANKING
C001292,A0000770,OWNS_ACCOUNT,SYNTHETIC_CORE_BANKING
C000980,A0000771,OWNS_ACCOUNT,SYNTHETIC_CORE_BANKING
C000787,A0000772,OWNS_ACCOUNT,SYNTHETIC_CORE_BANKING
C000910,A0000773,OWNS_ACCOUNT,SYNTHETIC_CORE_BANKING
C001345,A0000774,OWNS_ACCOUNT,SYNTHETIC_CORE_BANKING
C000667,A0000775,OWNS_ACCOUNT,SYNTHETIC_CORE_BANKING
C001649,A0000776,OWNS_ACCOUNT,SYNTHETIC_CORE_BANKING
C001761,A0000777,OWNS_ACCOUNT,SYNTHETIC_CORE_BANKING
C000659,A0000778,OWNS_ACCOUNT,SYNTHETIC_CORE_BANKING
C000937,A0000779,OWNS_ACCOUNT,SYNTHETIC_CORE_BANKING
C001723,A0000780,OWNS_ACCOUNT,SYNTHETIC_CORE_BANKING
C000168,A0000781,OWNS_ACCOUNT,SYNTHETIC_CORE_BANKING
C001739,A0000782,OWNS_ACCOUNT,SYNTHETIC_CORE_BANKING
C001249,A0000783,OWNS_ACCOUNT,SYNTHETIC_CORE_BANKING
C000021,A0000784,OWNS_ACCOUNT,SYNTHETIC_CORE_BANKING
C001175,A0000785,OWNS_ACCOUNT,SYNTHETIC_CORE_BANKING
C001700,A0000786,OWNS_ACCOUNT,SYNTHETIC_CORE_BANKING
C001393,A0000787,OWNS_ACCOUNT,SYNTHETIC_CORE_BANKING
C000170,A0000788,OWNS_ACCOUNT,SYNTHETIC_CORE_BANKING
C001686,A0000789,OWNS_ACCOUNT,SYNTHETIC_CORE_BANKING
C001044,A0000790,OWNS_ACCOUNT,SYNTHETIC_CORE_BANKING
C000025,A0000791,OWNS_ACCOUNT,SYNTHETIC_CORE_BANKING
C001513,A0000792,OWNS_ACCOUNT,SYNTHETIC_CORE_BANKING
C000614,A0000793,OWNS_ACCOUNT,SYNTHETIC_CORE_BANKING
C000108,A0000794,OWNS_ACCOUNT,SYNTHETIC_CORE_BANKING
C001327,A0000795,OWNS_ACCOUNT,SYNTHETIC_CORE_BANKING
C001743,A0000796,OWNS_ACCOUNT,SYNTHETIC_CORE_BANKING
C000740,A0000797,OWNS_ACCOUNT,SYNTHETIC_CORE_BANKING
C000296,A0000798,OWNS_ACCOUNT,SYNTHETIC_CORE_BANKING
C000827,A0000799,OWNS_ACCOUNT,SYNTHETIC_CORE_BANKING
C000489,A0000800,OWNS_ACCOUNT,SYNTHETIC_CORE_BANKING
C001528,A0000801,OWNS_ACCOUNT,SYNTHETIC_CORE_BANKING
C000636,A0000802,OWNS_ACCOUNT,SYNTHETIC_CORE_BANKING
C001103,A0000803,OWNS_ACCOUNT,SYNTHETIC_CORE_BANKING
C000978,A0000804,OWNS_ACCOUNT,SYNTHETIC_CORE_BANKING
C000392,A0000805,OWNS_ACCOUNT,SYNTHETIC_CORE_BANKING
C001393,A0000806,OWNS_ACCOUNT,SYNTHETIC_CORE_BANKING
C000554,A0000807,OWNS_ACCOUNT,SYNTHETIC_CORE_BANKING
C000936,A0000808,OWNS_ACCOUNT,SYNTHETIC_CORE_BANKING
C001232,A0000809,OWNS_ACCOUNT,SYNTHETIC_CORE_BANKING
C001223,A0000810,OWNS_ACCOUNT,SYNTHETIC_CORE_BANKING
C000991,A0000811,OWNS_ACCOUNT,SYNTHETIC_CORE_BANKING
C000561,A0000812,OWNS_ACCOUNT,SYNTHETIC_CORE_BANKING
C000532,A0000813,OWNS_ACCOUNT,SYNTHETIC_CORE_BANKING
C000534,A0000814,OWNS_ACCOUNT,SYNTHETIC_CORE_BANKING
C000253,A0000815,OWNS_ACCOUNT,SYNTHETIC_CORE_BANKING
C000313,A0000816,OWNS_ACCOUNT,SYNTHETIC_CORE_BANKING
C001061,A0000817,OWNS_ACCOUNT,SYNTHETIC_CORE_BANKING
C000415,A0000818,OWNS_ACCOUNT,SYNTHETIC_CORE_BANKING
C001113,A0000819,OWNS_ACCOUNT,SYNTHETIC_CORE_BANKING
C001313,A0000820,OWNS_ACCOUNT,SYNTHETIC_CORE_BANKING
C001320,A0000821,OWNS_ACCOUNT,SYNTHETIC_CORE_BANKING
C000742,A0000822,OWNS_ACCOUNT,SYNTHETIC_CORE_BANKING
C000097,A0000823,OWNS_ACCOUNT,SYNTHETIC_CORE_BANKING
C000914,A0000824,OWNS_ACCOUNT,SYNTHETIC_CORE_BANKING
C000285,A0000825,OWNS_ACCOUNT,SYNTHETIC_CORE_BANKING
C001356,A0000826,OWNS_ACCOUNT,SYNTHETIC_CORE_BANKING
C000179,A0000827,OWNS_ACCOUNT,SYNTHETIC_CORE_BANKING
C000239,A0000828,OWNS_ACCOUNT,SYNTHETIC_CORE_BANKING
C001081,A0000829,OWNS_ACCOUNT,SYNTHETIC_CORE_BANKING
C000091,A0000830,OWNS_ACCOUNT,SYNTHETIC_CORE_BANKING
C001554,A0000831,OWNS_ACCOUNT,SYNTHETIC_CORE_BANKING
C000451,A0000832,OWNS_ACCOUNT,SYNTHETIC_CORE_BANKING
C000300,A0000833,OWNS_ACCOUNT,SYNTHETIC_CORE_BANKING
C001572,A0000834,OWNS_ACCOUNT,SYNTHETIC_CORE_BANKING
C000834,A0000835,OWNS_ACCOUNT,SYNTHETIC_CORE_BANKING
C000092,A0000836,OWNS_ACCOUNT,SYNTHETIC_CORE_BANKING
C000125,A0000837,OWNS_ACCOUNT,SYNTHETIC_CORE_BANKING
C001408,A0000838,OWNS_ACCOUNT,SYNTHETIC_CORE_BANKING
C000704,A0000839,OWNS_ACCOUNT,SYNTHETIC_CORE_BANKING
C000867,A0000840,OWNS_ACCOUNT,SYNTHETIC_CORE_BANKING
C001668,A0000841,OWNS_ACCOUNT,SYNTHETIC_CORE_BANKING
C000213,A0000842,OWNS_ACCOUNT,SYNTHETIC_CORE_BANKING
C001395,A0000843,OWNS_ACCOUNT,SYNTHETIC_CORE_BANKING
C001457,A0000844,OWNS_ACCOUNT,SYNTHETIC_CORE_BANKING
C000278,A0000845,OWNS_ACCOUNT,SYNTHETIC_CORE_BANKING
C000219,A0000846,OWNS_ACCOUNT,SYNTHETIC_CORE_BANKING
C000370,A0000847,OWNS_ACCOUNT,SYNTHETIC_CORE_BANKING
C000892,A0000848,OWNS_ACCOUNT,SYNTHETIC_CORE_BANKING
C000934,A0000849,OWNS_ACCOUNT,SYNTHETIC_CORE_BANKING
C001262,A0000850,OWNS_ACCOUNT,SYNTHETIC_CORE_BANKING
C001213,A0000851,OWNS_ACCOUNT,SYNTHETIC_CORE_BANKING
C000634,A0000852,OWNS_ACCOUNT,SYNTHETIC_CORE_BANKING
C001461,A0000853,OWNS_ACCOUNT,SYNTHETIC_CORE_BANKING
C000533,A0000854,OWNS_ACCOUNT,SYNTHETIC_CORE_BANKING
C000295,A0000855,OWNS_ACCOUNT,SYNTHETIC_CORE_BANKING
C000859,A0000856,OWNS_ACCOUNT,SYNTHETIC_CORE_BANKING
C000986,A0000857,OWNS_ACCOUNT,SYNTHETIC_CORE_BANKING
C000151,A0000858,OWNS_ACCOUNT,SYNTHETIC_CORE_BANKING
C000726,A0000859,OWNS_ACCOUNT,SYNTHETIC_CORE_BANKING
C000522,A0000860,OWNS_ACCOUNT,SYNTHETIC_CORE_BANKING
C000487,A0000861,OWNS_ACCOUNT,SYNTHETIC_CORE_BANKING
C000680,A0000862,OWNS_ACCOUNT,SYNTHETIC_CORE_BANKING
C000035,A0000863,OWNS_ACCOUNT,SYNTHETIC_CORE_BANKING
C000750,A0000864,OWNS_ACCOUNT,SYNTHETIC_CORE_BANKING
C001332,A0000865,OWNS_ACCOUNT,SYNTHETIC_CORE_BANKING
C000756,A0000866,OWNS_ACCOUNT,SYNTHETIC_CORE_BANKING
C000303,A0000867,OWNS_ACCOUNT,SYNTHETIC_CORE_BANKING
C001600,A0000868,OWNS_ACCOUNT,SYNTHETIC_CORE_BANKING
C000492,A0000869,OWNS_ACCOUNT,SYNTHETIC_CORE_BANKING
C000398,A0000870,OWNS_ACCOUNT,SYNTHETIC_CORE_BANKING
C000926,A0000871,OWNS_ACCOUNT,SYNTHETIC_CORE_BANKING
C001302,A0000872,OWNS_ACCOUNT,SYNTHETIC_CORE_BANKING
C000079,A0000873,OWNS_ACCOUNT,SYNTHETIC_CORE_BANKING
C001154,A0000874,OWNS_ACCOUNT,SYNTHETIC_CORE_BANKING
C001092,A0000875,OWNS_ACCOUNT,SYNTHETIC_CORE_BANKING
C001792,A0000876,OWNS_ACCOUNT,SYNTHETIC_CORE_BANKING
C000297,A0000877,OWNS_ACCOUNT,SYNTHETIC_CORE_BANKING
C000861,A0000878,OWNS_ACCOUNT,SYNTHETIC_CORE_BANKING
C001433,A0000879,OWNS_ACCOUNT,SYNTHETIC_CORE_BANKING
C000527,A0000880,OWNS_ACCOUNT,SYNTHETIC_CORE_BANKING
C000715,A0000881,OWNS_ACCOUNT,SYNTHETIC_CORE_BANKING
C000338,A0000882,OWNS_ACCOUNT,SYNTHETIC_CORE_BANKING
C000435,A0000883,OWNS_ACCOUNT,SYNTHETIC_CORE_BANKING
C001093,A0000884,OWNS_ACCOUNT,SYNTHETIC_CORE_BANKING
C000298,A0000885,OWNS_ACCOUNT,SYNTHETIC_CORE_BANKING
C001720,A0000886,OWNS_ACCOUNT,SYNTHETIC_CORE_BANKING
C000400,A0000887,OWNS_ACCOUNT,SYNTHETIC_CORE_BANKING
C000449,A0000888,OWNS_ACCOUNT,SYNTHETIC_CORE_BANKING
C000546,A0000889,OWNS_ACCOUNT,SYNTHETIC_CORE_BANKING
C000292,A0000890,OWNS_ACCOUNT,SYNTHETIC_CORE_BANKING
C000712,A0000891,OWNS_ACCOUNT,SYNTHETIC_CORE_BANKING
C000118,A0000892,OWNS_ACCOUNT,SYNTHETIC_CORE_BANKING
C000049,A0000893,OWNS_ACCOUNT,SYNTHETIC_CORE_BANKING
C000068,A0000894,OWNS_ACCOUNT,SYNTHETIC_CORE_BANKING
C000298,A0000895,OWNS_ACCOUNT,SYNTHETIC_CORE_BANKING
C000429,A0000896,OWNS_ACCOUNT,SYNTHETIC_CORE_BANKING
C000611,A0000897,OWNS_ACCOUNT,SYNTHETIC_CORE_BANKING
C001006,A0000898,OWNS_ACCOUNT,SYNTHETIC_CORE_BANKING
C001151,A0000899,OWNS_ACCOUNT,SYNTHETIC_CORE_BANKING
C000544,A0000900,OWNS_ACCOUNT,SYNTHETIC_CORE_BANKING
C001684,A0000901,OWNS_ACCOUNT,SYNTHETIC_CORE_BANKING
C001297,A0000902,OWNS_ACCOUNT,SYNTHETIC_CORE_BANKING
C001225,A0000903,OWNS_ACCOUNT,SYNTHETIC_CORE_BANKING
C000831,A0000904,OWNS_ACCOUNT,SYNTHETIC_CORE_BANKING
C000383,A0000905,OWNS_ACCOUNT,SYNTHETIC_CORE_BANKING
C001316,A0000906,OWNS_ACCOUNT,SYNTHETIC_CORE_BANKING
C000833,A0000907,OWNS_ACCOUNT,SYNTHETIC_CORE_BANKING
C000122,A0000908,OWNS_ACCOUNT,SYNTHETIC_CORE_BANKING
C000812,A0000909,OWNS_ACCOUNT,SYNTHETIC_CORE_BANKING
C001351,A0000910,OWNS_ACCOUNT,SYNTHETIC_CORE_BANKING
C001417,A0000911,OWNS_ACCOUNT,SYNTHETIC_CORE_BANKING
C001289,A0000912,OWNS_ACCOUNT,SYNTHETIC_CORE_BANKING
C000055,A0000913,OWNS_ACCOUNT,SYNTHETIC_CORE_BANKING
C000403,A0000914,OWNS_ACCOUNT,SYNTHETIC_CORE_BANKING
C000486,A0000915,OWNS_ACCOUNT,SYNTHETIC_CORE_BANKING
C000101,A0000916,OWNS_ACCOUNT,SYNTHETIC_CORE_BANKING
C000364,A0000917,OWNS_ACCOUNT,SYNTHETIC_CORE_BANKING
C001307,A0000918,OWNS_ACCOUNT,SYNTHETIC_CORE_BANKING
C001142,A0000919,OWNS_ACCOUNT,SYNTHETIC_CORE_BANKING
C001405,A0000920,OWNS_ACCOUNT,SYNTHETIC_CORE_BANKING
C001672,A0000921,OWNS_ACCOUNT,SYNTHETIC_CORE_BANKING
C000862,A0000922,OWNS_ACCOUNT,SYNTHETIC_CORE_BANKING
C000851,A0000923,OWNS_ACCOUNT,SYNTHETIC_CORE_BANKING
C000402,A0000924,OWNS_ACCOUNT,SYNTHETIC_CORE_BANKING
C000164,A0000925,OWNS_ACCOUNT,SYNTHETIC_CORE_BANKING
C001512,A0000926,OWNS_ACCOUNT,SYNTHETIC_CORE_BANKING
C000095,A0000927,OWNS_ACCOUNT,SYNTHETIC_CORE_BANKING
C000759,A0000928,OWNS_ACCOUNT,SYNTHETIC_CORE_BANKING
C000802,A0000929,OWNS_ACCOUNT,SYNTHETIC_CORE_BANKING
C000409,A0000930,OWNS_ACCOUNT,SYNTHETIC_CORE_BANKING
C001615,A0000931,OWNS_ACCOUNT,SYNTHETIC_CORE_BANKING
C000752,A0000932,OWNS_ACCOUNT,SYNTHETIC_CORE_BANKING
C000052,A0000933,OWNS_ACCOUNT,SYNTHETIC_CORE_BANKING
C000294,A0000934,OWNS_ACCOUNT,SYNTHETIC_CORE_BANKING
C000033,A0000935,OWNS_ACCOUNT,SYNTHETIC_CORE_BANKING
C001589,A0000936,OWNS_ACCOUNT,SYNTHETIC_CORE_BANKING
C001523,A0000937,OWNS_ACCOUNT,SYNTHETIC_CORE_BANKING
C001295,A0000938,OWNS_ACCOUNT,SYNTHETIC_CORE_BANKING
C001790,A0000939,OWNS_ACCOUNT,SYNTHETIC_CORE_BANKING
C000681,A0000940,OWNS_ACCOUNT,SYNTHETIC_CORE_BANKING
C001689,A0000941,OWNS_ACCOUNT,SYNTHETIC_CORE_BANKING
C000549,A0000942,OWNS_ACCOUNT,SYNTHETIC_CORE_BANKING
C000891,A0000943,OWNS_ACCOUNT,SYNTHETIC_CORE_BANKING
C000519,A0000944,OWNS_ACCOUNT,SYNTHETIC_CORE_BANKING
C001347,A0000945,OWNS_ACCOUNT,SYNTHETIC_CORE_BANKING
C001396,A0000946,OWNS_ACCOUNT,SYNTHETIC_CORE_BANKING
C001492,A0000947,OWNS_ACCOUNT,SYNTHETIC_CORE_BANKING
C000127,A0000948,OWNS_ACCOUNT,SYNTHETIC_CORE_BANKING
C001276,A0000949,OWNS_ACCOUNT,SYNTHETIC_CORE_BANKING
C000567,A0000950,OWNS_ACCOUNT,SYNTHETIC_CORE_BANKING
C001626,A0000951,OWNS_ACCOUNT,SYNTHETIC_CORE_BANKING
C001264,A0000952,OWNS_ACCOUNT,SYNTHETIC_CORE_BANKING
C000155,A0000953,OWNS_ACCOUNT,SYNTHETIC_CORE_BANKING
C000355,A0000954,OWNS_ACCOUNT,SYNTHETIC_CORE_BANKING
C000716,A0000955,OWNS_ACCOUNT,SYNTHETIC_CORE_BANKING
C000668,A0000956,OWNS_ACCOUNT,SYNTHETIC_CORE_BANKING
C000483,A0000957,OWNS_ACCOUNT,SYNTHETIC_CORE_BANKING
C001724,A0000958,OWNS_ACCOUNT,SYNTHETIC_CORE_BANKING
C001590,A0000959,OWNS_ACCOUNT,SYNTHETIC_CORE_BANKING
C000144,A0000960,OWNS_ACCOUNT,SYNTHETIC_CORE_BANKING
C001051,A0000961,OWNS_ACCOUNT,SYNTHETIC_CORE_BANKING
C000010,A0000962,OWNS_ACCOUNT,SYNTHETIC_CORE_BANKING
C000919,A0000963,OWNS_ACCOUNT,SYNTHETIC_CORE_BANKING
C001448,A0000964,OWNS_ACCOUNT,SYNTHETIC_CORE_BANKING
C000835,A0000965,OWNS_ACCOUNT,SYNTHETIC_CORE_BANKING
C000844,A0000966,OWNS_ACCOUNT,SYNTHETIC_CORE_BANKING
C001726,A0000967,OWNS_ACCOUNT,SYNTHETIC_CORE_BANKING
C001682,A0000968,OWNS_ACCOUNT,SYNTHETIC_CORE_BANKING
C000189,A0000969,OWNS_ACCOUNT,SYNTHETIC_CORE_BANKING
C000339,A0000970,OWNS_ACCOUNT,SYNTHETIC_CORE_BANKING
C001152,A0000971,OWNS_ACCOUNT,SYNTHETIC_CORE_BANKING
C001285,A0000972,OWNS_ACCOUNT,SYNTHETIC_CORE_BANKING
C001444,A0000973,OWNS_ACCOUNT,SYNTHETIC_CORE_BANKING
C001586,A0000974,OWNS_ACCOUNT,SYNTHETIC_CORE_BANKING
C000580,A0000975,OWNS_ACCOUNT,SYNTHETIC_CORE_BANKING
C000810,A0000976,OWNS_ACCOUNT,SYNTHETIC_CORE_BANKING
C000774,A0000977,OWNS_ACCOUNT,SYNTHETIC_CORE_BANKING
C001789,A0000978,OWNS_ACCOUNT,SYNTHETIC_CORE_BANKING
C001382,A0000979,OWNS_ACCOUNT,SYNTHETIC_CORE_BANKING
C000770,A0000980,OWNS_ACCOUNT,SYNTHETIC_CORE_BANKING
C000229,A0000981,OWNS_ACCOUNT,SYNTHETIC_CORE_BANKING
C000650,A0000982,OWNS_ACCOUNT,SYNTHETIC_CORE_BANKING
C001466,A0000983,OWNS_ACCOUNT,SYNTHETIC_CORE_BANKING
C000117,A0000984,OWNS_ACCOUNT,SYNTHETIC_CORE_BANKING
C000266,A0000985,OWNS_ACCOUNT,SYNTHETIC_CORE_BANKING
C001004,A0000986,OWNS_ACCOUNT,SYNTHETIC_CORE_BANKING
C000008,A0000987,OWNS_ACCOUNT,SYNTHETIC_CORE_BANKING
C000462,A0000988,OWNS_ACCOUNT,SYNTHETIC_CORE_BANKING
C000976,A0000989,OWNS_ACCOUNT,SYNTHETIC_CORE_BANKING
C000002,A0000990,OWNS_ACCOUNT,SYNTHETIC_CORE_BANKING
C000818,A0000991,OWNS_ACCOUNT,SYNTHETIC_CORE_BANKING
C001445,A0000992,OWNS_ACCOUNT,SYNTHETIC_CORE_BANKING
C001155,A0000993,OWNS_ACCOUNT,SYNTHETIC_CORE_BANKING
C000120,A0000994,OWNS_ACCOUNT,SYNTHETIC_CORE_BANKING
C001659,A0000995,OWNS_ACCOUNT,SYNTHETIC_CORE_BANKING
C001188,A0000996,OWNS_ACCOUNT,SYNTHETIC_CORE_BANKING
C000997,A0000997,OWNS_ACCOUNT,SYNTHETIC_CORE_BANKING
C001469,A0000998,OWNS_ACCOUNT,SYNTHETIC_CORE_BANKING
C001125,A0000999,OWNS_ACCOUNT,SYNTHETIC_CORE_BANKING
C001591,A0001000,OWNS_ACCOUNT,SYNTHETIC_CORE_BANKING
C000151,A0001001,OWNS_ACCOUNT,SYNTHETIC_CORE_BANKING
C000233,A0001002,OWNS_ACCOUNT,SYNTHETIC_CORE_BANKING
C000390,A0001003,OWNS_ACCOUNT,SYNTHETIC_CORE_BANKING
C000496,A0001004,OWNS_ACCOUNT,SYNTHETIC_CORE_BANKING
C000570,A0001005,OWNS_ACCOUNT,SYNTHETIC_CORE_BANKING
C000494,A0001006,OWNS_ACCOUNT,SYNTHETIC_CORE_BANKING
C000231,A0001007,OWNS_ACCOUNT,SYNTHETIC_CORE_BANKING
C001380,A0001008,OWNS_ACCOUNT,SYNTHETIC_CORE_BANKING
C001019,A0001009,OWNS_ACCOUNT,SYNTHETIC_CORE_BANKING
C001141,A0001010,OWNS_ACCOUNT,SYNTHETIC_CORE_BANKING
C000216,A0001011,OWNS_ACCOUNT,SYNTHETIC_CORE_BANKING
C001163,A0001012,OWNS_ACCOUNT,SYNTHETIC_CORE_BANKING
C000437,A0001013,OWNS_ACCOUNT,SYNTHETIC_CORE_BANKING
C000274,A0001014,OWNS_ACCOUNT,SYNTHETIC_CORE_BANKING
C000305,A0001015,OWNS_ACCOUNT,SYNTHETIC_CORE_BANKING
C000212,A0001016,OWNS_ACCOUNT,SYNTHETIC_CORE_BANKING
C000277,A0001017,OWNS_ACCOUNT,SYNTHETIC_CORE_BANKING
C000259,A0001018,OWNS_ACCOUNT,SYNTHETIC_CORE_BANKING
C000381,A0001019,OWNS_ACCOUNT,SYNTHETIC_CORE_BANKING
C000651,A0001020,OWNS_ACCOUNT,SYNTHETIC_CORE_BANKING
C001411,A0001021,OWNS_ACCOUNT,SYNTHETIC_CORE_BANKING
C000870,A0001022,OWNS_ACCOUNT,SYNTHETIC_CORE_BANKING
C001576,A0001023,OWNS_ACCOUNT,SYNTHETIC_CORE_BANKING
C000725,A0001024,OWNS_ACCOUNT,SYNTHETIC_CORE_BANKING
C000804,A0001025,OWNS_ACCOUNT,SYNTHETIC_CORE_BANKING
C001001,A0001026,OWNS_ACCOUNT,SYNTHETIC_CORE_BANKING
C001499,A0001027,OWNS_ACCOUNT,SYNTHETIC_CORE_BANKING
C000953,A0001028,OWNS_ACCOUNT,SYNTHETIC_CORE_BANKING
C000662,A0001029,OWNS_ACCOUNT,SYNTHETIC_CORE_BANKING
C000447,A0001030,OWNS_ACCOUNT,SYNTHETIC_CORE_BANKING
C000154,A0001031,OWNS_ACCOUNT,SYNTHETIC_CORE_BANKING
C001630,A0001032,OWNS_ACCOUNT,SYNTHETIC_CORE_BANKING
C001294,A0001033,OWNS_ACCOUNT,SYNTHETIC_CORE_BANKING
C000672,A0001034,OWNS_ACCOUNT,SYNTHETIC_CORE_BANKING
C001463,A0001035,OWNS_ACCOUNT,SYNTHETIC_CORE_BANKING
C001353,A0001036,OWNS_ACCOUNT,SYNTHETIC_CORE_BANKING
C000387,A0001037,OWNS_ACCOUNT,SYNTHETIC_CORE_BANKING
C001078,A0001038,OWNS_ACCOUNT,SYNTHETIC_CORE_BANKING
C000248,A0001039,OWNS_ACCOUNT,SYNTHETIC_CORE_BANKING
C001212,A0001040,OWNS_ACCOUNT,SYNTHETIC_CORE_BANKING
C001033,A0001041,OWNS_ACCOUNT,SYNTHETIC_CORE_BANKING
C000662,A0001042,OWNS_ACCOUNT,SYNTHETIC_CORE_BANKING
C000812,A0001043,OWNS_ACCOUNT,SYNTHETIC_CORE_BANKING
C000336,A0001044,OWNS_ACCOUNT,SYNTHETIC_CORE_BANKING
C001701,A0001045,OWNS_ACCOUNT,SYNTHETIC_CORE_BANKING
C001520,A0001046,OWNS_ACCOUNT,SYNTHETIC_CORE_BANKING
C000652,A0001047,OWNS_ACCOUNT,SYNTHETIC_CORE_BANKING
C001247,A0001048,OWNS_ACCOUNT,SYNTHETIC_CORE_BANKING
C001585,A0001049,OWNS_ACCOUNT,SYNTHETIC_CORE_BANKING
C001088,A0001050,OWNS_ACCOUNT,SYNTHETIC_CORE_BANKING
C000615,A0001051,OWNS_ACCOUNT,SYNTHETIC_CORE_BANKING
C001207,A0001052,OWNS_ACCOUNT,SYNTHETIC_CORE_BANKING
C000156,A0001053,OWNS_ACCOUNT,SYNTHETIC_CORE_BANKING
C001719,A0001054,OWNS_ACCOUNT,SYNTHETIC_CORE_BANKING
C001161,A0001055,OWNS_ACCOUNT,SYNTHETIC_CORE_BANKING
C000657,A0001056,OWNS_ACCOUNT,SYNTHETIC_CORE_BANKING
C001197,A0001057,OWNS_ACCOUNT,SYNTHETIC_CORE_BANKING
C000739,A0001058,OWNS_ACCOUNT,SYNTHETIC_CORE_BANKING
C000510,A0001059,OWNS_ACCOUNT,SYNTHETIC_CORE_BANKING
C000009,A0001060,OWNS_ACCOUNT,SYNTHETIC_CORE_BANKING
C001535,A0001061,OWNS_ACCOUNT,SYNTHETIC_CORE_BANKING
C001688,A0001062,OWNS_ACCOUNT,SYNTHETIC_CORE_BANKING
C001753,A0001063,OWNS_ACCOUNT,SYNTHETIC_CORE_BANKING
C000938,A0001064,OWNS_ACCOUNT,SYNTHETIC_CORE_BANKING
C000341,A0001065,OWNS_ACCOUNT,SYNTHETIC_CORE_BANKING
C001199,A0001066,OWNS_ACCOUNT,SYNTHETIC_CORE_BANKING
C000324,A0001067,OWNS_ACCOUNT,SYNTHETIC_CORE_BANKING
C000220,A0001068,OWNS_ACCOUNT,SYNTHETIC_CORE_BANKING
C000959,A0001069,OWNS_ACCOUNT,SYNTHETIC_CORE_BANKING
C001621,A0001070,OWNS_ACCOUNT,SYNTHETIC_CORE_BANKING
C000584,A0001071,OWNS_ACCOUNT,SYNTHETIC_CORE_BANKING
C001143,A0001072,OWNS_ACCOUNT,SYNTHETIC_CORE_BANKING
C001086,A0001073,OWNS_ACCOUNT,SYNTHETIC_CORE_BANKING
C000466,A0001074,OWNS_ACCOUNT,SYNTHETIC_CORE_BANKING
C000283,A0001075,OWNS_ACCOUNT,SYNTHETIC_CORE_BANKING
C000186,A0001076,OWNS_ACCOUNT,SYNTHETIC_CORE_BANKING
C001053,A0001077,OWNS_ACCOUNT,SYNTHETIC_CORE_BANKING
C000210,A0001078,OWNS_ACCOUNT,SYNTHETIC_CORE_BANKING
C001322,A0001079,OWNS_ACCOUNT,SYNTHETIC_CORE_BANKING
C001277,A0001080,OWNS_ACCOUNT,SYNTHETIC_CORE_BANKING
C001482,A0001081,OWNS_ACCOUNT,SYNTHETIC_CORE_BANKING
C000889,A0001082,OWNS_ACCOUNT,SYNTHETIC_CORE_BANKING
C001686,A0001083,OWNS_ACCOUNT,SYNTHETIC_CORE_BANKING
C000385,A0001084,OWNS_ACCOUNT,SYNTHETIC_CORE_BANKING
C000998,A0001085,OWNS_ACCOUNT,SYNTHETIC_CORE_BANKING
C001186,A0001086,OWNS_ACCOUNT,SYNTHETIC_CORE_BANKING
C000475,A0001087,OWNS_ACCOUNT,SYNTHETIC_CORE_BANKING
C000780,A0001088,OWNS_ACCOUNT,SYNTHETIC_CORE_BANKING
C000901,A0001089,OWNS_ACCOUNT,SYNTHETIC_CORE_BANKING
C001492,A0001090,OWNS_ACCOUNT,SYNTHETIC_CORE_BANKING
C000019,A0001091,OWNS_ACCOUNT,SYNTHETIC_CORE_BANKING
C001575,A0001092,OWNS_ACCOUNT,SYNTHETIC_CORE_BANKING
C000163,A0001093,OWNS_ACCOUNT,SYNTHETIC_CORE_BANKING
C001211,A0001094,OWNS_ACCOUNT,SYNTHETIC_CORE_BANKING
C001321,A0001095,OWNS_ACCOUNT,SYNTHETIC_CORE_BANKING
C001259,A0001096,OWNS_ACCOUNT,SYNTHETIC_CORE_BANKING
C000341,A0001097,OWNS_ACCOUNT,SYNTHETIC_CORE_BANKING
C000613,A0001098,OWNS_ACCOUNT,SYNTHETIC_CORE_BANKING
C001377,A0001099,OWNS_ACCOUNT,SYNTHETIC_CORE_BANKING
C001260,A0001100,OWNS_ACCOUNT,SYNTHETIC_CORE_BANKING
C001705,A0001101,OWNS_ACCOUNT,SYNTHETIC_CORE_BANKING
C000649,A0001102,OWNS_ACCOUNT,SYNTHETIC_CORE_BANKING
C001378,A0001103,OWNS_ACCOUNT,SYNTHETIC_CORE_BANKING
C001104,A0001104,OWNS_ACCOUNT,SYNTHETIC_CORE_BANKING
C000550,A0001105,OWNS_ACCOUNT,SYNTHETIC_CORE_BANKING
C001490,A0001106,OWNS_ACCOUNT,SYNTHETIC_CORE_BANKING
C001477,A0001107,OWNS_ACCOUNT,SYNTHETIC_CORE_BANKING
C001615,A0001108,OWNS_ACCOUNT,SYNTHETIC_CORE_BANKING
C000321,A0001109,OWNS_ACCOUNT,SYNTHETIC_CORE_BANKING
C000454,A0001110,OWNS_ACCOUNT,SYNTHETIC_CORE_BANKING
C000424,A0001111,OWNS_ACCOUNT,SYNTHETIC_CORE_BANKING
C000018,A0001112,OWNS_ACCOUNT,SYNTHETIC_CORE_BANKING
C001067,A0001113,OWNS_ACCOUNT,SYNTHETIC_CORE_BANKING
C000798,A0001114,OWNS_ACCOUNT,SYNTHETIC_CORE_BANKING
C001728,A0001115,OWNS_ACCOUNT,SYNTHETIC_CORE_BANKING
C000115,A0001116,OWNS_ACCOUNT,SYNTHETIC_CORE_BANKING
C000785,A0001117,OWNS_ACCOUNT,SYNTHETIC_CORE_BANKING
C000276,A0001118,OWNS_ACCOUNT,SYNTHETIC_CORE_BANKING
C001680,A0001119,OWNS_ACCOUNT,SYNTHETIC_CORE_BANKING
C001715,A0001120,OWNS_ACCOUNT,SYNTHETIC_CORE_BANKING
C000832,A0001121,OWNS_ACCOUNT,SYNTHETIC_CORE_BANKING
C000081,A0001122,OWNS_ACCOUNT,SYNTHETIC_CORE_BANKING
C000359,A0001123,OWNS_ACCOUNT,SYNTHETIC_CORE_BANKING
C000795,A0001124,OWNS_ACCOUNT,SYNTHETIC_CORE_BANKING
C000877,A0001125,OWNS_ACCOUNT,SYNTHETIC_CORE_BANKING
C001131,A0001126,OWNS_ACCOUNT,SYNTHETIC_CORE_BANKING
C001758,A0001127,OWNS_ACCOUNT,SYNTHETIC_CORE_BANKING
C001360,A0001128,OWNS_ACCOUNT,SYNTHETIC_CORE_BANKING
C001038,A0001129,OWNS_ACCOUNT,SYNTHETIC_CORE_BANKING
C000527,A0001130,OWNS_ACCOUNT,SYNTHETIC_CORE_BANKING
C000881,A0001131,OWNS_ACCOUNT,SYNTHETIC_CORE_BANKING
C001083,A0001132,OWNS_ACCOUNT,SYNTHETIC_CORE_BANKING
C001330,A0001133,OWNS_ACCOUNT,SYNTHETIC_CORE_BANKING
C001676,A0001134,OWNS_ACCOUNT,SYNTHETIC_CORE_BANKING
C000900,A0001135,OWNS_ACCOUNT,SYNTHETIC_CORE_BANKING
C001200,A0001136,OWNS_ACCOUNT,SYNTHETIC_CORE_BANKING
C001424,A0001137,OWNS_ACCOUNT,SYNTHETIC_CORE_BANKING
C001448,A0001138,OWNS_ACCOUNT,SYNTHETIC_CORE_BANKING
C001313,A0001139,OWNS_ACCOUNT,SYNTHETIC_CORE_BANKING
C000594,A0001140,OWNS_ACCOUNT,SYNTHETIC_CORE_BANKING
C001744,A0001141,OWNS_ACCOUNT,SYNTHETIC_CORE_BANKING
C000693,A0001142,OWNS_ACCOUNT,SYNTHETIC_CORE_BANKING
C001192,A0001143,OWNS_ACCOUNT,SYNTHETIC_CORE_BANKING
C000489,A0001144,OWNS_ACCOUNT,SYNTHETIC_CORE_BANKING
C001190,A0001145,OWNS_ACCOUNT,SYNTHETIC_CORE_BANKING
C001497,A0001146,OWNS_ACCOUNT,SYNTHETIC_CORE_BANKING
C001638,A0001147,OWNS_ACCOUNT,SYNTHETIC_CORE_BANKING
C000002,A0001148,OWNS_ACCOUNT,SYNTHETIC_CORE_BANKING
C001043,A0001149,OWNS_ACCOUNT,SYNTHETIC_CORE_BANKING
C001280,A0001150,OWNS_ACCOUNT,SYNTHETIC_CORE_BANKING
C001617,A0001151,OWNS_ACCOUNT,SYNTHETIC_CORE_BANKING
C001381,A0001152,OWNS_ACCOUNT,SYNTHETIC_CORE_BANKING
C000075,A0001153,OWNS_ACCOUNT,SYNTHETIC_CORE_BANKING
C000293,A0001154,OWNS_ACCOUNT,SYNTHETIC_CORE_BANKING
C001604,A0001155,OWNS_ACCOUNT,SYNTHETIC_CORE_BANKING
C001272,A0001156,OWNS_ACCOUNT,SYNTHETIC_CORE_BANKING
C000237,A0001157,OWNS_ACCOUNT,SYNTHETIC_CORE_BANKING
C000762,A0001158,OWNS_ACCOUNT,SYNTHETIC_CORE_BANKING
C001265,A0001159,OWNS_ACCOUNT,SYNTHETIC_CORE_BANKING
C001358,A0001160,OWNS_ACCOUNT,SYNTHETIC_CORE_BANKING
C001160,A0001161,OWNS_ACCOUNT,SYNTHETIC_CORE_BANKING
C000503,A0001162,OWNS_ACCOUNT,SYNTHETIC_CORE_BANKING
C000105,A0001163,OWNS_ACCOUNT,SYNTHETIC_CORE_BANKING
C001612,A0001164,OWNS_ACCOUNT,SYNTHETIC_CORE_BANKING
C000906,A0001165,OWNS_ACCOUNT,SYNTHETIC_CORE_BANKING
C000662,A0001166,OWNS_ACCOUNT,SYNTHETIC_CORE_BANKING
C001712,A0001167,OWNS_ACCOUNT,SYNTHETIC_CORE_BANKING
C001137,A0001168,OWNS_ACCOUNT,SYNTHETIC_CORE_BANKING
C000163,A0001169,OWNS_ACCOUNT,SYNTHETIC_CORE_BANKING
C000768,A0001170,OWNS_ACCOUNT,SYNTHETIC_CORE_BANKING
C000564,A0001171,OWNS_ACCOUNT,SYNTHETIC_CORE_BANKING
C001794,A0001172,OWNS_ACCOUNT,SYNTHETIC_CORE_BANKING
C000717,A0001173,OWNS_ACCOUNT,SYNTHETIC_CORE_BANKING
C000597,A0001174,OWNS_ACCOUNT,SYNTHETIC_CORE_BANKING
C000476,A0001175,OWNS_ACCOUNT,SYNTHETIC_CORE_BANKING
C000778,A0001176,OWNS_ACCOUNT,SYNTHETIC_CORE_BANKING
C001153,A0001177,OWNS_ACCOUNT,SYNTHETIC_CORE_BANKING
C000229,A0001178,OWNS_ACCOUNT,SYNTHETIC_CORE_BANKING
C001764,A0001179,OWNS_ACCOUNT,SYNTHETIC_CORE_BANKING
C000373,A0001180,OWNS_ACCOUNT,SYNTHETIC_CORE_BANKING
C001636,A0001181,OWNS_ACCOUNT,SYNTHETIC_CORE_BANKING
C001150,A0001182,OWNS_ACCOUNT,SYNTHETIC_CORE_BANKING
C001690,A0001183,OWNS_ACCOUNT,SYNTHETIC_CORE_BANKING
C000713,A0001184,OWNS_ACCOUNT,SYNTHETIC_CORE_BANKING
C001076,A0001185,OWNS_ACCOUNT,SYNTHETIC_CORE_BANKING
C000162,A0001186,OWNS_ACCOUNT,SYNTHETIC_CORE_BANKING
C001795,A0001187,OWNS_ACCOUNT,SYNTHETIC_CORE_BANKING
C000123,A0001188,OWNS_ACCOUNT,SYNTHETIC_CORE_BANKING
C001488,A0001189,OWNS_ACCOUNT,SYNTHETIC_CORE_BANKING
C001759,A0001190,OWNS_ACCOUNT,SYNTHETIC_CORE_BANKING
C000247,A0001191,OWNS_ACCOUNT,SYNTHETIC_CORE_BANKING
C000387,A0001192,OWNS_ACCOUNT,SYNTHETIC_CORE_BANKING
C000145,A0001193,OWNS_ACCOUNT,SYNTHETIC_CORE_BANKING
C001622,A0001194,OWNS_ACCOUNT,SYNTHETIC_CORE_BANKING
C000461,A0001195,OWNS_ACCOUNT,SYNTHETIC_CORE_BANKING
C000305,A0001196,OWNS_ACCOUNT,SYNTHETIC_CORE_BANKING
C000974,A0001197,OWNS_ACCOUNT,SYNTHETIC_CORE_BANKING
C001760,A0001198,OWNS_ACCOUNT,SYNTHETIC_CORE_BANKING
C001541,A0001199,OWNS_ACCOUNT,SYNTHETIC_CORE_BANKING
C001025,A0001200,OWNS_ACCOUNT,SYNTHETIC_CORE_BANKING
C000660,A0001201,OWNS_ACCOUNT,SYNTHETIC_CORE_BANKING
C001269,A0001202,OWNS_ACCOUNT,SYNTHETIC_CORE_BANKING
C001753,A0001203,OWNS_ACCOUNT,SYNTHETIC_CORE_BANKING
C000803,A0001204,OWNS_ACCOUNT,SYNTHETIC_CORE_BANKING
C000942,A0001205,OWNS_ACCOUNT,SYNTHETIC_CORE_BANKING
C001756,A0001206,OWNS_ACCOUNT,SYNTHETIC_CORE_BANKING
C001159,A0001207,OWNS_ACCOUNT,SYNTHETIC_CORE_BANKING
C001248,A0001208,OWNS_ACCOUNT,SYNTHETIC_CORE_BANKING
C000335,A0001209,OWNS_ACCOUNT,SYNTHETIC_CORE_BANKING
C000076,A0001210,OWNS_ACCOUNT,SYNTHETIC_CORE_BANKING
C000528,A0001211,OWNS_ACCOUNT,SYNTHETIC_CORE_BANKING
C000110,A0001212,OWNS_ACCOUNT,SYNTHETIC_CORE_BANKING
C000999,A0001213,OWNS_ACCOUNT,SYNTHETIC_CORE_BANKING
C001136,A0001214,OWNS_ACCOUNT,SYNTHETIC_CORE_BANKING
C000566,A0001215,OWNS_ACCOUNT,SYNTHETIC_CORE_BANKING
C000654,A0001216,OWNS_ACCOUNT,SYNTHETIC_CORE_BANKING
C001198,A0001217,OWNS_ACCOUNT,SYNTHETIC_CORE_BANKING
C000065,A0001218,OWNS_ACCOUNT,SYNTHETIC_CORE_BANKING
C001063,A0001219,OWNS_ACCOUNT,SYNTHETIC_CORE_BANKING
C000214,A0001220,OWNS_ACCOUNT,SYNTHETIC_CORE_BANKING
C001243,A0001221,OWNS_ACCOUNT,SYNTHETIC_CORE_BANKING
C000701,A0001222,OWNS_ACCOUNT,SYNTHETIC_CORE_BANKING
C001776,A0001223,OWNS_ACCOUNT,SYNTHETIC_CORE_BANKING
C001543,A0001224,OWNS_ACCOUNT,SYNTHETIC_CORE_BANKING
C000350,A0001225,OWNS_ACCOUNT,SYNTHETIC_CORE_BANKING
C000557,A0001226,OWNS_ACCOUNT,SYNTHETIC_CORE_BANKING
C000014,A0001227,OWNS_ACCOUNT,SYNTHETIC_CORE_BANKING
C001095,A0001228,OWNS_ACCOUNT,SYNTHETIC_CORE_BANKING
C001250,A0001229,OWNS_ACCOUNT,SYNTHETIC_CORE_BANKING
C001003,A0001230,OWNS_ACCOUNT,SYNTHETIC_CORE_BANKING
C000481,A0001231,OWNS_ACCOUNT,SYNTHETIC_CORE_BANKING
C001235,A0001232,OWNS_ACCOUNT,SYNTHETIC_CORE_BANKING
C000850,A0001233,OWNS_ACCOUNT,SYNTHETIC_CORE_BANKING
C001481,A0001234,OWNS_ACCOUNT,SYNTHETIC_CORE_BANKING
C000020,A0001235,OWNS_ACCOUNT,SYNTHETIC_CORE_BANKING
C000016,A0001236,OWNS_ACCOUNT,SYNTHETIC_CORE_BANKING
C000973,A0001237,OWNS_ACCOUNT,SYNTHETIC_CORE_BANKING
C000458,A0001238,OWNS_ACCOUNT,SYNTHETIC_CORE_BANKING
C001044,A0001239,OWNS_ACCOUNT,SYNTHETIC_CORE_BANKING
C000853,A0001240,OWNS_ACCOUNT,SYNTHETIC_CORE_BANKING
C000696,A0001241,OWNS_ACCOUNT,SYNTHETIC_CORE_BANKING
C000847,A0001242,OWNS_ACCOUNT,SYNTHETIC_CORE_BANKING
C000749,A0001243,OWNS_ACCOUNT,SYNTHETIC_CORE_BANKING
C000665,A0001244,OWNS_ACCOUNT,SYNTHETIC_CORE_BANKING
C001643,A0001245,OWNS_ACCOUNT,SYNTHETIC_CORE_BANKING
C000003,A0001246,OWNS_ACCOUNT,SYNTHETIC_CORE_BANKING
C000246,A0001247,OWNS_ACCOUNT,SYNTHETIC_CORE_BANKING
C000958,A0001248,OWNS_ACCOUNT,SYNTHETIC_CORE_BANKING
C000826,A0001249,OWNS_ACCOUNT,SYNTHETIC_CORE_BANKING
C000460,A0001250,OWNS_ACCOUNT,SYNTHETIC_CORE_BANKING
C000488,A0001251,OWNS_ACCOUNT,SYNTHETIC_CORE_BANKING
C000271,A0001252,OWNS_ACCOUNT,SYNTHETIC_CORE_BANKING
C001300,A0001253,OWNS_ACCOUNT,SYNTHETIC_CORE_BANKING
C001299,A0001254,OWNS_ACCOUNT,SYNTHETIC_CORE_BANKING
C000618,A0001255,OWNS_ACCOUNT,SYNTHETIC_CORE_BANKING
C001079,A0001256,OWNS_ACCOUNT,SYNTHETIC_CORE_BANKING
C000521,A0001257,OWNS_ACCOUNT,SYNTHETIC_CORE_BANKING
C000227,A0001258,OWNS_ACCOUNT,SYNTHETIC_CORE_BANKING
C001556,A0001259,OWNS_ACCOUNT,SYNTHETIC_CORE_BANKING
C000365,A0001260,OWNS_ACCOUNT,SYNTHETIC_CORE_BANKING
C001439,A0001261,OWNS_ACCOUNT,SYNTHETIC_CORE_BANKING
C001172,A0001262,OWNS_ACCOUNT,SYNTHETIC_CORE_BANKING
C000931,A0001263,OWNS_ACCOUNT,SYNTHETIC_CORE_BANKING
C001210,A0001264,OWNS_ACCOUNT,SYNTHETIC_CORE_BANKING
C000360,A0001265,OWNS_ACCOUNT,SYNTHETIC_CORE_BANKING
C000416,A0001266,OWNS_ACCOUNT,SYNTHETIC_CORE_BANKING
C000384,A0001267,OWNS_ACCOUNT,SYNTHETIC_CORE_BANKING
C000744,A0001268,OWNS_ACCOUNT,SYNTHETIC_CORE_BANKING
C001491,A0001269,OWNS_ACCOUNT,SYNTHETIC_CORE_BANKING
C001596,A0001270,OWNS_ACCOUNT,SYNTHETIC_CORE_BANKING
C001509,A0001271,OWNS_ACCOUNT,SYNTHETIC_CORE_BANKING
C001122,A0001272,OWNS_ACCOUNT,SYNTHETIC_CORE_BANKING
C001468,A0001273,OWNS_ACCOUNT,SYNTHETIC_CORE_BANKING
C000563,A0001274,OWNS_ACCOUNT,SYNTHETIC_CORE_BANKING
C000784,A0001275,OWNS_ACCOUNT,SYNTHETIC_CORE_BANKING
C001374,A0001276,OWNS_ACCOUNT,SYNTHETIC_CORE_BANKING
C000934,A0001277,OWNS_ACCOUNT,SYNTHETIC_CORE_BANKING
C000844,A0001278,OWNS_ACCOUNT,SYNTHETIC_CORE_BANKING
C000950,A0001279,OWNS_ACCOUNT,SYNTHETIC_CORE_BANKING
C001015,A0001280,OWNS_ACCOUNT,SYNTHETIC_CORE_BANKING
C000957,A0001281,OWNS_ACCOUNT,SYNTHETIC_CORE_BANKING
C000732,A0001282,OWNS_ACCOUNT,SYNTHETIC_CORE_BANKING
C000289,A0001283,OWNS_ACCOUNT,SYNTHETIC_CORE_BANKING
C000191,A0001284,OWNS_ACCOUNT,SYNTHETIC_CORE_BANKING
C001704,A0001285,OWNS_ACCOUNT,SYNTHETIC_CORE_BANKING
C000805,A0001286,OWNS_ACCOUNT,SYNTHETIC_CORE_BANKING
C001498,A0001287,OWNS_ACCOUNT,SYNTHETIC_CORE_BANKING
C000306,A0001288,OWNS_ACCOUNT,SYNTHETIC_CORE_BANKING
C001034,A0001289,OWNS_ACCOUNT,SYNTHETIC_CORE_BANKING
C000815,A0001290,OWNS_ACCOUNT,SYNTHETIC_CORE_BANKING
C000299,A0001291,OWNS_ACCOUNT,SYNTHETIC_CORE_BANKING
C000052,A0001292,OWNS_ACCOUNT,SYNTHETIC_CORE_BANKING
C000287,A0001293,OWNS_ACCOUNT,SYNTHETIC_CORE_BANKING
C001222,A0001294,OWNS_ACCOUNT,SYNTHETIC_CORE_BANKING
C000450,A0001295,OWNS_ACCOUNT,SYNTHETIC_CORE_BANKING
C001238,A0001296,OWNS_ACCOUNT,SYNTHETIC_CORE_BANKING
C000089,A0001297,OWNS_ACCOUNT,SYNTHETIC_CORE_BANKING
C001531,A0001298,OWNS_ACCOUNT,SYNTHETIC_CORE_BANKING
C000190,A0001299,OWNS_ACCOUNT,SYNTHETIC_CORE_BANKING
C001722,A0001300,OWNS_ACCOUNT,SYNTHETIC_CORE_BANKING
C000587,A0001301,OWNS_ACCOUNT,SYNTHETIC_CORE_BANKING
C000388,A0001302,OWNS_ACCOUNT,SYNTHETIC_CORE_BANKING
C001119,A0001303,OWNS_ACCOUNT,SYNTHETIC_CORE_BANKING
C000465,A0001304,OWNS_ACCOUNT,SYNTHETIC_CORE_BANKING
C000711,A0001305,OWNS_ACCOUNT,SYNTHETIC_CORE_BANKING
C000015,A0001306,OWNS_ACCOUNT,SYNTHETIC_CORE_BANKING
C000067,A0001307,OWNS_ACCOUNT,SYNTHETIC_CORE_BANKING
C000677,A0001308,OWNS_ACCOUNT,SYNTHETIC_CORE_BANKING
C000442,A0001309,OWNS_ACCOUNT,SYNTHETIC_CORE_BANKING
C001139,A0001310,OWNS_ACCOUNT,SYNTHETIC_CORE_BANKING
C001368,A0001311,OWNS_ACCOUNT,SYNTHETIC_CORE_BANKING
C000291,A0001312,OWNS_ACCOUNT,SYNTHETIC_CORE_BANKING
C000410,A0001313,OWNS_ACCOUNT,SYNTHETIC_CORE_BANKING
C000628,A0001314,OWNS_ACCOUNT,SYNTHETIC_CORE_BANKING
C000082,A0001315,OWNS_ACCOUNT,SYNTHETIC_CORE_BANKING
C000531,A0001316,OWNS_ACCOUNT,SYNTHETIC_CORE_BANKING
C000685,A0001317,OWNS_ACCOUNT,SYNTHETIC_CORE_BANKING
C000745,A0001318,OWNS_ACCOUNT,SYNTHETIC_CORE_BANKING
C001423,A0001319,OWNS_ACCOUNT,SYNTHETIC_CORE_BANKING
C001100,A0001320,OWNS_ACCOUNT,SYNTHETIC_CORE_BANKING
C000401,A0001321,OWNS_ACCOUNT,SYNTHETIC_CORE_BANKING
C000066,A0001322,OWNS_ACCOUNT,SYNTHETIC_CORE_BANKING
C001312,A0001323,OWNS_ACCOUNT,SYNTHETIC_CORE_BANKING
C001283,A0001324,OWNS_ACCOUNT,SYNTHETIC_CORE_BANKING
C000402,A0001325,OWNS_ACCOUNT,SYNTHETIC_CORE_BANKING
C001226,A0001326,OWNS_ACCOUNT,SYNTHETIC_CORE_BANKING
C000629,A0001327,OWNS_ACCOUNT,SYNTHETIC_CORE_BANKING
C001158,A0001328,OWNS_ACCOUNT,SYNTHETIC_CORE_BANKING
C001661,A0001329,OWNS_ACCOUNT,SYNTHETIC_CORE_BANKING
C001030,A0001330,OWNS_ACCOUNT,SYNTHETIC_CORE_BANKING
C000633,A0001331,OWNS_ACCOUNT,SYNTHETIC_CORE_BANKING
C001400,A0001332,OWNS_ACCOUNT,SYNTHETIC_CORE_BANKING
C000963,A0001333,OWNS_ACCOUNT,SYNTHETIC_CORE_BANKING
C000378,A0001334,OWNS_ACCOUNT,SYNTHETIC_CORE_BANKING
C000432,A0001335,OWNS_ACCOUNT,SYNTHETIC_CORE_BANKING
C001227,A0001336,OWNS_ACCOUNT,SYNTHETIC_CORE_BANKING
C000022,A0001337,OWNS_ACCOUNT,SYNTHETIC_CORE_BANKING
C001662,A0001338,OWNS_ACCOUNT,SYNTHETIC_CORE_BANKING
C000857,A0001339,OWNS_ACCOUNT,SYNTHETIC_CORE_BANKING
C001145,A0001340,OWNS_ACCOUNT,SYNTHETIC_CORE_BANKING
C001309,A0001341,OWNS_ACCOUNT,SYNTHETIC_CORE_BANKING
C001506,A0001342,OWNS_ACCOUNT,SYNTHETIC_CORE_BANKING
C001707,A0001343,OWNS_ACCOUNT,SYNTHETIC_CORE_BANKING
C001416,A0001344,OWNS_ACCOUNT,SYNTHETIC_CORE_BANKING
C000883,A0001345,OWNS_ACCOUNT,SYNTHETIC_CORE_BANKING
C001547,A0001346,OWNS_ACCOUNT,SYNTHETIC_CORE_BANKING
C001095,A0001347,OWNS_ACCOUNT,SYNTHETIC_CORE_BANKING
C000924,A0001348,OWNS_ACCOUNT,SYNTHETIC_CORE_BANKING
C000046,A0001349,OWNS_ACCOUNT,SYNTHETIC_CORE_BANKING
C001039,A0001350,OWNS_ACCOUNT,SYNTHETIC_CORE_BANKING
C000675,A0001351,OWNS_ACCOUNT,SYNTHETIC_CORE_BANKING
C001013,A0001352,OWNS_ACCOUNT,SYNTHETIC_CORE_BANKING
C001718,A0001353,OWNS_ACCOUNT,SYNTHETIC_CORE_BANKING
C000184,A0001354,OWNS_ACCOUNT,SYNTHETIC_CORE_BANKING
C000242,A0001355,OWNS_ACCOUNT,SYNTHETIC_CORE_BANKING
C001547,A0001356,OWNS_ACCOUNT,SYNTHETIC_CORE_BANKING
C001421,A0001357,OWNS_ACCOUNT,SYNTHETIC_CORE_BANKING
C001029,A0001358,OWNS_ACCOUNT,SYNTHETIC_CORE_BANKING
C001653,A0001359,OWNS_ACCOUNT,SYNTHETIC_CORE_BANKING
C000814,A0001360,OWNS_ACCOUNT,SYNTHETIC_CORE_BANKING
C001333,A0001361,OWNS_ACCOUNT,SYNTHETIC_CORE_BANKING
C001363,A0001362,OWNS_ACCOUNT,SYNTHETIC_CORE_BANKING
C001800,A0001363,OWNS_ACCOUNT,SYNTHETIC_CORE_BANKING
C001797,A0001364,OWNS_ACCOUNT,SYNTHETIC_CORE_BANKING
C001644,A0001365,OWNS_ACCOUNT,SYNTHETIC_CORE_BANKING
C000113,A0001366,OWNS_ACCOUNT,SYNTHETIC_CORE_BANKING
C000970,A0001367,OWNS_ACCOUNT,SYNTHETIC_CORE_BANKING
C000753,A0001368,OWNS_ACCOUNT,SYNTHETIC_CORE_BANKING
C000986,A0001369,OWNS_ACCOUNT,SYNTHETIC_CORE_BANKING
C000192,A0001370,OWNS_ACCOUNT,SYNTHETIC_CORE_BANKING
C001424,A0001371,OWNS_ACCOUNT,SYNTHETIC_CORE_BANKING
C001503,A0001372,OWNS_ACCOUNT,SYNTHETIC_CORE_BANKING
C001170,A0001373,OWNS_ACCOUNT,SYNTHETIC_CORE_BANKING
C000187,A0001374,OWNS_ACCOUNT,SYNTHETIC_CORE_BANKING
C000708,A0001375,OWNS_ACCOUNT,SYNTHETIC_CORE_BANKING
C001046,A0001376,OWNS_ACCOUNT,SYNTHETIC_CORE_BANKING
C000104,A0001377,OWNS_ACCOUNT,SYNTHETIC_CORE_BANKING
C000419,A0001378,OWNS_ACCOUNT,SYNTHETIC_CORE_BANKING
C000710,A0001379,OWNS_ACCOUNT,SYNTHETIC_CORE_BANKING
C000232,A0001380,OWNS_ACCOUNT,SYNTHETIC_CORE_BANKING
C001602,A0001381,OWNS_ACCOUNT,SYNTHETIC_CORE_BANKING
C001362,A0001382,OWNS_ACCOUNT,SYNTHETIC_CORE_BANKING
C000072,A0001383,OWNS_ACCOUNT,SYNTHETIC_CORE_BANKING
C001208,A0001384,OWNS_ACCOUNT,SYNTHETIC_CORE_BANKING
C000954,A0001385,OWNS_ACCOUNT,SYNTHETIC_CORE_BANKING
C000078,A0001386,OWNS_ACCOUNT,SYNTHETIC_CORE_BANKING
C001023,A0001387,OWNS_ACCOUNT,SYNTHETIC_CORE_BANKING
C000453,A0001388,OWNS_ACCOUNT,SYNTHETIC_CORE_BANKING
C000181,A0001389,OWNS_ACCOUNT,SYNTHETIC_CORE_BANKING
C001496,A0001390,OWNS_ACCOUNT,SYNTHETIC_CORE_BANKING
C000205,A0001391,OWNS_ACCOUNT,SYNTHETIC_CORE_BANKING
C000848,A0001392,OWNS_ACCOUNT,SYNTHETIC_CORE_BANKING
C001601,A0001393,OWNS_ACCOUNT,SYNTHETIC_CORE_BANKING
C000825,A0001394,OWNS_ACCOUNT,SYNTHETIC_CORE_BANKING
C001619,A0001395,OWNS_ACCOUNT,SYNTHETIC_CORE_BANKING
C001708,A0001396,OWNS_ACCOUNT,SYNTHETIC_CORE_BANKING
C001350,A0001397,OWNS_ACCOUNT,SYNTHETIC_CORE_BANKING
C001371,A0001398,OWNS_ACCOUNT,SYNTHETIC_CORE_BANKING
C000337,A0001399,OWNS_ACCOUNT,SYNTHETIC_CORE_BANKING
C000635,A0001400,OWNS_ACCOUNT,SYNTHETIC_CORE_BANKING
C001522,A0001401,OWNS_ACCOUNT,SYNTHETIC_CORE_BANKING
C001440,A0001402,OWNS_ACCOUNT,SYNTHETIC_CORE_BANKING
C001492,A0001403,OWNS_ACCOUNT,SYNTHETIC_CORE_BANKING
C000860,A0001404,OWNS_ACCOUNT,SYNTHETIC_CORE_BANKING
C001762,A0001405,OWNS_ACCOUNT,SYNTHETIC_CORE_BANKING
C000995,A0001406,OWNS_ACCOUNT,SYNTHETIC_CORE_BANKING
C001452,A0001407,OWNS_ACCOUNT,SYNTHETIC_CORE_BANKING
C000320,A0001408,OWNS_ACCOUNT,SYNTHETIC_CORE_BANKING
C000317,A0001409,OWNS_ACCOUNT,SYNTHETIC_CORE_BANKING
C000244,A0001410,OWNS_ACCOUNT,SYNTHETIC_CORE_BANKING
C000467,A0001411,OWNS_ACCOUNT,SYNTHETIC_CORE_BANKING
C001420,A0001412,OWNS_ACCOUNT,SYNTHETIC_CORE_BANKING
C000144,A0001413,OWNS_ACCOUNT,SYNTHETIC_CORE_BANKING
C000929,A0001414,OWNS_ACCOUNT,SYNTHETIC_CORE_BANKING
C000352,A0001415,OWNS_ACCOUNT,SYNTHETIC_CORE_BANKING
C000440,A0001416,OWNS_ACCOUNT,SYNTHETIC_CORE_BANKING
C000549,A0001417,OWNS_ACCOUNT,SYNTHETIC_CORE_BANKING
C001290,A0001418,OWNS_ACCOUNT,SYNTHETIC_CORE_BANKING
C001780,A0001419,OWNS_ACCOUNT,SYNTHETIC_CORE_BANKING
C000684,A0001420,OWNS_ACCOUNT,SYNTHETIC_CORE_BANKING
C000651,A0001421,OWNS_ACCOUNT,SYNTHETIC_CORE_BANKING
C001010,A0001422,OWNS_ACCOUNT,SYNTHETIC_CORE_BANKING
C000371,A0001423,OWNS_ACCOUNT,SYNTHETIC_CORE_BANKING
C000536,A0001424,OWNS_ACCOUNT,SYNTHETIC_CORE_BANKING
C000751,A0001425,OWNS_ACCOUNT,SYNTHETIC_CORE_BANKING
C001253,A0001426,OWNS_ACCOUNT,SYNTHETIC_CORE_BANKING
C001618,A0001427,OWNS_ACCOUNT,SYNTHETIC_CORE_BANKING
C000210,A0001428,OWNS_ACCOUNT,SYNTHETIC_CORE_BANKING
C001768,A0001429,OWNS_ACCOUNT,SYNTHETIC_CORE_BANKING
C001695,A0001430,OWNS_ACCOUNT,SYNTHETIC_CORE_BANKING
C001745,A0001431,OWNS_ACCOUNT,SYNTHETIC_CORE_BANKING
C001785,A0001432,OWNS_ACCOUNT,SYNTHETIC_CORE_BANKING
C001550,A0001433,OWNS_ACCOUNT,SYNTHETIC_CORE_BANKING
C001017,A0001434,OWNS_ACCOUNT,SYNTHETIC_CORE_BANKING
C000118,A0001435,OWNS_ACCOUNT,SYNTHETIC_CORE_BANKING
C000309,A0001436,OWNS_ACCOUNT,SYNTHETIC_CORE_BANKING
C001115,A0001437,OWNS_ACCOUNT,SYNTHETIC_CORE_BANKING
C000285,A0001438,OWNS_ACCOUNT,SYNTHETIC_CORE_BANKING
C001592,A0001439,OWNS_ACCOUNT,SYNTHETIC_CORE_BANKING
C001055,A0001440,OWNS_ACCOUNT,SYNTHETIC_CORE_BANKING
C000112,A0001441,OWNS_ACCOUNT,SYNTHETIC_CORE_BANKING
C001397,A0001442,OWNS_ACCOUNT,SYNTHETIC_CORE_BANKING
C001596,A0001443,OWNS_ACCOUNT,SYNTHETIC_CORE_BANKING
C000781,A0001444,OWNS_ACCOUNT,SYNTHETIC_CORE_BANKING
C001217,A0001445,OWNS_ACCOUNT,SYNTHETIC_CORE_BANKING
C001694,A0001446,OWNS_ACCOUNT,SYNTHETIC_CORE_BANKING
C001610,A0001447,OWNS_ACCOUNT,SYNTHETIC_CORE_BANKING
C000990,A0001448,OWNS_ACCOUNT,SYNTHETIC_CORE_BANKING
C000182,A0001449,OWNS_ACCOUNT,SYNTHETIC_CORE_BANKING
C001426,A0001450,OWNS_ACCOUNT,SYNTHETIC_CORE_BANKING
C001609,A0001451,OWNS_ACCOUNT,SYNTHETIC_CORE_BANKING
C000945,A0001452,OWNS_ACCOUNT,SYNTHETIC_CORE_BANKING
C000243,A0001453,OWNS_ACCOUNT,SYNTHETIC_CORE_BANKING
C001352,A0001454,OWNS_ACCOUNT,SYNTHETIC_CORE_BANKING
C001781,A0001455,OWNS_ACCOUNT,SYNTHETIC_CORE_BANKING
C000057,A0001456,OWNS_ACCOUNT,SYNTHETIC_CORE_BANKING
C000206,A0001457,OWNS_ACCOUNT,SYNTHETIC_CORE_BANKING
C001428,A0001458,OWNS_ACCOUNT,SYNTHETIC_CORE_BANKING
C001520,A0001459,OWNS_ACCOUNT,SYNTHETIC_CORE_BANKING
C000166,A0001460,OWNS_ACCOUNT,SYNTHETIC_CORE_BANKING
C000077,A0001461,OWNS_ACCOUNT,SYNTHETIC_CORE_BANKING
C000088,A0001462,OWNS_ACCOUNT,SYNTHETIC_CORE_BANKING
C000047,A0001463,OWNS_ACCOUNT,SYNTHETIC_CORE_BANKING
C001670,A0001464,OWNS_ACCOUNT,SYNTHETIC_CORE_BANKING
C001574,A0001465,OWNS_ACCOUNT,SYNTHETIC_CORE_BANKING
C001348,A0001466,OWNS_ACCOUNT,SYNTHETIC_CORE_BANKING
C001158,A0001467,OWNS_ACCOUNT,SYNTHETIC_CORE_BANKING
C001754,A0001468,OWNS_ACCOUNT,SYNTHETIC_CORE_BANKING
C001007,A0001469,OWNS_ACCOUNT,SYNTHETIC_CORE_BANKING
C001084,A0001470,OWNS_ACCOUNT,SYNTHETIC_CORE_BANKING
C001677,A0001471,OWNS_ACCOUNT,SYNTHETIC_CORE_BANKING
C001651,A0001472,OWNS_ACCOUNT,SYNTHETIC_CORE_BANKING
C001465,A0001473,OWNS_ACCOUNT,SYNTHETIC_CORE_BANKING
C001516,A0001474,OWNS_ACCOUNT,SYNTHETIC_CORE_BANKING
C000563,A0001475,OWNS_ACCOUNT,SYNTHETIC_CORE_BANKING
C000709,A0001476,OWNS_ACCOUNT,SYNTHETIC_CORE_BANKING
C000215,A0001477,OWNS_ACCOUNT,SYNTHETIC_CORE_BANKING
C000856,A0001478,OWNS_ACCOUNT,SYNTHETIC_CORE_BANKING
C000915,A0001479,OWNS_ACCOUNT,SYNTHETIC_CORE_BANKING
C000344,A0001480,OWNS_ACCOUNT,SYNTHETIC_CORE_BANKING
C000208,A0001481,OWNS_ACCOUNT,SYNTHETIC_CORE_BANKING
C001111,A0001482,OWNS_ACCOUNT,SYNTHETIC_CORE_BANKING
C001042,A0001483,OWNS_ACCOUNT,SYNTHETIC_CORE_BANKING
C001406,A0001484,OWNS_ACCOUNT,SYNTHETIC_CORE_BANKING
C001616,A0001485,OWNS_ACCOUNT,SYNTHETIC_CORE_BANKING
C000935,A0001486,OWNS_ACCOUNT,SYNTHETIC_CORE_BANKING
C001176,A0001487,OWNS_ACCOUNT,SYNTHETIC_CORE_BANKING
C001599,A0001488,OWNS_ACCOUNT,SYNTHETIC_CORE_BANKING
C000175,A0001489,OWNS_ACCOUNT,SYNTHETIC_CORE_BANKING
C001164,A0001490,OWNS_ACCOUNT,SYNTHETIC_CORE_BANKING
C000624,A0001491,OWNS_ACCOUNT,SYNTHETIC_CORE_BANKING
C001052,A0001492,OWNS_ACCOUNT,SYNTHETIC_CORE_BANKING
C000794,A0001493,OWNS_ACCOUNT,SYNTHETIC_CORE_BANKING
C001453,A0001494,OWNS_ACCOUNT,SYNTHETIC_CORE_BANKING
C000214,A0001495,OWNS_ACCOUNT,SYNTHETIC_CORE_BANKING
C000156,A0001496,OWNS_ACCOUNT,SYNTHETIC_CORE_BANKING
C001438,A0001497,OWNS_ACCOUNT,SYNTHETIC_CORE_BANKING
C000551,A0001498,OWNS_ACCOUNT,SYNTHETIC_CORE_BANKING
C001208,A0001499,OWNS_ACCOUNT,SYNTHETIC_CORE_BANKING
C000070,A0001500,OWNS_ACCOUNT,SYNTHETIC_CORE_BANKING
C001763,A0001501,OWNS_ACCOUNT,SYNTHETIC_CORE_BANKING
C001721,A0001502,OWNS_ACCOUNT,SYNTHETIC_CORE_BANKING
C001685,A0001503,OWNS_ACCOUNT,SYNTHETIC_CORE_BANKING
C001191,A0001504,OWNS_ACCOUNT,SYNTHETIC_CORE_BANKING
C001101,A0001505,OWNS_ACCOUNT,SYNTHETIC_CORE_BANKING
C000225,A0001506,OWNS_ACCOUNT,SYNTHETIC_CORE_BANKING
C001644,A0001507,OWNS_ACCOUNT,SYNTHETIC_CORE_BANKING
C000872,A0001508,OWNS_ACCOUNT,SYNTHETIC_CORE_BANKING
C000201,A0001509,OWNS_ACCOUNT,SYNTHETIC_CORE_BANKING
C000816,A0001510,OWNS_ACCOUNT,SYNTHETIC_CORE_BANKING
C000334,A0001511,OWNS_ACCOUNT,SYNTHETIC_CORE_BANKING
C001677,A0001512,OWNS_ACCOUNT,SYNTHETIC_CORE_BANKING
C000565,A0001513,OWNS_ACCOUNT,SYNTHETIC_CORE_BANKING
C001037,A0001514,OWNS_ACCOUNT,SYNTHETIC_CORE_BANKING
C000314,A0001515,OWNS_ACCOUNT,SYNTHETIC_CORE_BANKING
C000830,A0001516,OWNS_ACCOUNT,SYNTHETIC_CORE_BANKING
C001181,A0001517,OWNS_ACCOUNT,SYNTHETIC_CORE_BANKING
C001337,A0001518,OWNS_ACCOUNT,SYNTHETIC_CORE_BANKING
C001778,A0001519,OWNS_ACCOUNT,SYNTHETIC_CORE_BANKING
C001620,A0001520,OWNS_ACCOUNT,SYNTHETIC_CORE_BANKING
C000966,A0001521,OWNS_ACCOUNT,SYNTHETIC_CORE_BANKING
C001117,A0001522,OWNS_ACCOUNT,SYNTHETIC_CORE_BANKING
C001665,A0001523,OWNS_ACCOUNT,SYNTHETIC_CORE_BANKING
C001138,A0001524,OWNS_ACCOUNT,SYNTHETIC_CORE_BANKING
C000153,A0001525,OWNS_ACCOUNT,SYNTHETIC_CORE_BANKING
C001731,A0001526,OWNS_ACCOUNT,SYNTHETIC_CORE_BANKING
C000634,A0001527,OWNS_ACCOUNT,SYNTHETIC_CORE_BANKING
C001045,A0001528,OWNS_ACCOUNT,SYNTHETIC_CORE_BANKING
C001022,A0001529,OWNS_ACCOUNT,SYNTHETIC_CORE_BANKING
C001224,A0001530,OWNS_ACCOUNT,SYNTHETIC_CORE_BANKING
C000234,A0001531,OWNS_ACCOUNT,SYNTHETIC_CORE_BANKING
C000496,A0001532,OWNS_ACCOUNT,SYNTHETIC_CORE_BANKING
C001180,A0001533,OWNS_ACCOUNT,SYNTHETIC_CORE_BANKING
C000800,A0001534,OWNS_ACCOUNT,SYNTHETIC_CORE_BANKING
C001401,A0001535,OWNS_ACCOUNT,SYNTHETIC_CORE_BANKING
C000896,A0001536,OWNS_ACCOUNT,SYNTHETIC_CORE_BANKING
C001542,A0001537,OWNS_ACCOUNT,SYNTHETIC_CORE_BANKING
C000518,A0001538,OWNS_ACCOUNT,SYNTHETIC_CORE_BANKING
C000593,A0001539,OWNS_ACCOUNT,SYNTHETIC_CORE_BANKING
C000466,A0001540,OWNS_ACCOUNT,SYNTHETIC_CORE_BANKING
C000659,A0001541,OWNS_ACCOUNT,SYNTHETIC_CORE_BANKING
C000377,A0001542,OWNS_ACCOUNT,SYNTHETIC_CORE_BANKING
C000391,A0001543,OWNS_ACCOUNT,SYNTHETIC_CORE_BANKING
C000116,A0001544,OWNS_ACCOUNT,SYNTHETIC_CORE_BANKING
C001162,A0001545,OWNS_ACCOUNT,SYNTHETIC_CORE_BANKING
C000226,A0001546,OWNS_ACCOUNT,SYNTHETIC_CORE_BANKING
C000987,A0001547,OWNS_ACCOUNT,SYNTHETIC_CORE_BANKING
C000846,A0001548,OWNS_ACCOUNT,SYNTHETIC_CORE_BANKING
C000422,A0001549,OWNS_ACCOUNT,SYNTHETIC_CORE_BANKING
C001434,A0001550,OWNS_ACCOUNT,SYNTHETIC_CORE_BANKING
C000221,A0001551,OWNS_ACCOUNT,SYNTHETIC_CORE_BANKING
C000503,A0001552,OWNS_ACCOUNT,SYNTHETIC_CORE_BANKING
C001059,A0001553,OWNS_ACCOUNT,SYNTHETIC_CORE_BANKING
C000455,A0001554,OWNS_ACCOUNT,SYNTHETIC_CORE_BANKING
C001070,A0001555,OWNS_ACCOUNT,SYNTHETIC_CORE_BANKING
C000232,A0001556,OWNS_ACCOUNT,SYNTHETIC_CORE_BANKING
C001761,A0001557,OWNS_ACCOUNT,SYNTHETIC_CORE_BANKING
C001665,A0001558,OWNS_ACCOUNT,SYNTHETIC_CORE_BANKING
C001669,A0001559,OWNS_ACCOUNT,SYNTHETIC_CORE_BANKING
C001354,A0001560,OWNS_ACCOUNT,SYNTHETIC_CORE_BANKING
C001744,A0001561,OWNS_ACCOUNT,SYNTHETIC_CORE_BANKING
C000464,A0001562,OWNS_ACCOUNT,SYNTHETIC_CORE_BANKING
C001700,A0001563,OWNS_ACCOUNT,SYNTHETIC_CORE_BANKING
C001767,A0001564,OWNS_ACCOUNT,SYNTHETIC_CORE_BANKING
C000328,A0001565,OWNS_ACCOUNT,SYNTHETIC_CORE_BANKING
C000647,A0001566,OWNS_ACCOUNT,SYNTHETIC_CORE_BANKING
C001101,A0001567,OWNS_ACCOUNT,SYNTHETIC_CORE_BANKING
C000770,A0001568,OWNS_ACCOUNT,SYNTHETIC_CORE_BANKING
C000433,A0001569,OWNS_ACCOUNT,SYNTHETIC_CORE_BANKING
C000172,A0001570,OWNS_ACCOUNT,SYNTHETIC_CORE_BANKING
C000421,A0001571,OWNS_ACCOUNT,SYNTHETIC_CORE_BANKING
C000491,A0001572,OWNS_ACCOUNT,SYNTHETIC_CORE_BANKING
C001409,A0001573,OWNS_ACCOUNT,SYNTHETIC_CORE_BANKING
C000845,A0001574,OWNS_ACCOUNT,SYNTHETIC_CORE_BANKING
C000918,A0001575,OWNS_ACCOUNT,SYNTHETIC_CORE_BANKING
C000140,A0001576,OWNS_ACCOUNT,SYNTHETIC_CORE_BANKING
C001311,A0001577,OWNS_ACCOUNT,SYNTHETIC_CORE_BANKING
C001034,A0001578,OWNS_ACCOUNT,SYNTHETIC_CORE_BANKING
C000906,A0001579,OWNS_ACCOUNT,SYNTHETIC_CORE_BANKING
C000678,A0001580,OWNS_ACCOUNT,SYNTHETIC_CORE_BANKING
C000520,A0001581,OWNS_ACCOUNT,SYNTHETIC_CORE_BANKING
C001146,A0001582,OWNS_ACCOUNT,SYNTHETIC_CORE_BANKING
C001306,A0001583,OWNS_ACCOUNT,SYNTHETIC_CORE_BANKING
C000039,A0001584,OWNS_ACCOUNT,SYNTHETIC_CORE_BANKING
C000808,A0001585,OWNS_ACCOUNT,SYNTHETIC_CORE_BANKING
C000531,A0001586,OWNS_ACCOUNT,SYNTHETIC_CORE_BANKING
C000734,A0001587,OWNS_ACCOUNT,SYNTHETIC_CORE_BANKING
C000601,A0001588,OWNS_ACCOUNT,SYNTHETIC_CORE_BANKING
C001532,A0001589,OWNS_ACCOUNT,SYNTHETIC_CORE_BANKING
C001574,A0001590,OWNS_ACCOUNT,SYNTHETIC_CORE_BANKING
C000714,A0001591,OWNS_ACCOUNT,SYNTHETIC_CORE_BANKING
C000124,A0001592,OWNS_ACCOUNT,SYNTHETIC_CORE_BANKING
C000099,A0001593,OWNS_ACCOUNT,SYNTHETIC_CORE_BANKING
C001134,A0001594,OWNS_ACCOUNT,SYNTHETIC_CORE_BANKING
C001151,A0001595,OWNS_ACCOUNT,SYNTHETIC_CORE_BANKING
C000280,A0001596,OWNS_ACCOUNT,SYNTHETIC_CORE_BANKING
C000998,A0001597,OWNS_ACCOUNT,SYNTHETIC_CORE_BANKING
C001219,A0001598,OWNS_ACCOUNT,SYNTHETIC_CORE_BANKING
C000161,A0001599,OWNS_ACCOUNT,SYNTHETIC_CORE_BANKING
C000783,A0001600,OWNS_ACCOUNT,SYNTHETIC_CORE_BANKING
C000423,A0001601,OWNS_ACCOUNT,SYNTHETIC_CORE_BANKING
C001416,A0001602,OWNS_ACCOUNT,SYNTHETIC_CORE_BANKING
C000085,A0001603,OWNS_ACCOUNT,SYNTHETIC_CORE_BANKING
C000586,A0001604,OWNS_ACCOUNT,SYNTHETIC_CORE_BANKING
C001530,A0001605,OWNS_ACCOUNT,SYNTHETIC_CORE_BANKING
C001186,A0001606,OWNS_ACCOUNT,SYNTHETIC_CORE_BANKING
C000407,A0001607,OWNS_ACCOUNT,SYNTHETIC_CORE_BANKING
C000506,A0001608,OWNS_ACCOUNT,SYNTHETIC_CORE_BANKING
C001037,A0001609,OWNS_ACCOUNT,SYNTHETIC_CORE_BANKING
C001408,A0001610,OWNS_ACCOUNT,SYNTHETIC_CORE_BANKING
C001691,A0001611,OWNS_ACCOUNT,SYNTHETIC_CORE_BANKING
C001338,A0001612,OWNS_ACCOUNT,SYNTHETIC_CORE_BANKING
C000011,A0001613,OWNS_ACCOUNT,SYNTHETIC_CORE_BANKING
C000701,A0001614,OWNS_ACCOUNT,SYNTHETIC_CORE_BANKING
C000013,A0001615,OWNS_ACCOUNT,SYNTHETIC_CORE_BANKING
C000209,A0001616,OWNS_ACCOUNT,SYNTHETIC_CORE_BANKING
C001565,A0001617,OWNS_ACCOUNT,SYNTHETIC_CORE_BANKING
C001539,A0001618,OWNS_ACCOUNT,SYNTHETIC_CORE_BANKING
C001064,A0001619,OWNS_ACCOUNT,SYNTHETIC_CORE_BANKING
C000920,A0001620,OWNS_ACCOUNT,SYNTHETIC_CORE_BANKING
C000878,A0001621,OWNS_ACCOUNT,SYNTHETIC_CORE_BANKING
C001549,A0001622,OWNS_ACCOUNT,SYNTHETIC_CORE_BANKING
C000603,A0001623,OWNS_ACCOUNT,SYNTHETIC_CORE_BANKING
C000607,A0001624,OWNS_ACCOUNT,SYNTHETIC_CORE_BANKING
C001304,A0001625,OWNS_ACCOUNT,SYNTHETIC_CORE_BANKING
C001215,A0001626,OWNS_ACCOUNT,SYNTHETIC_CORE_BANKING
C001421,A0001627,OWNS_ACCOUNT,SYNTHETIC_CORE_BANKING
C000859,A0001628,OWNS_ACCOUNT,SYNTHETIC_CORE_BANKING
C000804,A0001629,OWNS_ACCOUNT,SYNTHETIC_CORE_BANKING
C000073,A0001630,OWNS_ACCOUNT,SYNTHETIC_CORE_BANKING
C001038,A0001631,OWNS_ACCOUNT,SYNTHETIC_CORE_BANKING
C001336,A0001632,OWNS_ACCOUNT,SYNTHETIC_CORE_BANKING
C000806,A0001633,OWNS_ACCOUNT,SYNTHETIC_CORE_BANKING
C000585,A0001634,OWNS_ACCOUNT,SYNTHETIC_CORE_BANKING
C000628,A0001635,OWNS_ACCOUNT,SYNTHETIC_CORE_BANKING
C001799,A0001636,OWNS_ACCOUNT,SYNTHETIC_CORE_BANKING
C001386,A0001637,OWNS_ACCOUNT,SYNTHETIC_CORE_BANKING
C000068,A0001638,OWNS_ACCOUNT,SYNTHETIC_CORE_BANKING
C001279,A0001639,OWNS_ACCOUNT,SYNTHETIC_CORE_BANKING
C000369,A0001640,OWNS_ACCOUNT,SYNTHETIC_CORE_BANKING
C001733,A0001641,OWNS_ACCOUNT,SYNTHETIC_CORE_BANKING
C000287,A0001642,OWNS_ACCOUNT,SYNTHETIC_CORE_BANKING
C001774,A0001643,OWNS_ACCOUNT,SYNTHETIC_CORE_BANKING
C000056,A0001644,OWNS_ACCOUNT,SYNTHETIC_CORE_BANKING
C001236,A0001645,OWNS_ACCOUNT,SYNTHETIC_CORE_BANKING
C001091,A0001646,OWNS_ACCOUNT,SYNTHETIC_CORE_BANKING
C001040,A0001647,OWNS_ACCOUNT,SYNTHETIC_CORE_BANKING
C000690,A0001648,OWNS_ACCOUNT,SYNTHETIC_CORE_BANKING
C000558,A0001649,OWNS_ACCOUNT,SYNTHETIC_CORE_BANKING
C001216,A0001650,OWNS_ACCOUNT,SYNTHETIC_CORE_BANKING
C001598,A0001651,OWNS_ACCOUNT,SYNTHETIC_CORE_BANKING
C000916,A0001652,OWNS_ACCOUNT,SYNTHETIC_CORE_BANKING
C000748,A0001653,OWNS_ACCOUNT,SYNTHETIC_CORE_BANKING
C001123,A0001654,OWNS_ACCOUNT,SYNTHETIC_CORE_BANKING
C000927,A0001655,OWNS_ACCOUNT,SYNTHETIC_CORE_BANKING
C000064,A0001656,OWNS_ACCOUNT,SYNTHETIC_CORE_BANKING
C000288,A0001657,OWNS_ACCOUNT,SYNTHETIC_CORE_BANKING
C000281,A0001658,OWNS_ACCOUNT,SYNTHETIC_CORE_BANKING
C001099,A0001659,OWNS_ACCOUNT,SYNTHETIC_CORE_BANKING
C001194,A0001660,OWNS_ACCOUNT,SYNTHETIC_CORE_BANKING
C000074,A0001661,OWNS_ACCOUNT,SYNTHETIC_CORE_BANKING
C001060,A0001662,OWNS_ACCOUNT,SYNTHETIC_CORE_BANKING
C001548,A0001663,OWNS_ACCOUNT,SYNTHETIC_CORE_BANKING
C001567,A0001664,OWNS_ACCOUNT,SYNTHETIC_CORE_BANKING
C001019,A0001665,OWNS_ACCOUNT,SYNTHETIC_CORE_BANKING
C000346,A0001666,OWNS_ACCOUNT,SYNTHETIC_CORE_BANKING
C000590,A0001667,OWNS_ACCOUNT,SYNTHETIC_CORE_BANKING
C000412,A0001668,OWNS_ACCOUNT,SYNTHETIC_CORE_BANKING
C000427,A0001669,OWNS_ACCOUNT,SYNTHETIC_CORE_BANKING
C001182,A0001670,OWNS_ACCOUNT,SYNTHETIC_CORE_BANKING
C000195,A0001671,OWNS_ACCOUNT,SYNTHETIC_CORE_BANKING
C000555,A0001672,OWNS_ACCOUNT,SYNTHETIC_CORE_BANKING
C000148,A0001673,OWNS_ACCOUNT,SYNTHETIC_CORE_BANKING
C000570,A0001674,OWNS_ACCOUNT,SYNTHETIC_CORE_BANKING
C001288,A0001675,OWNS_ACCOUNT,SYNTHETIC_CORE_BANKING
C001658,A0001676,OWNS_ACCOUNT,SYNTHETIC_CORE_BANKING
C000193,A0001677,OWNS_ACCOUNT,SYNTHETIC_CORE_BANKING
C000300,A0001678,OWNS_ACCOUNT,SYNTHETIC_CORE_BANKING
C001442,A0001679,OWNS_ACCOUNT,SYNTHETIC_CORE_BANKING
C000466,A0001680,OWNS_ACCOUNT,SYNTHETIC_CORE_BANKING
C001544,A0001681,OWNS_ACCOUNT,SYNTHETIC_CORE_BANKING
C001633,A0001682,OWNS_ACCOUNT,SYNTHETIC_CORE_BANKING
C000497,A0001683,OWNS_ACCOUNT,SYNTHETIC_CORE_BANKING
C000368,A0001684,OWNS_ACCOUNT,SYNTHETIC_CORE_BANKING
C000809,A0001685,OWNS_ACCOUNT,SYNTHETIC_CORE_BANKING
C000282,A0001686,OWNS_ACCOUNT,SYNTHETIC_CORE_BANKING
C001666,A0001687,OWNS_ACCOUNT,SYNTHETIC_CORE_BANKING
C000596,A0001688,OWNS_ACCOUNT,SYNTHETIC_CORE_BANKING
C000066,A0001689,OWNS_ACCOUNT,SYNTHETIC_CORE_BANKING
C000096,A0001690,OWNS_ACCOUNT,SYNTHETIC_CORE_BANKING
C001450,A0001691,OWNS_ACCOUNT,SYNTHETIC_CORE_BANKING
C000404,A0001692,OWNS_ACCOUNT,SYNTHETIC_CORE_BANKING
C001597,A0001693,OWNS_ACCOUNT,SYNTHETIC_CORE_BANKING
C001205,A0001694,OWNS_ACCOUNT,SYNTHETIC_CORE_BANKING
C000771,A0001695,OWNS_ACCOUNT,SYNTHETIC_CORE_BANKING
C000468,A0001696,OWNS_ACCOUNT,SYNTHETIC_CORE_BANKING
C001366,A0001697,OWNS_ACCOUNT,SYNTHETIC_CORE_BANKING
C000525,A0001698,OWNS_ACCOUNT,SYNTHETIC_CORE_BANKING
C001068,A0001699,OWNS_ACCOUNT,SYNTHETIC_CORE_BANKING
C000777,A0001700,OWNS_ACCOUNT,SYNTHETIC_CORE_BANKING
C000878,A0001701,OWNS_ACCOUNT,SYNTHETIC_CORE_BANKING
C001137,A0001702,OWNS_ACCOUNT,SYNTHETIC_CORE_BANKING
C000612,A0001703,OWNS_ACCOUNT,SYNTHETIC_CORE_BANKING
C000439,A0001704,OWNS_ACCOUNT,SYNTHETIC_CORE_BANKING
C001594,A0001705,OWNS_ACCOUNT,SYNTHETIC_CORE_BANKING
C001275,A0001706,OWNS_ACCOUNT,SYNTHETIC_CORE_BANKING
C001364,A0001707,OWNS_ACCOUNT,SYNTHETIC_CORE_BANKING
C000875,A0001708,OWNS_ACCOUNT,SYNTHETIC_CORE_BANKING
C001583,A0001709,OWNS_ACCOUNT,SYNTHETIC_CORE_BANKING
C000261,A0001710,OWNS_ACCOUNT,SYNTHETIC_CORE_BANKING
C000012,A0001711,OWNS_ACCOUNT,SYNTHETIC_CORE_BANKING
C001287,A0001712,OWNS_ACCOUNT,SYNTHETIC_CORE_BANKING
C000708,A0001713,OWNS_ACCOUNT,SYNTHETIC_CORE_BANKING
C001145,A0001714,OWNS_ACCOUNT,SYNTHETIC_CORE_BANKING
C001493,A0001715,OWNS_ACCOUNT,SYNTHETIC_CORE_BANKING
C000077,A0001716,OWNS_ACCOUNT,SYNTHETIC_CORE_BANKING
C001683,A0001717,OWNS_ACCOUNT,SYNTHETIC_CORE_BANKING
C001559,A0001718,OWNS_ACCOUNT,SYNTHETIC_CORE_BANKING
C000943,A0001719,OWNS_ACCOUNT,SYNTHETIC_CORE_BANKING
C001632,A0001720,OWNS_ACCOUNT,SYNTHETIC_CORE_BANKING
C001391,A0001721,OWNS_ACCOUNT,SYNTHETIC_CORE_BANKING
C000317,A0001722,OWNS_ACCOUNT,SYNTHETIC_CORE_BANKING
C001085,A0001723,OWNS_ACCOUNT,SYNTHETIC_CORE_BANKING
C001323,A0001724,OWNS_ACCOUNT,SYNTHETIC_CORE_BANKING
C000985,A0001725,OWNS_ACCOUNT,SYNTHETIC_CORE_BANKING
C000627,A0001726,OWNS_ACCOUNT,SYNTHETIC_CORE_BANKING
C001047,A0001727,OWNS_ACCOUNT,SYNTHETIC_CORE_BANKING
C000941,A0001728,OWNS_ACCOUNT,SYNTHETIC_CORE_BANKING
C001613,A0001729,OWNS_ACCOUNT,SYNTHETIC_CORE_BANKING
C000069,A0001730,OWNS_ACCOUNT,SYNTHETIC_CORE_BANKING
C001641,A0001731,OWNS_ACCOUNT,SYNTHETIC_CORE_BANKING
C000471,A0001732,OWNS_ACCOUNT,SYNTHETIC_CORE_BANKING
C001727,A0001733,OWNS_ACCOUNT,SYNTHETIC_CORE_BANKING
C000727,A0001734,OWNS_ACCOUNT,SYNTHETIC_CORE_BANKING
C001018,A0001735,OWNS_ACCOUNT,SYNTHETIC_CORE_BANKING
C001504,A0001736,OWNS_ACCOUNT,SYNTHETIC_CORE_BANKING
C001404,A0001737,OWNS_ACCOUNT,SYNTHETIC_CORE_BANKING
C000455,A0001738,OWNS_ACCOUNT,SYNTHETIC_CORE_BANKING
C001240,A0001739,OWNS_ACCOUNT,SYNTHETIC_CORE_BANKING
C000275,A0001740,OWNS_ACCOUNT,SYNTHETIC_CORE_BANKING
C000371,A0001741,OWNS_ACCOUNT,SYNTHETIC_CORE_BANKING
C000683,A0001742,OWNS_ACCOUNT,SYNTHETIC_CORE_BANKING
C001037,A0001743,OWNS_ACCOUNT,SYNTHETIC_CORE_BANKING
C000420,A0001744,OWNS_ACCOUNT,SYNTHETIC_CORE_BANKING
C001245,A0001745,OWNS_ACCOUNT,SYNTHETIC_CORE_BANKING
C001050,A0001746,OWNS_ACCOUNT,SYNTHETIC_CORE_BANKING
C000871,A0001747,OWNS_ACCOUNT,SYNTHETIC_CORE_BANKING
C001357,A0001748,OWNS_ACCOUNT,SYNTHETIC_CORE_BANKING
C001266,A0001749,OWNS_ACCOUNT,SYNTHETIC_CORE_BANKING
C000036,A0001750,OWNS_ACCOUNT,SYNTHETIC_CORE_BANKING
C000351,A0001751,OWNS_ACCOUNT,SYNTHETIC_CORE_BANKING
C001699,A0001752,OWNS_ACCOUNT,SYNTHETIC_CORE_BANKING
C001455,A0001753,OWNS_ACCOUNT,SYNTHETIC_CORE_BANKING
C001742,A0001754,OWNS_ACCOUNT,SYNTHETIC_CORE_BANKING
C000626,A0001755,OWNS_ACCOUNT,SYNTHETIC_CORE_BANKING
C001424,A0001756,OWNS_ACCOUNT,SYNTHETIC_CORE_BANKING
C000143,A0001757,OWNS_ACCOUNT,SYNTHETIC_CORE_BANKING
C001576,A0001758,OWNS_ACCOUNT,SYNTHETIC_CORE_BANKING
C001268,A0001759,OWNS_ACCOUNT,SYNTHETIC_CORE_BANKING
C000955,A0001760,OWNS_ACCOUNT,SYNTHETIC_CORE_BANKING
C000196,A0001761,OWNS_ACCOUNT,SYNTHETIC_CORE_BANKING
C001414,A0001762,OWNS_ACCOUNT,SYNTHETIC_CORE_BANKING
C001784,A0001763,OWNS_ACCOUNT,SYNTHETIC_CORE_BANKING
C001071,A0001764,OWNS_ACCOUNT,SYNTHETIC_CORE_BANKING
C000742,A0001765,OWNS_ACCOUNT,SYNTHETIC_CORE_BANKING
C000058,A0001766,OWNS_ACCOUNT,SYNTHETIC_CORE_BANKING
C000760,A0001767,OWNS_ACCOUNT,SYNTHETIC_CORE_BANKING
C001713,A0001768,OWNS_ACCOUNT,SYNTHETIC_CORE_BANKING
C001664,A0001769,OWNS_ACCOUNT,SYNTHETIC_CORE_BANKING
C000568,A0001770,OWNS_ACCOUNT,SYNTHETIC_CORE_BANKING
C001757,A0001771,OWNS_ACCOUNT,SYNTHETIC_CORE_BANKING
C001706,A0001772,OWNS_ACCOUNT,SYNTHETIC_CORE_BANKING
C001714,A0001773,OWNS_ACCOUNT,SYNTHETIC_CORE_BANKING
C000197,A0001774,OWNS_ACCOUNT,SYNTHETIC_CORE_BANKING
C000389,A0001775,OWNS_ACCOUNT,SYNTHETIC_CORE_BANKING
C001328,A0001776,OWNS_ACCOUNT,SYNTHETIC_CORE_BANKING
C001319,A0001777,OWNS_ACCOUNT,SYNTHETIC_CORE_BANKING
C000553,A0001778,OWNS_ACCOUNT,SYNTHETIC_CORE_BANKING
C001094,A0001779,OWNS_ACCOUNT,SYNTHETIC_CORE_BANKING
C001740,A0001780,OWNS_ACCOUNT,SYNTHETIC_CORE_BANKING
C000617,A0001781,OWNS_ACCOUNT,SYNTHETIC_CORE_BANKING
C001097,A0001782,OWNS_ACCOUNT,SYNTHETIC_CORE_BANKING
C001128,A0001783,OWNS_ACCOUNT,SYNTHETIC_CORE_BANKING
C000298,A0001784,OWNS_ACCOUNT,SYNTHETIC_CORE_BANKING
C000454,A0001785,OWNS_ACCOUNT,SYNTHETIC_CORE_BANKING
C001722,A0001786,OWNS_ACCOUNT,SYNTHETIC_CORE_BANKING
C001623,A0001787,OWNS_ACCOUNT,SYNTHETIC_CORE_BANKING
C000930,A0001788,OWNS_ACCOUNT,SYNTHETIC_CORE_BANKING
C000525,A0001789,OWNS_ACCOUNT,SYNTHETIC_CORE_BANKING
C000639,A0001790,OWNS_ACCOUNT,SYNTHETIC_CORE_BANKING
C001730,A0001791,OWNS_ACCOUNT,SYNTHETIC_CORE_BANKING
C000646,A0001792,OWNS_ACCOUNT,SYNTHETIC_CORE_BANKING
C001679,A0001793,OWNS_ACCOUNT,SYNTHETIC_CORE_BANKING
C001189,A0001794,OWNS_ACCOUNT,SYNTHETIC_CORE_BANKING
C001673,A0001795,OWNS_ACCOUNT,SYNTHETIC_CORE_BANKING
C000942,A0001796,OWNS_ACCOUNT,SYNTHETIC_CORE_BANKING
C001528,A0001797,OWNS_ACCOUNT,SYNTHETIC_CORE_BANKING
C000820,A0001798,OWNS_ACCOUNT,SYNTHETIC_CORE_BANKING
C000686,A0001799,OWNS_ACCOUNT,SYNTHETIC_CORE_BANKING
C000055,A0001800,OWNS_ACCOUNT,SYNTHETIC_CORE_BANKING
C001290,A0001801,OWNS_ACCOUNT,SYNTHETIC_CORE_BANKING
C000041,A0001802,OWNS_ACCOUNT,SYNTHETIC_CORE_BANKING
C000944,A0001803,OWNS_ACCOUNT,SYNTHETIC_CORE_BANKING
C000163,A0001804,OWNS_ACCOUNT,SYNTHETIC_CORE_BANKING
C000038,A0001805,OWNS_ACCOUNT,SYNTHETIC_CORE_BANKING
C000139,A0001806,OWNS_ACCOUNT,SYNTHETIC_CORE_BANKING
C001699,A0001807,OWNS_ACCOUNT,SYNTHETIC_CORE_BANKING
C000434,A0001808,OWNS_ACCOUNT,SYNTHETIC_CORE_BANKING
C001429,A0001809,OWNS_ACCOUNT,SYNTHETIC_CORE_BANKING
C001178,A0001810,OWNS_ACCOUNT,SYNTHETIC_CORE_BANKING
C001473,A0001811,OWNS_ACCOUNT,SYNTHETIC_CORE_BANKING
C001443,A0001812,OWNS_ACCOUNT,SYNTHETIC_CORE_BANKING
C001485,A0001813,OWNS_ACCOUNT,SYNTHETIC_CORE_BANKING
C000864,A0001814,OWNS_ACCOUNT,SYNTHETIC_CORE_BANKING
C000932,A0001815,OWNS_ACCOUNT,SYNTHETIC_CORE_BANKING
C001308,A0001816,OWNS_ACCOUNT,SYNTHETIC_CORE_BANKING
C000671,A0001817,OWNS_ACCOUNT,SYNTHETIC_CORE_BANKING
C000017,A0001818,OWNS_ACCOUNT,SYNTHETIC_CORE_BANKING
C000194,A0001819,OWNS_ACCOUNT,SYNTHETIC_CORE_BANKING
C001310,A0001820,OWNS_ACCOUNT,SYNTHETIC_CORE_BANKING
C001545,A0001821,OWNS_ACCOUNT,SYNTHETIC_CORE_BANKING
C000207,A0001822,OWNS_ACCOUNT,SYNTHETIC_CORE_BANKING
C001069,A0001823,OWNS_ACCOUNT,SYNTHETIC_CORE_BANKING
C001642,A0001824,OWNS_ACCOUNT,SYNTHETIC_CORE_BANKING
C001233,A0001825,OWNS_ACCOUNT,SYNTHETIC_CORE_BANKING
C001189,A0001826,OWNS_ACCOUNT,SYNTHETIC_CORE_BANKING
C000397,A0001827,OWNS_ACCOUNT,SYNTHETIC_CORE_BANKING
C000353,A0001828,OWNS_ACCOUNT,SYNTHETIC_CORE_BANKING
C001282,A0001829,OWNS_ACCOUNT,SYNTHETIC_CORE_BANKING
C001286,A0001830,OWNS_ACCOUNT,SYNTHETIC_CORE_BANKING
C000109,A0001831,OWNS_ACCOUNT,SYNTHETIC_CORE_BANKING
C001510,A0001832,OWNS_ACCOUNT,SYNTHETIC_CORE_BANKING
C001518,A0001833,OWNS_ACCOUNT,SYNTHETIC_CORE_BANKING
C001183,A0001834,OWNS_ACCOUNT,SYNTHETIC_CORE_BANKING
C000331,A0001835,OWNS_ACCOUNT,SYNTHETIC_CORE_BANKING
C000543,A0001836,OWNS_ACCOUNT,SYNTHETIC_CORE_BANKING
C000272,A0001837,OWNS_ACCOUNT,SYNTHETIC_CORE_BANKING
C000436,A0001838,OWNS_ACCOUNT,SYNTHETIC_CORE_BANKING
C001681,A0001839,OWNS_ACCOUNT,SYNTHETIC_CORE_BANKING
C000662,A0001840,OWNS_ACCOUNT,SYNTHETIC_CORE_BANKING
C000907,A0001841,OWNS_ACCOUNT,SYNTHETIC_CORE_BANKING
C001373,A0001842,OWNS_ACCOUNT,SYNTHETIC_CORE_BANKING
C001702,A0001843,OWNS_ACCOUNT,SYNTHETIC_CORE_BANKING
C001797,A0001844,OWNS_ACCOUNT,SYNTHETIC_CORE_BANKING
C001383,A0001845,OWNS_ACCOUNT,SYNTHETIC_CORE_BANKING
C001667,A0001846,OWNS_ACCOUNT,SYNTHETIC_CORE_BANKING
C000159,A0001847,OWNS_ACCOUNT,SYNTHETIC_CORE_BANKING
C000673,A0001848,OWNS_ACCOUNT,SYNTHETIC_CORE_BANKING
C000501,A0001849,OWNS_ACCOUNT,SYNTHETIC_CORE_BANKING
C001279,A0001850,OWNS_ACCOUNT,SYNTHETIC_CORE_BANKING
C000315,A0001851,OWNS_ACCOUNT,SYNTHETIC_CORE_BANKING
C000545,A0001852,OWNS_ACCOUNT,SYNTHETIC_CORE_BANKING
C001444,A0001853,OWNS_ACCOUNT,SYNTHETIC_CORE_BANKING
C001703,A0001854,OWNS_ACCOUNT,SYNTHETIC_CORE_BANKING
C000843,A0001855,OWNS_ACCOUNT,SYNTHETIC_CORE_BANKING
C001536,A0001856,OWNS_ACCOUNT,SYNTHETIC_CORE_BANKING
C000076,A0001857,OWNS_ACCOUNT,SYNTHETIC_CORE_BANKING
C000071,A0001858,OWNS_ACCOUNT,SYNTHETIC_CORE_BANKING
C000789,A0001859,OWNS_ACCOUNT,SYNTHETIC_CORE_BANKING
C000705,A0001860,OWNS_ACCOUNT,SYNTHETIC_CORE_BANKING
C000312,A0001861,OWNS_ACCOUNT,SYNTHETIC_CORE_BANKING
C000164,A0001862,OWNS_ACCOUNT,SYNTHETIC_CORE_BANKING
C001533,A0001863,OWNS_ACCOUNT,SYNTHETIC_CORE_BANKING
C000161,A0001864,OWNS_ACCOUNT,SYNTHETIC_CORE_BANKING
C000493,A0001865,OWNS_ACCOUNT,SYNTHETIC_CORE_BANKING
C001344,A0001866,OWNS_ACCOUNT,SYNTHETIC_CORE_BANKING
C001173,A0001867,OWNS_ACCOUNT,SYNTHETIC_CORE_BANKING
C001521,A0001868,OWNS_ACCOUNT,SYNTHETIC_CORE_BANKING
C000296,A0001869,OWNS_ACCOUNT,SYNTHETIC_CORE_BANKING
C000461,A0001870,OWNS_ACCOUNT,SYNTHETIC_CORE_BANKING
C000719,A0001871,OWNS_ACCOUNT,SYNTHETIC_CORE_BANKING
C001691,A0001872,OWNS_ACCOUNT,SYNTHETIC_CORE_BANKING
C001318,A0001873,OWNS_ACCOUNT,SYNTHETIC_CORE_BANKING
C001143,A0001874,OWNS_ACCOUNT,SYNTHETIC_CORE_BANKING
C000379,A0001875,OWNS_ACCOUNT,SYNTHETIC_CORE_BANKING
C001010,A0001876,OWNS_ACCOUNT,SYNTHETIC_CORE_BANKING
C001619,A0001877,OWNS_ACCOUNT,SYNTHETIC_CORE_BANKING
C001372,A0001878,OWNS_ACCOUNT,SYNTHETIC_CORE_BANKING
C000230,A0001879,OWNS_ACCOUNT,SYNTHETIC_CORE_BANKING
C000485,A0001880,OWNS_ACCOUNT,SYNTHETIC_CORE_BANKING
C000633,A0001881,OWNS_ACCOUNT,SYNTHETIC_CORE_BANKING
C000729,A0001882,OWNS_ACCOUNT,SYNTHETIC_CORE_BANKING
C001038,A0001883,OWNS_ACCOUNT,SYNTHETIC_CORE_BANKING
C001414,A0001884,OWNS_ACCOUNT,SYNTHETIC_CORE_BANKING
C000083,A0001885,OWNS_ACCOUNT,SYNTHETIC_CORE_BANKING
C001663,A0001886,OWNS_ACCOUNT,SYNTHETIC_CORE_BANKING
C001184,A0001887,OWNS_ACCOUNT,SYNTHETIC_CORE_BANKING
C000795,A0001888,OWNS_ACCOUNT,SYNTHETIC_CORE_BANKING
C000579,A0001889,OWNS_ACCOUNT,SYNTHETIC_CORE_BANKING
C001546,A0001890,OWNS_ACCOUNT,SYNTHETIC_CORE_BANKING
C000539,A0001891,OWNS_ACCOUNT,SYNTHETIC_CORE_BANKING
C000524,A0001892,OWNS_ACCOUNT,SYNTHETIC_CORE_BANKING
C001342,A0001893,OWNS_ACCOUNT,SYNTHETIC_CORE_BANKING
C001310,A0001894,OWNS_ACCOUNT,SYNTHETIC_CORE_BANKING
C000134,A0001895,OWNS_ACCOUNT,SYNTHETIC_CORE_BANKING
C001665,A0001896,OWNS_ACCOUNT,SYNTHETIC_CORE_BANKING
C001551,A0001897,OWNS_ACCOUNT,SYNTHETIC_CORE_BANKING
C001278,A0001898,OWNS_ACCOUNT,SYNTHETIC_CORE_BANKING
C001731,A0001899,OWNS_ACCOUNT,SYNTHETIC_CORE_BANKING
C000417,A0001900,OWNS_ACCOUNT,SYNTHETIC_CORE_BANKING
C000841,A0001901,OWNS_ACCOUNT,SYNTHETIC_CORE_BANKING
C001008,A0001902,OWNS_ACCOUNT,SYNTHETIC_CORE_BANKING
C000623,A0001903,OWNS_ACCOUNT,SYNTHETIC_CORE_BANKING
C001683,A0001904,OWNS_ACCOUNT,SYNTHETIC_CORE_BANKING
C000131,A0001905,OWNS_ACCOUNT,SYNTHETIC_CORE_BANKING
C000426,A0001906,OWNS_ACCOUNT,SYNTHETIC_CORE_BANKING
C000775,A0001907,OWNS_ACCOUNT,SYNTHETIC_CORE_BANKING
C000142,A0001908,OWNS_ACCOUNT,SYNTHETIC_CORE_BANKING
C001416,A0001909,OWNS_ACCOUNT,SYNTHETIC_CORE_BANKING
C001231,A0001910,OWNS_ACCOUNT,SYNTHETIC_CORE_BANKING
C000263,A0001911,OWNS_ACCOUNT,SYNTHETIC_CORE_BANKING
C000911,A0001912,OWNS_ACCOUNT,SYNTHETIC_CORE_BANKING
C001771,A0001913,OWNS_ACCOUNT,SYNTHETIC_CORE_BANKING
C000890,A0001914,OWNS_ACCOUNT,SYNTHETIC_CORE_BANKING
C001548,A0001915,OWNS_ACCOUNT,SYNTHETIC_CORE_BANKING
C000173,A0001916,OWNS_ACCOUNT,SYNTHETIC_CORE_BANKING
C000512,A0001917,OWNS_ACCOUNT,SYNTHETIC_CORE_BANKING
C000538,A0001918,OWNS_ACCOUNT,SYNTHETIC_CORE_BANKING
C000496,A0001919,OWNS_ACCOUNT,SYNTHETIC_CORE_BANKING
C001347,A0001920,OWNS_ACCOUNT,SYNTHETIC_CORE_BANKING
C000220,A0001921,OWNS_ACCOUNT,SYNTHETIC_CORE_BANKING
C000168,A0001922,OWNS_ACCOUNT,SYNTHETIC_CORE_BANKING
C001587,A0001923,OWNS_ACCOUNT,SYNTHETIC_CORE_BANKING
C001172,A0001924,OWNS_ACCOUNT,SYNTHETIC_CORE_BANKING
C000644,A0001925,OWNS_ACCOUNT,SYNTHETIC_CORE_BANKING
C001384,A0001926,OWNS_ACCOUNT,SYNTHETIC_CORE_BANKING
C000822,A0001927,OWNS_ACCOUNT,SYNTHETIC_CORE_BANKING
C001109,A0001928,OWNS_ACCOUNT,SYNTHETIC_CORE_BANKING
C001505,A0001929,OWNS_ACCOUNT,SYNTHETIC_CORE_BANKING
C000339,A0001930,OWNS_ACCOUNT,SYNTHETIC_CORE_BANKING
C001281,A0001931,OWNS_ACCOUNT,SYNTHETIC_CORE_BANKING
C000273,A0001932,OWNS_ACCOUNT,SYNTHETIC_CORE_BANKING
C000260,A0001933,OWNS_ACCOUNT,SYNTHETIC_CORE_BANKING
C001139,A0001934,OWNS_ACCOUNT,SYNTHETIC_CORE_BANKING
C001650,A0001935,OWNS_ACCOUNT,SYNTHETIC_CORE_BANKING
C000559,A0001936,OWNS_ACCOUNT,SYNTHETIC_CORE_BANKING
C000282,A0001937,OWNS_ACCOUNT,SYNTHETIC_CORE_BANKING
C001527,A0001938,OWNS_ACCOUNT,SYNTHETIC_CORE_BANKING
C000028,A0001939,OWNS_ACCOUNT,SYNTHETIC_CORE_BANKING
C000325,A0001940,OWNS_ACCOUNT,SYNTHETIC_CORE_BANKING
C001271,A0001941,OWNS_ACCOUNT,SYNTHETIC_CORE_BANKING
C001709,A0001942,OWNS_ACCOUNT,SYNTHETIC_CORE_BANKING
C000947,A0001943,OWNS_ACCOUNT,SYNTHETIC_CORE_BANKING
C001456,A0001944,OWNS_ACCOUNT,SYNTHETIC_CORE_BANKING
C000030,A0001945,OWNS_ACCOUNT,SYNTHETIC_CORE_BANKING
C001148,A0001946,OWNS_ACCOUNT,SYNTHETIC_CORE_BANKING
C000408,A0001947,OWNS_ACCOUNT,SYNTHETIC_CORE_BANKING
C000245,A0001948,OWNS_ACCOUNT,SYNTHETIC_CORE_BANKING
C001082,A0001949,OWNS_ACCOUNT,SYNTHETIC_CORE_BANKING
C001322,A0001950,OWNS_ACCOUNT,SYNTHETIC_CORE_BANKING
C000301,A0001951,OWNS_ACCOUNT,SYNTHETIC_CORE_BANKING
C001265,A0001952,OWNS_ACCOUNT,SYNTHETIC_CORE_BANKING
C001525,A0001953,OWNS_ACCOUNT,SYNTHETIC_CORE_BANKING
C000176,A0001954,OWNS_ACCOUNT,SYNTHETIC_CORE_BANKING
C001331,A0001955,OWNS_ACCOUNT,SYNTHETIC_CORE_BANKING
C000706,A0001956,OWNS_ACCOUNT,SYNTHETIC_CORE_BANKING
C001711,A0001957,OWNS_ACCOUNT,SYNTHETIC_CORE_BANKING
C001326,A0001958,OWNS_ACCOUNT,SYNTHETIC_CORE_BANKING
C001315,A0001959,OWNS_ACCOUNT,SYNTHETIC_CORE_BANKING
C000847,A0001960,OWNS_ACCOUNT,SYNTHETIC_CORE_BANKING
C001517,A0001961,OWNS_ACCOUNT,SYNTHETIC_CORE_BANKING
C000670,A0001962,OWNS_ACCOUNT,SYNTHETIC_CORE_BANKING
C000507,A0001963,OWNS_ACCOUNT,SYNTHETIC_CORE_BANKING
C000509,A0001964,OWNS_ACCOUNT,SYNTHETIC_CORE_BANKING
C001502,A0001965,OWNS_ACCOUNT,SYNTHETIC_CORE_BANKING
C000499,A0001966,OWNS_ACCOUNT,SYNTHETIC_CORE_BANKING
C001470,A0001967,OWNS_ACCOUNT,SYNTHETIC_CORE_BANKING
C000177,A0001968,OWNS_ACCOUNT,SYNTHETIC_CORE_BANKING
C000484,A0001969,OWNS_ACCOUNT,SYNTHETIC_CORE_BANKING
C001726,A0001970,OWNS_ACCOUNT,SYNTHETIC_CORE_BANKING
C001765,A0001971,OWNS_ACCOUNT,SYNTHETIC_CORE_BANKING
C001475,A0001972,OWNS_ACCOUNT,SYNTHETIC_CORE_BANKING
C000228,A0001973,OWNS_ACCOUNT,SYNTHETIC_CORE_BANKING
C000128,A0001974,OWNS_ACCOUNT,SYNTHETIC_CORE_BANKING
C000500,A0001975,OWNS_ACCOUNT,SYNTHETIC_CORE_BANKING
C000529,A0001976,OWNS_ACCOUNT,SYNTHETIC_CORE_BANKING
C001188,A0001977,OWNS_ACCOUNT,SYNTHETIC_CORE_BANKING
C000111,A0001978,OWNS_ACCOUNT,SYNTHETIC_CORE_BANKING
C000477,A0001979,OWNS_ACCOUNT,SYNTHETIC_CORE_BANKING
C000310,A0001980,OWNS_ACCOUNT,SYNTHETIC_CORE_BANKING
C000982,A0001981,OWNS_ACCOUNT,SYNTHETIC_CORE_BANKING
C000086,A0001982,OWNS_ACCOUNT,SYNTHETIC_CORE_BANKING
C001106,A0001983,OWNS_ACCOUNT,SYNTHETIC_CORE_BANKING
C000286,A0001984,OWNS_ACCOUNT,SYNTHETIC_CORE_BANKING
C001779,A0001985,OWNS_ACCOUNT,SYNTHETIC_CORE_BANKING
C000917,A0001986,OWNS_ACCOUNT,SYNTHETIC_CORE_BANKING
C000828,A0001987,OWNS_ACCOUNT,SYNTHETIC_CORE_BANKING
C001235,A0001988,OWNS_ACCOUNT,SYNTHETIC_CORE_BANKING
C001239,A0001989,OWNS_ACCOUNT,SYNTHETIC_CORE_BANKING
C000670,A0001990,OWNS_ACCOUNT,SYNTHETIC_CORE_BANKING
C000087,A0001991,OWNS_ACCOUNT,SYNTHETIC_CORE_BANKING
C000452,A0001992,OWNS_ACCOUNT,SYNTHETIC_CORE_BANKING
C001119,A0001993,OWNS_ACCOUNT,SYNTHETIC_CORE_BANKING
C000374,A0001994,OWNS_ACCOUNT,SYNTHETIC_CORE_BANKING
C000658,A0001995,OWNS_ACCOUNT,SYNTHETIC_CORE_BANKING
C000700,A0001996,OWNS_ACCOUNT,SYNTHETIC_CORE_BANKING
C000431,A0001997,OWNS_ACCOUNT,SYNTHETIC_CORE_BANKING
C000698,A0001998,OWNS_ACCOUNT,SYNTHETIC_CORE_BANKING
C000409,A0001999,OWNS_ACCOUNT,SYNTHETIC_CORE_BANKING
C000432,A0002000,OWNS_ACCOUNT,SYNTHETIC_CORE_BANKING
C001221,A0002001,OWNS_ACCOUNT,SYNTHETIC_CORE_BANKING
C001650,A0002002,OWNS_ACCOUNT,SYNTHETIC_CORE_BANKING
C000258,A0002003,OWNS_ACCOUNT,SYNTHETIC_CORE_BANKING
C000583,A0002004,OWNS_ACCOUNT,SYNTHETIC_CORE_BANKING
C000615,A0002005,OWNS_ACCOUNT,SYNTHETIC_CORE_BANKING
C001021,A0002006,OWNS_ACCOUNT,SYNTHETIC_CORE_BANKING
C000991,A0002007,OWNS_ACCOUNT,SYNTHETIC_CORE_BANKING
C000353,A0002008,OWNS_ACCOUNT,SYNTHETIC_CORE_BANKING
C001083,A0002009,OWNS_ACCOUNT,SYNTHETIC_CORE_BANKING
C000316,A0002010,OWNS_ACCOUNT,SYNTHETIC_CORE_BANKING
C000236,A0002011,OWNS_ACCOUNT,SYNTHETIC_CORE_BANKING
C000782,A0002012,OWNS_ACCOUNT,SYNTHETIC_CORE_BANKING
C000765,A0002013,OWNS_ACCOUNT,SYNTHETIC_CORE_BANKING
C000284,A0002014,OWNS_ACCOUNT,SYNTHETIC_CORE_BANKING
C000614,A0002015,OWNS_ACCOUNT,SYNTHETIC_CORE_BANKING
C001569,A0002016,OWNS_ACCOUNT,SYNTHETIC_CORE_BANKING
C000027,A0002017,OWNS_ACCOUNT,SYNTHETIC_CORE_BANKING
C001406,A0002018,OWNS_ACCOUNT,SYNTHETIC_CORE_BANKING
C000031,A0002019,OWNS_ACCOUNT,SYNTHETIC_CORE_BANKING
C000736,A0002020,OWNS_ACCOUNT,SYNTHETIC_CORE_BANKING
C000217,A0002021,OWNS_ACCOUNT,SYNTHETIC_CORE_BANKING
C000935,A0002022,OWNS_ACCOUNT,SYNTHETIC_CORE_BANKING
C001072,A0002023,OWNS_ACCOUNT,SYNTHETIC_CORE_BANKING
C001255,A0002024,OWNS_ACCOUNT,SYNTHETIC_CORE_BANKING
C001711,A0002025,OWNS_ACCOUNT,SYNTHETIC_CORE_BANKING
C001736,A0002026,OWNS_ACCOUNT,SYNTHETIC_CORE_BANKING
C001014,A0002027,OWNS_ACCOUNT,SYNTHETIC_CORE_BANKING
C000188,A0002028,OWNS_ACCOUNT,SYNTHETIC_CORE_BANKING
C001524,A0002029,OWNS_ACCOUNT,SYNTHETIC_CORE_BANKING
C001796,A0002030,OWNS_ACCOUNT,SYNTHETIC_CORE_BANKING
C001588,A0002031,OWNS_ACCOUNT,SYNTHETIC_CORE_BANKING
C000679,A0002032,OWNS_ACCOUNT,SYNTHETIC_CORE_BANKING
C000801,A0002033,OWNS_ACCOUNT,SYNTHETIC_CORE_BANKING
C001355,A0002034,OWNS_ACCOUNT,SYNTHETIC_CORE_BANKING
C001135,A0002035,OWNS_ACCOUNT,SYNTHETIC_CORE_BANKING
C001684,A0002036,OWNS_ACCOUNT,SYNTHETIC_CORE_BANKING
C000222,A0002037,OWNS_ACCOUNT,SYNTHETIC_CORE_BANKING
C000730,A0002038,OWNS_ACCOUNT,SYNTHETIC_CORE_BANKING
C000516,A0002039,OWNS_ACCOUNT,SYNTHETIC_CORE_BANKING
C000888,A0002040,OWNS_ACCOUNT,SYNTHETIC_CORE_BANKING
C000707,A0002041,OWNS_ACCOUNT,SYNTHETIC_CORE_BANKING
C001242,A0002042,OWNS_ACCOUNT,SYNTHETIC_CORE_BANKING
C001447,A0002043,OWNS_ACCOUNT,SYNTHETIC_CORE_BANKING
C001597,A0002044,OWNS_ACCOUNT,SYNTHETIC_CORE_BANKING
C001234,A0002045,OWNS_ACCOUNT,SYNTHETIC_CORE_BANKING
C000981,A0002046,OWNS_ACCOUNT,SYNTHETIC_CORE_BANKING
C000766,A0002047,OWNS_ACCOUNT,SYNTHETIC_CORE_BANKING
C000895,A0002048,OWNS_ACCOUNT,SYNTHETIC_CORE_BANKING
C001584,A0002049,OWNS_ACCOUNT,SYNTHETIC_CORE_BANKING
C000257,A0002050,OWNS_ACCOUNT,SYNTHETIC_CORE_BANKING
C001573,A0002051,OWNS_ACCOUNT,SYNTHETIC_CORE_BANKING
C000776,A0002052,OWNS_ACCOUNT,SYNTHETIC_CORE_BANKING
C000630,A0002053,OWNS_ACCOUNT,SYNTHETIC_CORE_BANKING
C001103,A0002054,OWNS_ACCOUNT,SYNTHETIC_CORE_BANKING
C000971,A0002055,OWNS_ACCOUNT,SYNTHETIC_CORE_BANKING
C001402,A0002056,OWNS_ACCOUNT,SYNTHETIC_CORE_BANKING
C001487,A0002057,OWNS_ACCOUNT,SYNTHETIC_CORE_BANKING
C001692,A0002058,OWNS_ACCOUNT,SYNTHETIC_CORE_BANKING
C001629,A0002059,OWNS_ACCOUNT,SYNTHETIC_CORE_BANKING
C000704,A0002060,OWNS_ACCOUNT,SYNTHETIC_CORE_BANKING
C001729,A0002061,OWNS_ACCOUNT,SYNTHETIC_CORE_BANKING
C001786,A0002062,OWNS_ACCOUNT,SYNTHETIC_CORE_BANKING
C001526,A0002063,OWNS_ACCOUNT,SYNTHETIC_CORE_BANKING
C001110,A0002064,OWNS_ACCOUNT,SYNTHETIC_CORE_BANKING
C000799,A0002065,OWNS_ACCOUNT,SYNTHETIC_CORE_BANKING
C000741,A0002066,OWNS_ACCOUNT,SYNTHETIC_CORE_BANKING
C001487,A0002067,OWNS_ACCOUNT,SYNTHETIC_CORE_BANKING
C000805,A0002068,OWNS_ACCOUNT,SYNTHETIC_CORE_BANKING
C000969,A0002069,OWNS_ACCOUNT,SYNTHETIC_CORE_BANKING
C000882,A0002070,OWNS_ACCOUNT,SYNTHETIC_CORE_BANKING
C000474,A0002071,OWNS_ACCOUNT,SYNTHETIC_CORE_BANKING
C000605,A0002072,OWNS_ACCOUNT,SYNTHETIC_CORE_BANKING
C001402,A0002073,OWNS_ACCOUNT,SYNTHETIC_CORE_BANKING
C001048,A0002074,OWNS_ACCOUNT,SYNTHETIC_CORE_BANKING
C001237,A0002075,OWNS_ACCOUNT,SYNTHETIC_CORE_BANKING
C001635,A0002076,OWNS_ACCOUNT,SYNTHETIC_CORE_BANKING
C001562,A0002077,OWNS_ACCOUNT,SYNTHETIC_CORE_BANKING
C001717,A0002078,OWNS_ACCOUNT,SYNTHETIC_CORE_BANKING
C000939,A0002079,OWNS_ACCOUNT,SYNTHETIC_CORE_BANKING
C001259,A0002080,OWNS_ACCOUNT,SYNTHETIC_CORE_BANKING
C001752,A0002081,OWNS_ACCOUNT,SYNTHETIC_CORE_BANKING
C001398,A0002082,OWNS_ACCOUNT,SYNTHETIC_CORE_BANKING
C000171,A0002083,OWNS_ACCOUNT,SYNTHETIC_CORE_BANKING
C000763,A0002084,OWNS_ACCOUNT,SYNTHETIC_CORE_BANKING
C000135,A0002085,OWNS_ACCOUNT,SYNTHETIC_CORE_BANKING
C000343,A0002086,OWNS_ACCOUNT,SYNTHETIC_CORE_BANKING
C000513,A0002087,OWNS_ACCOUNT,SYNTHETIC_CORE_BANKING
C001464,A0002088,OWNS_ACCOUNT,SYNTHETIC_CORE_BANKING
C001291,A0002089,OWNS_ACCOUNT,SYNTHETIC_CORE_BANKING
C001639,A0002090,OWNS_ACCOUNT,SYNTHETIC_CORE_BANKING
C000495,A0002091,OWNS_ACCOUNT,SYNTHETIC_CORE_BANKING
C001741,A0002092,OWNS_ACCOUNT,SYNTHETIC_CORE_BANKING
C000341,A0002093,OWNS_ACCOUNT,SYNTHETIC_CORE_BANKING
C000928,A0002094,OWNS_ACCOUNT,SYNTHETIC_CORE_BANKING
C000160,A0002095,OWNS_ACCOUNT,SYNTHETIC_CORE_BANKING
C001471,A0002096,OWNS_ACCOUNT,SYNTHETIC_CORE_BANKING
C000369,A0002097,OWNS_ACCOUNT,SYNTHETIC_CORE_BANKING
C000713,A0002098,OWNS_ACCOUNT,SYNTHETIC_CORE_BANKING
C001375,A0002099,OWNS_ACCOUNT,SYNTHETIC_CORE_BANKING
C001634,A0002100,OWNS_ACCOUNT,SYNTHETIC_CORE_BANKING
C001595,A0002101,OWNS_ACCOUNT,SYNTHETIC_CORE_BANKING
C001581,A0002102,OWNS_ACCOUNT,SYNTHETIC_CORE_BANKING
C000542,A0002103,OWNS_ACCOUNT,SYNTHETIC_CORE_BANKING
C000940,A0002104,OWNS_ACCOUNT,SYNTHETIC_CORE_BANKING
C000903,A0002105,OWNS_ACCOUNT,SYNTHETIC_CORE_BANKING
C001746,A0002106,OWNS_ACCOUNT,SYNTHETIC_CORE_BANKING
C001165,A0002107,OWNS_ACCOUNT,SYNTHETIC_CORE_BANKING
C001420,A0002108,OWNS_ACCOUNT,SYNTHETIC_CORE_BANKING
C000425,A0002109,OWNS_ACCOUNT,SYNTHETIC_CORE_BANKING
C000876,A0002110,OWNS_ACCOUNT,SYNTHETIC_CORE_BANKING
C001334,A0002111,OWNS_ACCOUNT,SYNTHETIC_CORE_BANKING
C001332,A0002112,OWNS_ACCOUNT,SYNTHETIC_CORE_BANKING
C000202,A0002113,OWNS_ACCOUNT,SYNTHETIC_CORE_BANKING
C001346,A0002114,OWNS_ACCOUNT,SYNTHETIC_CORE_BANKING
C000253,A0002115,OWNS_ACCOUNT,SYNTHETIC_CORE_BANKING
C000641,A0002116,OWNS_ACCOUNT,SYNTHETIC_CORE_BANKING
C001379,A0002117,OWNS_ACCOUNT,SYNTHETIC_CORE_BANKING
C000948,A0002118,OWNS_ACCOUNT,SYNTHETIC_CORE_BANKING
C000592,A0002119,OWNS_ACCOUNT,SYNTHETIC_CORE_BANKING
C000514,A0002120,OWNS_ACCOUNT,SYNTHETIC_CORE_BANKING
C000380,A0002121,OWNS_ACCOUNT,SYNTHETIC_CORE_BANKING
C001077,A0002122,OWNS_ACCOUNT,SYNTHETIC_CORE_BANKING
C000071,A0002123,OWNS_ACCOUNT,SYNTHETIC_CORE_BANKING
C001462,A0002124,OWNS_ACCOUNT,SYNTHETIC_CORE_BANKING
C000728,A0002125,OWNS_ACCOUNT,SYNTHETIC_CORE_BANKING
C001413,A0002126,OWNS_ACCOUNT,SYNTHETIC_CORE_BANKING
C000703,A0002127,OWNS_ACCOUNT,SYNTHETIC_CORE_BANKING
C001144,A0002128,OWNS_ACCOUNT,SYNTHETIC_CORE_BANKING
C000608,A0002129,OWNS_ACCOUNT,SYNTHETIC_CORE_BANKING
C000694,A0002130,OWNS_ACCOUNT,SYNTHETIC_CORE_BANKING
C001305,A0002131,OWNS_ACCOUNT,SYNTHETIC_CORE_BANKING
C000653,A0002132,OWNS_ACCOUNT,SYNTHETIC_CORE_BANKING
C001132,A0002133,OWNS_ACCOUNT,SYNTHETIC_CORE_BANKING
C001120,A0002134,OWNS_ACCOUNT,SYNTHETIC_CORE_BANKING
C001514,A0002135,OWNS_ACCOUNT,SYNTHETIC_CORE_BANKING
C000034,A0002136,OWNS_ACCOUNT,SYNTHETIC_CORE_BANKING
C001383,A0002137,OWNS_ACCOUNT,SYNTHETIC_CORE_BANKING
C000376,A0002138,OWNS_ACCOUNT,SYNTHETIC_CORE_BANKING
C001529,A0002139,OWNS_ACCOUNT,SYNTHETIC_CORE_BANKING
C000687,A0002140,OWNS_ACCOUNT,SYNTHETIC_CORE_BANKING
C001065,A0002141,OWNS_ACCOUNT,SYNTHETIC_CORE_BANKING
C001193,A0002142,OWNS_ACCOUNT,SYNTHETIC_CORE_BANKING
C000204,A0002143,OWNS_ACCOUNT,SYNTHETIC_CORE_BANKING
C001412,A0002144,OWNS_ACCOUNT,SYNTHETIC_CORE_BANKING
C001263,A0002145,OWNS_ACCOUNT,SYNTHETIC_CORE_BANKING
C000180,A0002146,OWNS_ACCOUNT,SYNTHETIC_CORE_BANKING
C000730,A0002147,OWNS_ACCOUNT,SYNTHETIC_CORE_BANKING
C001370,A0002148,OWNS_ACCOUNT,SYNTHETIC_CORE_BANKING
C001041,A0002149,OWNS_ACCOUNT,SYNTHETIC_CORE_BANKING
C000615,A0002150,OWNS_ACCOUNT,SYNTHETIC_CORE_BANKING
C000764,A0002151,OWNS_ACCOUNT,SYNTHETIC_CORE_BANKING
C001380,A0002152,OWNS_ACCOUNT,SYNTHETIC_CORE_BANKING
C000604,A0002153,OWNS_ACCOUNT,SYNTHETIC_CORE_BANKING
C001533,A0002154,OWNS_ACCOUNT,SYNTHETIC_CORE_BANKING
C000452,A0002155,OWNS_ACCOUNT,SYNTHETIC_CORE_BANKING
C000952,A0002156,OWNS_ACCOUNT,SYNTHETIC_CORE_BANKING
C001195,A0002157,OWNS_ACCOUNT,SYNTHETIC_CORE_BANKING
C001745,A0002158,OWNS_ACCOUNT,SYNTHETIC_CORE_BANKING
C001602,A0002159,OWNS_ACCOUNT,SYNTHETIC_CORE_BANKING
C001680,A0002160,OWNS_ACCOUNT,SYNTHETIC_CORE_BANKING
C000330,A0002161,OWNS_ACCOUNT,SYNTHETIC_CORE_BANKING
C000059,A0002162,OWNS_ACCOUNT,SYNTHETIC_CORE_BANKING
C000598,A0002163,OWNS_ACCOUNT,SYNTHETIC_CORE_BANKING
C001627,A0002164,OWNS_ACCOUNT,SYNTHETIC_CORE_BANKING
C000905,A0002165,OWNS_ACCOUNT,SYNTHETIC_CORE_BANKING
C001324,A0002166,OWNS_ACCOUNT,SYNTHETIC_CORE_BANKING
C000541,A0002167,OWNS_ACCOUNT,SYNTHETIC_CORE_BANKING
C000367,A0002168,OWNS_ACCOUNT,SYNTHETIC_CORE_BANKING
C000560,A0002169,OWNS_ACCOUNT,SYNTHETIC_CORE_BANKING
C000906,A0002170,OWNS_ACCOUNT,SYNTHETIC_CORE_BANKING
C001492,A0002171,OWNS_ACCOUNT,SYNTHETIC_CORE_BANKING
C001515,A0002172,OWNS_ACCOUNT,SYNTHETIC_CORE_BANKING
C000871,A0002173,OWNS_ACCOUNT,SYNTHETIC_CORE_BANKING
C001648,A0002174,OWNS_ACCOUNT,SYNTHETIC_CORE_BANKING
C001210,A0002175,OWNS_ACCOUNT,SYNTHETIC_CORE_BANKING
C001172,A0002176,OWNS_ACCOUNT,SYNTHETIC_CORE_BANKING
C001300,A0002177,OWNS_ACCOUNT,SYNTHETIC_CORE_BANKING
C000470,A0002178,OWNS_ACCOUNT,SYNTHETIC_CORE_BANKING
C001296,A0002179,OWNS_ACCOUNT,SYNTHETIC_CORE_BANKING
C001073,A0002180,OWNS_ACCOUNT,SYNTHETIC_CORE_BANKING
C000498,A0002181,OWNS_ACCOUNT,SYNTHETIC_CORE_BANKING
C000582,A0002182,OWNS_ACCOUNT,SYNTHETIC_CORE_BANKING
C000988,A0002183,OWNS_ACCOUNT,SYNTHETIC_CORE_BANKING
C001451,A0002184,OWNS_ACCOUNT,SYNTHETIC_CORE_BANKING
C000356,A0002185,OWNS_ACCOUNT,SYNTHETIC_CORE_BANKING
C001036,A0002186,OWNS_ACCOUNT,SYNTHETIC_CORE_BANKING
C001097,A0002187,OWNS_ACCOUNT,SYNTHETIC_CORE_BANKING
C000332,A0002188,OWNS_ACCOUNT,SYNTHETIC_CORE_BANKING
C000103,A0002189,OWNS_ACCOUNT,SYNTHETIC_CORE_BANKING
C001561,A0002190,OWNS_ACCOUNT,SYNTHETIC_CORE_BANKING
C001027,A0002191,OWNS_ACCOUNT,SYNTHETIC_CORE_BANKING
C000845,A0002192,OWNS_ACCOUNT,SYNTHETIC_CORE_BANKING
C000311,A0002193,OWNS_ACCOUNT,SYNTHETIC_CORE_BANKING
C000418,A0002194,OWNS_ACCOUNT,SYNTHETIC_CORE_BANKING
C001605,A0002195,OWNS_ACCOUNT,SYNTHETIC_CORE_BANKING
C000004,A0002196,OWNS_ACCOUNT,SYNTHETIC_CORE_BANKING
C001538,A0002197,OWNS_ACCOUNT,SYNTHETIC_CORE_BANKING
C000490,A0002198,OWNS_ACCOUNT,SYNTHETIC_CORE_BANKING
C000620,A0002199,OWNS_ACCOUNT,SYNTHETIC_CORE_BANKING
C001121,A0002200,OWNS_ACCOUNT,SYNTHETIC_CORE_BANKING
C000308,A0002201,OWNS_ACCOUNT,SYNTHETIC_CORE_BANKING
C000327,A0002202,OWNS_ACCOUNT,SYNTHETIC_CORE_BANKING
C001298,A0002203,OWNS_ACCOUNT,SYNTHETIC_CORE_BANKING
C001610,A0002204,OWNS_ACCOUNT,SYNTHETIC_CORE_BANKING
C001016,A0002205,OWNS_ACCOUNT,SYNTHETIC_CORE_BANKING
C000696,A0002206,OWNS_ACCOUNT,SYNTHETIC_CORE_BANKING
C000542,A0002207,OWNS_ACCOUNT,SYNTHETIC_CORE_BANKING
C001671,A0002208,OWNS_ACCOUNT,SYNTHETIC_CORE_BANKING
C000643,A0002209,OWNS_ACCOUNT,SYNTHETIC_CORE_BANKING
C001437,A0002210,OWNS_ACCOUNT,SYNTHETIC_CORE_BANKING
C001724,A0002211,OWNS_ACCOUNT,SYNTHETIC_CORE_BANKING
C000815,A0002212,OWNS_ACCOUNT,SYNTHETIC_CORE_BANKING
C000689,A0002213,OWNS_ACCOUNT,SYNTHETIC_CORE_BANKING
C000978,A0002214,OWNS_ACCOUNT,SYNTHETIC_CORE_BANKING
C000053,A0002215,OWNS_ACCOUNT,SYNTHETIC_CORE_BANKING
C000786,A0002216,OWNS_ACCOUNT,SYNTHETIC_CORE_BANKING
C001591,A0002217,OWNS_ACCOUNT,SYNTHETIC_CORE_BANKING
C000307,A0002218,OWNS_ACCOUNT,SYNTHETIC_CORE_BANKING
C000250,A0002219,OWNS_ACCOUNT,SYNTHETIC_CORE_BANKING
C000676,A0002220,OWNS_ACCOUNT,SYNTHETIC_CORE_BANKING
C000324,A0002221,OWNS_ACCOUNT,SYNTHETIC_CORE_BANKING
C000391,A0002222,OWNS_ACCOUNT,SYNTHETIC_CORE_BANKING
C000880,A0002223,OWNS_ACCOUNT,SYNTHETIC_CORE_BANKING
C001750,A0002224,OWNS_ACCOUNT,SYNTHETIC_CORE_BANKING
C000203,A0002225,OWNS_ACCOUNT,SYNTHETIC_CORE_BANKING
C001313,A0002226,OWNS_ACCOUNT,SYNTHETIC_CORE_BANKING
C000832,A0002227,OWNS_ACCOUNT,SYNTHETIC_CORE_BANKING
C001220,A0002228,OWNS_ACCOUNT,SYNTHETIC_CORE_BANKING
C000185,A0002229,OWNS_ACCOUNT,SYNTHETIC_CORE_BANKING
C000270,A0002230,OWNS_ACCOUNT,SYNTHETIC_CORE_BANKING
C001476,A0002231,OWNS_ACCOUNT,SYNTHETIC_CORE_BANKING
C000019,A0002232,OWNS_ACCOUNT,SYNTHETIC_CORE_BANKING
C000136,A0002233,OWNS_ACCOUNT,SYNTHETIC_CORE_BANKING
C000772,A0002234,OWNS_ACCOUNT,SYNTHETIC_CORE_BANKING
C000027,A0002235,OWNS_ACCOUNT,SYNTHETIC_CORE_BANKING
C000886,A0002236,OWNS_ACCOUNT,SYNTHETIC_CORE_BANKING
C000821,A0002237,OWNS_ACCOUNT,SYNTHETIC_CORE_BANKING
C001027,A0002238,OWNS_ACCOUNT,SYNTHETIC_CORE_BANKING
C000424,A0002239,OWNS_ACCOUNT,SYNTHETIC_CORE_BANKING
C001358,A0002240,OWNS_ACCOUNT,SYNTHETIC_CORE_BANKING
C000722,A0002241,OWNS_ACCOUNT,SYNTHETIC_CORE_BANKING
C001478,A0002242,OWNS_ACCOUNT,SYNTHETIC_CORE_BANKING
C000361,A0002243,OWNS_ACCOUNT,SYNTHETIC_CORE_BANKING
C001270,A0002244,OWNS_ACCOUNT,SYNTHETIC_CORE_BANKING
C001508,A0002245,OWNS_ACCOUNT,SYNTHETIC_CORE_BANKING
C001399,A0002246,OWNS_ACCOUNT,SYNTHETIC_CORE_BANKING
C000319,A0002247,OWNS_ACCOUNT,SYNTHETIC_CORE_BANKING
C001361,A0002248,OWNS_ACCOUNT,SYNTHETIC_CORE_BANKING
C001206,A0002249,OWNS_ACCOUNT,SYNTHETIC_CORE_BANKING
C000411,A0002250,OWNS_ACCOUNT,SYNTHETIC_CORE_BANKING
C000039,SHARED_DEVICE_001,USES_DEVICE,SYNTHETIC_DIGITAL_TELEMETRY
C000298,SHARED_DEVICE_001,USES_DEVICE,SYNTHETIC_DIGITAL_TELEMETRY
C001156,SHARED_DEVICE_001,USES_DEVICE,SYNTHETIC_DIGITAL_TELEMETRY
C001315,SHARED_DEVICE_002,USES_DEVICE,SYNTHETIC_DIGITAL_TELEMETRY
C001485,SHARED_DEVICE_002,USES_DEVICE,SYNTHETIC_DIGITAL_TELEMETRY
C001076,SHARED_DEVICE_003,USES_DEVICE,SYNTHETIC_DIGITAL_TELEMETRY
C000099,SHARED_DEVICE_003,USES_DEVICE,SYNTHETIC_DIGITAL_TELEMETRY
C001689,SHARED_DEVICE_003,USES_DEVICE,SYNTHETIC_DIGITAL_TELEMETRY
C001698,SHARED_DEVICE_004,USES_DEVICE,SYNTHETIC_DIGITAL_TELEMETRY
C000468,SHARED_DEVICE_004,USES_DEVICE,SYNTHETIC_DIGITAL_TELEMETRY
C000015,SHARED_DEVICE_005,USES_DEVICE,SYNTHETIC_DIGITAL_TELEMETRY
C001027,SHARED_DEVICE_005,USES_DEVICE,SYNTHETIC_DIGITAL_TELEMETRY
C000481,SHARED_DEVICE_005,USES_DEVICE,SYNTHETIC_DIGITAL_TELEMETRY
C000890,SHARED_DEVICE_005,USES_DEVICE,SYNTHETIC_DIGITAL_TELEMETRY
C001643,SHARED_DEVICE_006,USES_DEVICE,SYNTHETIC_DIGITAL_TELEMETRY
C000029,SHARED_DEVICE_006,USES_DEVICE,SYNTHETIC_DIGITAL_TELEMETRY
C001529,SHARED_DEVICE_007,USES_DEVICE,SYNTHETIC_DIGITAL_TELEMETRY
C001211,SHARED_DEVICE_007,USES_DEVICE,SYNTHETIC_DIGITAL_TELEMETRY
C000911,SHARED_DEVICE_007,USES_DEVICE,SYNTHETIC_DIGITAL_TELEMETRY
C000693,SHARED_DEVICE_008,USES_DEVICE,SYNTHETIC_DIGITAL_TELEMETRY
C000002,SHARED_DEVICE_008,USES_DEVICE,SYNTHETIC_DIGITAL_TELEMETRY
C000365,SHARED_DEVICE_008,USES_DEVICE,SYNTHETIC_DIGITAL_TELEMETRY
C001714,SHARED_DEVICE_008,USES_DEVICE,SYNTHETIC_DIGITAL_TELEMETRY
C000873,SHARED_DEVICE_009,USES_DEVICE,SYNTHETIC_DIGITAL_TELEMETRY
C000092,SHARED_DEVICE_009,USES_DEVICE,SYNTHETIC_DIGITAL_TELEMETRY
C001696,SHARED_DEVICE_009,USES_DEVICE,SYNTHETIC_DIGITAL_TELEMETRY
C000556,SHARED_DEVICE_009,USES_DEVICE,SYNTHETIC_DIGITAL_TELEMETRY
C001701,SHARED_DEVICE_010,USES_DEVICE,SYNTHETIC_DIGITAL_TELEMETRY
C001796,SHARED_DEVICE_010,USES_DEVICE,SYNTHETIC_DIGITAL_TELEMETRY
C001618,SHARED_DEVICE_011,USES_DEVICE,SYNTHETIC_DIGITAL_TELEMETRY
C000165,SHARED_DEVICE_011,USES_DEVICE,SYNTHETIC_DIGITAL_TELEMETRY
C000937,SHARED_DEVICE_011,USES_DEVICE,SYNTHETIC_DIGITAL_TELEMETRY
C000046,SHARED_DEVICE_012,USES_DEVICE,SYNTHETIC_DIGITAL_TELEMETRY
C001438,SHARED_DEVICE_012,USES_DEVICE,SYNTHETIC_DIGITAL_TELEMETRY
C000640,SHARED_DEVICE_012,USES_DEVICE,SYNTHETIC_DIGITAL_TELEMETRY
C001502,SHARED_DEVICE_013,USES_DEVICE,SYNTHETIC_DIGITAL_TELEMETRY
C000281,SHARED_DEVICE_013,USES_DEVICE,SYNTHETIC_DIGITAL_TELEMETRY
C000233,SHARED_DEVICE_013,USES_DEVICE,SYNTHETIC_DIGITAL_TELEMETRY
C000247,SHARED_DEVICE_013,USES_DEVICE,SYNTHETIC_DIGITAL_TELEMETRY
C000888,SHARED_DEVICE_014,USES_DEVICE,SYNTHETIC_DIGITAL_TELEMETRY
C000348,SHARED_DEVICE_014,USES_DEVICE,SYNTHETIC_DIGITAL_TELEMETRY
C000016,SHARED_DEVICE_015,USES_DEVICE,SYNTHETIC_DIGITAL_TELEMETRY
C001360,SHARED_DEVICE_015,USES_DEVICE,SYNTHETIC_DIGITAL_TELEMETRY
C000548,SHARED_DEVICE_015,USES_DEVICE,SYNTHETIC_DIGITAL_TELEMETRY
C000036,SHARED_DEVICE_015,USES_DEVICE,SYNTHETIC_DIGITAL_TELEMETRY
C001145,SHARED_DEVICE_016,USES_DEVICE,SYNTHETIC_DIGITAL_TELEMETRY
C000841,SHARED_DEVICE_016,USES_DEVICE,SYNTHETIC_DIGITAL_TELEMETRY
C000033,SHARED_DEVICE_016,USES_DEVICE,SYNTHETIC_DIGITAL_TELEMETRY
C001764,SHARED_DEVICE_017,USES_DEVICE,SYNTHETIC_DIGITAL_TELEMETRY
C001228,SHARED_DEVICE_017,USES_DEVICE,SYNTHETIC_DIGITAL_TELEMETRY
C000242,SHARED_DEVICE_018,USES_DEVICE,SYNTHETIC_DIGITAL_TELEMETRY
C001703,SHARED_DEVICE_018,USES_DEVICE,SYNTHETIC_DIGITAL_TELEMETRY
C001599,SHARED_DEVICE_018,USES_DEVICE,SYNTHETIC_DIGITAL_TELEMETRY
C001688,SHARED_DEVICE_018,USES_DEVICE,SYNTHETIC_DIGITAL_TELEMETRY
C000009,SHARED_DEVICE_019,USES_DEVICE,SYNTHETIC_DIGITAL_TELEMETRY
C001141,SHARED_DEVICE_019,USES_DEVICE,SYNTHETIC_DIGITAL_TELEMETRY
C000149,SHARED_DEVICE_019,USES_DEVICE,SYNTHETIC_DIGITAL_TELEMETRY
C000620,SHARED_DEVICE_020,USES_DEVICE,SYNTHETIC_DIGITAL_TELEMETRY
C001226,SHARED_DEVICE_020,USES_DEVICE,SYNTHETIC_DIGITAL_TELEMETRY
C000586,SHARED_DEVICE_021,USES_DEVICE,SYNTHETIC_DIGITAL_TELEMETRY
C001649,SHARED_DEVICE_021,USES_DEVICE,SYNTHETIC_DIGITAL_TELEMETRY
C001707,SHARED_DEVICE_021,USES_DEVICE,SYNTHETIC_DIGITAL_TELEMETRY
C001682,SHARED_DEVICE_021,USES_DEVICE,SYNTHETIC_DIGITAL_TELEMETRY
C000609,SHARED_DEVICE_022,USES_DEVICE,SYNTHETIC_DIGITAL_TELEMETRY
C001785,SHARED_DEVICE_022,USES_DEVICE,SYNTHETIC_DIGITAL_TELEMETRY
C001259,SHARED_DEVICE_022,USES_DEVICE,SYNTHETIC_DIGITAL_TELEMETRY
C001532,SHARED_DEVICE_023,USES_DEVICE,SYNTHETIC_DIGITAL_TELEMETRY
C000024,SHARED_DEVICE_023,USES_DEVICE,SYNTHETIC_DIGITAL_TELEMETRY
C001767,SHARED_DEVICE_024,USES_DEVICE,SYNTHETIC_DIGITAL_TELEMETRY
C000732,SHARED_DEVICE_024,USES_DEVICE,SYNTHETIC_DIGITAL_TELEMETRY
C001247,SHARED_DEVICE_024,USES_DEVICE,SYNTHETIC_DIGITAL_TELEMETRY
C000740,SHARED_DEVICE_025,USES_DEVICE,SYNTHETIC_DIGITAL_TELEMETRY
C000730,SHARED_DEVICE_025,USES_DEVICE,SYNTHETIC_DIGITAL_TELEMETRY
C000249,SHARED_DEVICE_025,USES_DEVICE,SYNTHETIC_DIGITAL_TELEMETRY
C000547,SHARED_DEVICE_025,USES_DEVICE,SYNTHETIC_DIGITAL_TELEMETRY
C001743,SHARED_DEVICE_026,USES_DEVICE,SYNTHETIC_DIGITAL_TELEMETRY
C000129,SHARED_DEVICE_026,USES_DEVICE,SYNTHETIC_DIGITAL_TELEMETRY
C000745,SHARED_DEVICE_026,USES_DEVICE,SYNTHETIC_DIGITAL_TELEMETRY
C001679,SHARED_DEVICE_027,USES_DEVICE,SYNTHETIC_DIGITAL_TELEMETRY
C001704,SHARED_DEVICE_027,USES_DEVICE,SYNTHETIC_DIGITAL_TELEMETRY
C000572,SHARED_DEVICE_027,USES_DEVICE,SYNTHETIC_DIGITAL_TELEMETRY
C000087,SHARED_DEVICE_028,USES_DEVICE,SYNTHETIC_DIGITAL_TELEMETRY
C000074,SHARED_DEVICE_028,USES_DEVICE,SYNTHETIC_DIGITAL_TELEMETRY
C001463,SHARED_DEVICE_028,USES_DEVICE,SYNTHETIC_DIGITAL_TELEMETRY
C000142,SHARED_DEVICE_029,USES_DEVICE,SYNTHETIC_DIGITAL_TELEMETRY
C000798,SHARED_DEVICE_029,USES_DEVICE,SYNTHETIC_DIGITAL_TELEMETRY
C000390,SHARED_DEVICE_029,USES_DEVICE,SYNTHETIC_DIGITAL_TELEMETRY
C000018,SHARED_DEVICE_029,USES_DEVICE,SYNTHETIC_DIGITAL_TELEMETRY
C001515,SHARED_DEVICE_030,USES_DEVICE,SYNTHETIC_DIGITAL_TELEMETRY
C000369,SHARED_DEVICE_030,USES_DEVICE,SYNTHETIC_DIGITAL_TELEMETRY
C001487,SHARED_DEVICE_030,USES_DEVICE,SYNTHETIC_DIGITAL_TELEMETRY
C001604,SHARED_DEVICE_031,USES_DEVICE,SYNTHETIC_DIGITAL_TELEMETRY
C000406,SHARED_DEVICE_031,USES_DEVICE,SYNTHETIC_DIGITAL_TELEMETRY
C001562,SHARED_DEVICE_031,USES_DEVICE,SYNTHETIC_DIGITAL_TELEMETRY
C000042,SHARED_DEVICE_032,USES_DEVICE,SYNTHETIC_DIGITAL_TELEMETRY
C000611,SHARED_DEVICE_032,USES_DEVICE,SYNTHETIC_DIGITAL_TELEMETRY
C000580,SHARED_DEVICE_032,USES_DEVICE,SYNTHETIC_DIGITAL_TELEMETRY
C000942,SHARED_DEVICE_033,USES_DEVICE,SYNTHETIC_DIGITAL_TELEMETRY
C000523,SHARED_DEVICE_033,USES_DEVICE,SYNTHETIC_DIGITAL_TELEMETRY
C000528,SHARED_DEVICE_033,USES_DEVICE,SYNTHETIC_DIGITAL_TELEMETRY
C000879,SHARED_DEVICE_034,USES_DEVICE,SYNTHETIC_DIGITAL_TELEMETRY
C001653,SHARED_DEVICE_034,USES_DEVICE,SYNTHETIC_DIGITAL_TELEMETRY
C000552,SHARED_DEVICE_034,USES_DEVICE,SYNTHETIC_DIGITAL_TELEMETRY
C000492,SHARED_DEVICE_035,USES_DEVICE,SYNTHETIC_DIGITAL_TELEMETRY
C001373,SHARED_DEVICE_035,USES_DEVICE,SYNTHETIC_DIGITAL_TELEMETRY
C001650,SHARED_DEVICE_036,USES_DEVICE,SYNTHETIC_DIGITAL_TELEMETRY
C000407,SHARED_DEVICE_036,USES_DEVICE,SYNTHETIC_DIGITAL_TELEMETRY
C001708,SHARED_DEVICE_036,USES_DEVICE,SYNTHETIC_DIGITAL_TELEMETRY
C000725,SHARED_DEVICE_036,USES_DEVICE,SYNTHETIC_DIGITAL_TELEMETRY
