customer_id,transaction_count,total_amount_try,unique_counterparties,maximum_transaction_try,turnover_deviation,cash_ratio,high_risk_ratio,out_in_ratio,anomaly_score,anomaly_flag
C000001,34.000000,220224.760000,33.000000,18246.010000,0.542025,0.082436,0.000000,0.906036,35.940000,False
C000002,38.000000,174528.000000,37.000000,19828.440000,0.830844,0.178683,0.000000,1.135634,48.500000,False
C000003,20.000000,46006.570000,20.000000,6017.460000,0.281189,0.079743,0.000000,1.248880,15.060000,False
C000004,25.000000,19613.460000,25.000000,2666.670000,0.430577,0.058199,0.000000,0.630287,10.500000,False
C000005,54.000000,634580.450000,54.000000,217108.260000,3.295287,0.021543,0.008778,0.798712,95.610000,True
C000006,25.000000,129335.350000,25.000000,12146.970000,0.327439,0.137449,0.000000,0.767940,0.060000,False
C000007,15.000000,10683.200000,15.000000,1347.210000,0.203812,0.226296,0.091159,3.092663,88.670000,False
C000008,63.000000,160408.180000,63.000000,12054.790000,1.385281,0.122354,0.000000,0.975339,89.560000,False
C000009,21.000000,36911.790000,21.000000,4517.830000,0.280118,0.176649,0.055609,2.425326,68.390000,False
C000010,30.000000,214035.480000,30.000000,19327.790000,0.600548,0.268488,0.000000,0.911661,38.110000,False
C000011,26.000000,68427.980000,26.000000,6990.340000,0.317367,0.382636,0.000000,1.639352,44.890000,False
C000012,23.000000,22066.470000,22.000000,2597.080000,0.448879,0.182537,0.000000,0.804243,4.560000,False
C000013,17.000000,381381.770000,17.000000,64189.060000,0.436774,0.188822,0.000000,2.106411,59.560000,False
C000014,23.000000,241954.150000,23.000000,34990.330000,0.430487,0.151414,0.000000,0.976025,10.720000,False
C000015,31.000000,311383.860000,30.000000,76262.580000,0.587012,0.164448,0.000000,0.431173,51.440000,False
C000016,47.000000,42361.530000,47.000000,4691.060000,0.749788,0.167584,0.000000,1.016106,63.280000,False
C000017,26.000000,57847.520000,26.000000,6044.820000,0.410641,0.174627,0.000000,0.546491,6.390000,False
C000018,20.000000,304335.280000,20.000000,64303.080000,0.374071,0.243488,0.000000,1.413581,44.390000,False
C000019,24.000000,13213.460000,24.000000,3865.850000,0.487096,0.140588,0.000000,0.526230,12.060000,False
C000020,24.000000,114153.040000,24.000000,14900.970000,0.384181,0.054275,0.000000,1.681922,6.940000,False
C000021,33.000000,514968.220000,33.000000,79223.530000,0.574106,0.028102,0.003604,0.537747,71.220000,False
C000022,23.000000,571255.370000,23.000000,61737.380000,0.679422,0.130594,0.000000,2.027595,60.560000,False
C000023,28.000000,46206.930000,28.000000,7822.950000,0.459107,0.120837,0.000000,0.725638,11.670000,False
C000024,23.000000,77844.340000,23.000000,10100.220000,0.378961,0.349686,0.000000,1.102224,32.780000,False
C000025,25.000000,146741.280000,25.000000,31343.190000,0.448289,0.172764,0.000000,0.898225,2.610000,False
C000026,52.000000,164658.740000,52.000000,15635.950000,0.670544,0.155334,0.012944,1.227974,74.440000,False
C000027,44.000000,542348.190000,44.000000,61137.800000,0.676772,0.175083,0.007100,0.780494,73.610000,False
C000028,26.000000,62335.220000,26.000000,6095.340000,0.471096,0.367811,0.000000,0.636091,41.720000,False
C000029,24.000000,309490.780000,24.000000,80101.790000,0.362804,0.101742,0.000000,4.134069,66.280000,False
C000030,47.000000,195957.120000,46.000000,12111.770000,0.606524,0.105401,0.000000,0.808637,61.890000,False
C000031,17.000000,40703.160000,16.000000,5695.020000,0.197180,0.046889,0.000000,0.601758,39.560000,False
C000032,18.000000,322057.680000,18.000000,47823.240000,0.408667,0.297397,0.000000,1.256104,54.720000,False
C000033,21.000000,1310244.110000,21.000000,305807.590000,0.405337,0.115399,0.000000,0.764970,90.170000,False
C000034,27.000000,232394.430000,27.000000,36990.310000,0.313149,0.167899,0.021036,1.468748,46.220000,False
C000035,20.000000,30698.890000,20.000000,5406.710000,0.356412,0.217578,0.000000,0.711766,12.670000,False
C000036,21.000000,270662.100000,21.000000,28024.340000,0.332961,0.231573,0.000000,1.626088,26.560000,False
C000037,20.000000,105969.630000,20.000000,16830.270000,0.377224,0.088691,0.000000,0.603983,8.220000,False
C000038,0.000000,0.000000,0.000000,0.000000,0.000000,0.000000,0.000000,0.000000,85.750000,False
C000039,0.000000,0.000000,0.000000,0.000000,0.000000,0.000000,0.000000,0.000000,85.750000,False
C000040,23.000000,38908.150000,23.000000,4426.840000,0.275041,0.145444,0.000000,0.922383,4.890000,False
C000041,25.000000,1293568.200000,25.000000,221333.520000,0.790097,0.306410,0.000000,1.847531,90.830000,False
C000042,22.000000,485422.270000,22.000000,71769.670000,0.265275,0.251328,0.000000,1.074935,51.390000,False
C000043,29.000000,84454.550000,29.000000,10638.240000,0.816585,0.179739,0.105353,0.762944,78.390000,False
C000044,21.000000,33272.050000,21.000000,8075.480000,0.366103,0.059905,0.000000,0.628452,7.110000,False
C000045,77.000000,99676.320000,74.000000,6317.110000,1.142348,0.148628,0.000000,0.621057,94.330000,False
C000046,26.000000,107885.490000,26.000000,28762.170000,0.655761,0.171468,0.000000,2.633735,36.670000,False
C000047,29.000000,639177.780000,29.000000,73021.280000,0.471155,0.122816,0.000000,1.802694,62.060000,False
C000048,18.000000,90256.140000,18.000000,19392.980000,0.378682,0.303381,0.000000,0.656384,42.940000,False
C000049,64.000000,2094387.770000,64.000000,323841.160000,1.334935,0.059281,0.000000,0.912901,97.890000,True
C000050,24.000000,336415.020000,24.000000,265863.000000,1.999548,0.032157,0.000000,8.538923,93.330000,False
C000051,21.000000,27144.660000,21.000000,5319.990000,0.375294,0.136384,0.000000,0.672985,2.390000,False
C000052,45.000000,240136.560000,45.000000,148643.700000,1.527348,0.032030,0.000000,4.040410,91.720000,False
C000053,39.000000,242648.090000,39.000000,39519.150000,1.408187,0.231635,0.000000,0.571911,75.500000,False
C000054,25.000000,356434.830000,24.000000,257887.110000,1.602881,0.075973,0.000000,5.736932,90.390000,False
C000055,39.000000,149367.670000,38.000000,23165.910000,0.729231,0.011868,0.000000,2.404961,71.670000,False
C000056,22.000000,5706.570000,22.000000,812.480000,0.237774,0.057266,0.000000,0.897478,20.780000,False
C000057,17.000000,8484.240000,16.000000,1739.860000,0.320437,0.214794,0.000000,1.683663,42.000000,False
C000058,21.000000,27751.170000,21.000000,4641.740000,0.505485,0.008405,0.000000,1.356515,33.440000,False
C000059,32.000000,310950.860000,32.000000,48822.540000,5.921435,0.930901,0.000000,0.021840,97.780000,True
C000060,16.000000,230219.910000,16.000000,74720.320000,0.415528,0.173210,0.000000,1.627570,59.830000,False
C000061,22.000000,275492.050000,22.000000,53325.150000,0.373155,0.218941,0.000000,0.946822,24.560000,False
C000062,27.000000,273386.090000,27.000000,25989.700000,0.355435,0.276207,0.017224,1.280382,50.720000,False
C000063,26.000000,28040.480000,26.000000,5765.960000,0.458267,0.113179,0.027520,0.534779,45.280000,False
C000064,50.000000,55310.110000,50.000000,4085.980000,0.785445,0.125454,0.000000,1.567796,70.000000,False
C000065,28.000000,50169.580000,28.000000,6643.920000,0.295238,0.192542,0.000000,0.596267,21.610000,False
C000066,41.000000,627918.130000,41.000000,122669.290000,1.236246,0.151650,0.042267,0.365319,89.720000,False
C000067,47.000000,85081.190000,47.000000,8273.140000,1.242356,0.138766,0.000000,0.696109,72.830000,False
C000068,54.000000,65539.940000,54.000000,7395.910000,0.861356,0.089401,0.000000,1.904314,76.060000,False
C000069,29.000000,92785.940000,29.000000,7831.430000,0.363604,0.032271,0.000000,1.678887,38.610000,False
C000070,75.000000,66665.560000,73.000000,4666.960000,1.377025,0.173583,0.000000,0.902185,93.720000,False
C000071,30.000000,21298.970000,30.000000,1688.650000,0.304299,0.208931,0.000000,0.994220,32.280000,False
C000072,28.000000,27531.670000,28.000000,2506.840000,0.439161,0.207771,0.000000,0.434043,22.890000,False
C000073,17.000000,471937.720000,17.000000,108091.110000,0.387193,0.450511,0.000000,2.373730,82.890000,False
C000074,32.000000,100100.780000,32.000000,9487.670000,0.411423,0.238198,0.000000,1.395508,33.780000,False
C000075,19.000000,64205.530000,19.000000,9010.890000,0.210457,0.155279,0.033762,0.539725,54.390000,False
C000076,48.000000,111258.450000,48.000000,11079.870000,1.036050,0.121789,0.000000,1.226276,67.560000,False
C000077,39.000000,80056.450000,39.000000,11475.400000,0.604431,0.156842,0.018854,2.380734,72.170000,False
C000078,31.000000,112064.450000,31.000000,17646.230000,0.723430,0.161937,0.000000,2.386262,43.060000,False
C000079,27.000000,123078.730000,27.000000,19715.370000,0.443317,0.315147,0.000000,2.406731,46.440000,False
C000080,45.000000,475680.110000,45.000000,58906.730000,0.834022,0.118734,0.123837,1.947595,90.560000,False
C000081,24.000000,27269.600000,24.000000,2705.730000,0.437715,0.144875,0.000000,0.749134,1.830000,False
C000082,28.000000,13330.110000,28.000000,2525.460000,0.406276,0.087446,0.000000,0.736336,21.060000,False
C000083,26.000000,27851.170000,26.000000,3292.450000,0.456530,0.151726,0.030478,3.555326,68.940000,False
C000084,28.000000,287703.510000,28.000000,140825.710000,0.821024,0.036041,0.000000,4.933912,81.110000,False
C000085,20.000000,668336.030000,20.000000,84536.830000,0.287036,0.063548,0.063548,0.579676,78.330000,False
C000086,19.000000,53688.570000,19.000000,10247.200000,0.345490,0.329402,0.000000,1.604600,39.110000,False
C000087,25.000000,172817.670000,25.000000,138855.260000,3.804134,0.014596,0.000000,10.320266,95.110000,True
C000088,49.000000,295198.690000,49.000000,30344.400000,0.772258,0.140473,0.000000,0.671624,65.830000,False
C000089,23.000000,165616.180000,23.000000,45884.980000,0.385593,0.175056,0.000000,1.604591,17.670000,False
C000090,21.000000,89303.430000,21.000000,17839.500000,0.420432,0.147086,0.043552,1.834306,50.940000,False
C000091,27.000000,22248.410000,27.000000,2753.520000,0.497052,0.071631,0.000000,1.024865,16.330000,False
C000092,16.000000,88175.810000,16.000000,17097.510000,0.190843,0.311821,0.000000,1.135850,54.780000,False
C000093,23.000000,61695.070000,23.000000,11946.760000,0.327307,0.028150,0.000000,0.805147,15.560000,False
C000094,18.000000,25785.060000,18.000000,9021.980000,0.482959,0.030406,0.000000,1.599620,38.390000,False
C000095,27.000000,128485.340000,27.000000,20392.900000,0.538272,0.166598,0.000000,1.232580,7.060000,False
C000096,21.000000,74121.620000,21.000000,7024.920000,0.529872,0.297476,0.000000,0.883183,33.940000,False
C000097,21.000000,388293.140000,21.000000,353916.200000,3.284568,0.017223,0.001853,0.037470,94.670000,False
C000098,36.000000,21063.720000,35.000000,2513.000000,0.877655,0.193239,0.000000,0.539417,50.890000,False
C000099,21.000000,196824.110000,21.000000,30262.440000,0.266663,0.053557,0.000000,0.665442,14.890000,False
C000100,0.000000,0.000000,0.000000,0.000000,0.000000,0.000000,0.000000,0.000000,85.750000,False
C000101,23.000000,249531.940000,23.000000,41472.340000,0.224866,0.082126,0.000000,1.441198,26.830000,False
C000102,20.000000,716759.850000,20.000000,99679.840000,0.322544,0.018433,0.000000,0.656848,71.170000,False
C000103,28.000000,49431.430000,28.000000,5351.420000,0.312363,0.169832,0.000000,0.372324,22.110000,False
C000104,29.000000,25089.210000,29.000000,2827.320000,0.404209,0.214742,0.000000,1.188768,22.330000,False
C000105,23.000000,46280.810000,23.000000,5368.110000,0.319014,0.291218,0.000000,1.477066,28.890000,False
C000106,0.000000,0.000000,0.000000,0.000000,0.000000,0.000000,0.000000,0.000000,85.750000,False
C000107,23.000000,56407.270000,23.000000,11301.730000,0.457332,0.285307,0.000000,0.848780,22.610000,False
C000108,20.000000,72887.000000,20.000000,8522.640000,0.384286,0.131625,0.000000,2.714173,36.390000,False
C000109,18.000000,172872.690000,18.000000,42196.040000,0.250734,0.080624,0.000000,1.072583,34.940000,False
C000110,22.000000,183062.350000,22.000000,39048.650000,0.318830,0.016064,0.000000,0.586663,25.560000,False
C000111,27.000000,43543.640000,27.000000,3667.470000,0.400967,0.111710,0.000000,0.654027,9.110000,False
C000112,18.000000,14999.870000,18.000000,3162.770000,0.263414,0.190944,0.000000,1.049555,29.220000,False
C000113,29.000000,149801.070000,29.000000,15508.050000,0.625228,0.155939,0.000000,1.656509,16.000000,False
C000114,16.000000,697875.340000,16.000000,112283.520000,0.301368,0.046032,0.000000,0.236020,77.500000,False
C000115,27.000000,68486.530000,27.000000,6085.060000,0.518317,0.117865,0.000000,0.770942,6.780000,False
C000116,19.000000,9558.840000,19.000000,2377.920000,0.398285,0.149584,0.000000,0.866403,17.560000,False
C000117,27.000000,376348.590000,27.000000,140727.090000,4.573846,0.017397,0.890520,0.590031,99.220000,True
C000118,24.000000,165700.870000,24.000000,15984.010000,0.293473,0.102992,0.006276,2.250546,37.500000,False
C000119,26.000000,388305.330000,26.000000,81690.490000,0.320069,0.333698,0.000000,1.064417,58.720000,False
C000120,0.000000,0.000000,0.000000,0.000000,0.000000,0.000000,0.000000,0.000000,85.750000,False
C000121,19.000000,351961.110000,19.000000,54482.650000,0.287117,0.194226,0.000000,0.993895,42.500000,False
C000122,0.000000,0.000000,0.000000,0.000000,0.000000,0.000000,0.000000,0.000000,85.750000,False
C000123,14.000000,3858.770000,14.000000,727.430000,0.160782,0.114752,0.000000,0.493540,58.440000,False
C000124,21.000000,361861.420000,21.000000,74240.330000,0.354627,0.059183,0.000000,2.660656,57.610000,False
C000125,53.000000,47383.730000,53.000000,3301.990000,0.759074,0.296080,0.029408,1.486066,88.890000,False
C000126,22.000000,127901.380000,22.000000,21816.150000,0.399399,0.324658,0.000000,2.219904,39.060000,False
C000127,23.000000,1365801.630000,23.000000,313326.250000,0.359022,0.127976,0.000000,1.290053,91.170000,False
C000128,28.000000,427289.570000,28.000000,121776.140000,1.878292,0.022560,0.748092,0.859667,97.060000,True
C000129,14.000000,65744.630000,14.000000,9615.950000,0.235094,0.205967,0.000000,0.644598,56.110000,False
C000130,25.000000,44092.740000,25.000000,7477.120000,0.524834,0.122262,0.000000,0.704325,1.890000,False
C000131,23.000000,17417.990000,23.000000,2679.450000,0.585479,0.172456,0.000000,2.354458,33.670000,False
C000132,21.000000,68938.520000,21.000000,8281.470000,0.563444,0.113623,0.000000,0.452584,9.560000,False
C000133,30.000000,1077067.270000,30.000000,171644.630000,0.704591,0.238929,0.000000,0.835957,83.390000,False
C000134,20.000000,78146.070000,20.000000,14765.720000,0.211668,0.022147,0.000000,2.464104,42.440000,False
C000135,23.000000,47610.910000,23.000000,7684.280000,0.350024,0.317037,0.000000,1.477513,32.720000,False
C000136,23.000000,57856.210000,23.000000,5455.390000,0.296681,0.135361,0.000000,1.025735,1.390000,False
C000137,23.000000,63176.770000,23.000000,7313.090000,0.291180,0.080647,0.000000,1.658516,10.060000,False
C000138,23.000000,511254.890000,23.000000,71102.470000,0.459303,0.136888,0.000000,0.443369,49.830000,False
C000139,42.000000,19424.090000,41.000000,1784.180000,0.667795,0.255804,0.000000,1.019212,63.500000,False
C000140,23.000000,66291.230000,23.000000,13277.300000,0.321267,0.393719,0.000000,1.855990,46.780000,False
C000141,18.000000,228470.060000,18.000000,48272.150000,0.366174,0.268353,0.000000,1.811542,49.670000,False
C000142,53.000000,32630.460000,53.000000,2355.300000,0.826548,0.155330,0.000000,1.362362,73.560000,False
C000143,46.000000,982460.690000,46.000000,109854.680000,0.794739,0.062867,0.000000,0.765191,82.390000,False
C000144,53.000000,219030.710000,52.000000,14322.860000,1.046093,0.188187,0.000000,1.304083,74.670000,False
C000145,31.000000,370852.100000,31.000000,60595.430000,0.448587,0.136064,0.000000,0.514198,50.280000,False
C000146,11.000000,33074.450000,11.000000,4701.670000,0.126213,0.141458,0.000000,0.763286,71.060000,False
C000147,22.000000,225970.660000,22.000000,33368.810000,0.314663,0.250118,0.000000,1.826094,27.060000,False
C000148,0.000000,0.000000,0.000000,0.000000,0.000000,0.000000,0.000000,0.000000,85.750000,False
C000149,30.000000,67284.200000,30.000000,7618.060000,0.609399,0.160910,0.000000,1.014325,18.440000,False
C000150,30.000000,597999.120000,30.000000,104933.790000,0.702759,0.035267,0.329454,2.367893,92.780000,False
C000151,52.000000,55505.590000,52.000000,5317.750000,0.761467,0.227251,0.000000,1.790763,76.330000,False
C000152,25.000000,175129.970000,25.000000,26629.400000,0.442103,0.077502,0.000000,0.404555,14.060000,False
C000153,2.000000,182364.660000,2.000000,104041.330000,4.315362,0.000000,1.000000,182364.660000,100.000000,True
C000154,22.000000,15439.610000,22.000000,2792.540000,0.643317,0.145721,0.000000,1.194252,13.940000,False
C000155,0.000000,0.000000,0.000000,0.000000,0.000000,0.000000,0.000000,0.000000,85.750000,False
C000156,48.000000,530640.400000,48.000000,452965.880000,8.014440,0.019201,0.000000,0.061807,99.440000,True
C000157,28.000000,148505.650000,28.000000,30861.430000,0.689154,0.069754,0.000000,3.602571,59.170000,False
C000158,0.000000,0.000000,0.000000,0.000000,0.000000,0.000000,0.000000,0.000000,85.750000,False
C000159,15.000000,346916.880000,15.000000,98835.480000,0.283490,0.051573,0.000000,2.328226,71.720000,False
C000160,18.000000,16836.230000,18.000000,1928.010000,0.364133,0.120630,0.000000,0.406282,27.440000,False
C000161,45.000000,132027.440000,45.000000,10472.520000,0.663718,0.089429,0.016740,0.852487,69.060000,False
C000162,25.000000,457881.880000,25.000000,141503.240000,2.397088,0.023439,0.862710,0.540241,98.060000,True
C000163,44.000000,72978.670000,44.000000,4870.020000,0.636757,0.127839,0.004749,1.247382,64.670000,False
C000164,41.000000,148269.490000,41.000000,13073.990000,0.738281,0.193649,0.000000,1.020105,52.390000,False
C000165,21.000000,114552.610000,21.000000,17784.680000,0.377861,0.155491,0.000000,0.336174,4.500000,False
C000166,0.000000,0.000000,0.000000,0.000000,0.000000,0.000000,0.000000,0.000000,85.750000,False
C000167,23.000000,102089.070000,23.000000,14373.050000,0.291340,0.219431,0.000000,1.241210,3.670000,False
C000168,49.000000,492281.690000,49.000000,62001.580000,1.128040,0.188852,0.006137,1.603794,80.670000,False
C000169,30.000000,321976.600000,30.000000,50851.770000,0.510587,0.060551,0.000000,0.848045,44.720000,False
C000170,16.000000,144834.950000,16.000000,22116.490000,0.153874,0.167022,0.000000,0.476542,47.610000,False
C000171,23.000000,126923.110000,23.000000,23334.910000,0.546099,0.170990,0.000000,0.408858,5.890000,False
C000172,22.000000,177678.330000,22.000000,27937.530000,0.352115,0.022292,0.000000,4.394903,65.110000,False
C000173,16.000000,93628.600000,16.000000,23156.670000,0.370152,0.047776,0.000000,0.544937,38.220000,False
C000174,26.000000,41614.140000,26.000000,4688.570000,0.518502,0.152135,0.000000,1.362121,6.330000,False
C000175,17.000000,22847.790000,17.000000,4132.670000,0.418202,0.156088,0.000000,0.562138,33.390000,False
C000176,42.000000,58429.070000,42.000000,6922.800000,0.540391,0.220622,0.000000,0.464873,62.110000,False
C000177,46.000000,121696.930000,46.000000,11436.770000,0.818797,0.181740,0.033003,0.619380,75.720000,False
C000178,21.000000,358800.740000,21.000000,51626.830000,0.339744,0.184337,0.000000,0.502482,34.780000,False
C000179,28.000000,97735.690000,28.000000,24432.770000,0.519545,0.377729,0.024613,0.378174,67.440000,False
C000180,15.000000,188435.220000,15.000000,35343.620000,0.274650,0.198942,0.000000,0.802196,50.390000,False
C000181,21.000000,84817.600000,21.000000,13701.520000,0.237470,0.050107,0.000000,0.522995,16.670000,False
C000182,29.000000,67682.470000,29.000000,9834.680000,0.657105,0.084242,0.000000,1.919191,34.390000,False
C000183,17.000000,19464.780000,17.000000,3523.830000,0.256842,0.000000,0.000000,0.656923,52.890000,False
C000184,29.000000,100859.070000,28.000000,13287.700000,0.508802,0.194455,0.019300,1.392136,37.110000,False
C000185,23.000000,63867.580000,23.000000,12004.520000,0.414649,0.102056,0.000000,4.038179,54.500000,False
C000186,20.000000,367583.970000,20.000000,72603.500000,0.465272,0.042585,0.000000,0.560883,44.940000,False
C000187,25.000000,241855.490000,25.000000,41044.780000,0.448931,0.161740,0.000000,1.041907,12.560000,False
C000188,21.000000,37914.960000,21.000000,4855.440000,0.413856,0.035906,0.000000,2.321198,30.830000,False
C000189,20.000000,37583.950000,20.000000,5636.470000,0.252599,0.009728,0.000000,4.339388,68.500000,False
C000190,24.000000,262163.110000,24.000000,36486.400000,0.224357,0.131446,0.000000,1.356749,18.110000,False
C000191,26.000000,40284.740000,26.000000,5690.530000,0.313643,0.269962,0.000000,1.460325,24.670000,False
C000192,27.000000,115886.500000,27.000000,20057.790000,0.558027,0.061163,0.067933,1.615355,65.610000,False
C000193,27.000000,13308.270000,27.000000,2572.410000,0.554511,0.022384,0.000000,0.574563,36.170000,False
C000194,46.000000,135136.050000,46.000000,10362.160000,0.691762,0.117167,0.000000,1.081372,60.280000,False
C000195,21.000000,20000.080000,21.000000,2480.960000,0.281830,0.253345,0.000000,1.377023,19.110000,False
C000196,24.000000,82985.930000,24.000000,12980.890000,0.394521,0.293650,0.000000,0.818477,23.610000,False
C000197,43.000000,121730.790000,43.000000,9690.520000,0.678681,0.163173,0.000000,0.893343,54.560000,False
C000198,51.000000,876791.120000,51.000000,64925.210000,0.748177,0.092043,0.000000,1.090001,81.060000,False
C000199,15.000000,533134.800000,15.000000,101912.950000,0.402645,0.214515,0.000000,0.754331,73.830000,False
C000200,23.000000,130945.320000,23.000000,24095.150000,0.401163,0.404356,0.000000,0.369704,48.280000,False
C000201,44.000000,37556.950000,44.000000,3803.880000,0.685560,0.220169,0.000000,0.661703,64.720000,False
C000202,60.000000,1375891.220000,60.000000,185474.800000,1.100871,0.161192,0.000000,0.983222,95.000000,False
C000203,17.000000,396478.880000,17.000000,46423.280000,0.173549,0.099017,0.000000,0.552569,53.560000,False
C000204,22.000000,253804.480000,22.000000,29398.830000,0.250842,0.203165,0.000000,0.871179,18.390000,False
C000205,42.000000,340662.310000,42.000000,158772.820000,4.487772,0.023308,0.000000,0.869664,94.440000,False
C000206,33.000000,132934.160000,33.000000,13576.120000,0.783819,0.171799,0.000000,0.854933,38.940000,False
C000207,25.000000,157081.380000,25.000000,29428.400000,0.339222,0.258411,0.000000,1.509302,23.220000,False
C000208,21.000000,160856.260000,21.000000,25301.200000,0.239026,0.214885,0.000000,1.627645,19.390000,False
C000209,0.000000,0.000000,0.000000,0.000000,0.000000,0.000000,0.000000,0.000000,85.750000,False
C000210,60.000000,208015.370000,60.000000,19505.350000,0.889468,0.225852,0.000000,1.820107,88.280000,False
C000211,44.000000,186486.000000,44.000000,20282.790000,0.726949,0.052242,0.054385,0.899673,79.610000,False
C000212,18.000000,13580.200000,18.000000,2250.270000,0.173338,0.000000,0.000000,1.248742,53.060000,False
C000213,31.000000,810390.640000,30.000000,93642.330000,0.343115,0.278051,0.000000,0.799794,77.890000,False
C000214,52.000000,20428.590000,51.000000,3641.640000,0.851191,0.145558,0.023789,1.139059,80.560000,False
C000215,25.000000,46027.690000,25.000000,8080.080000,0.541578,0.054357,0.000000,1.084303,13.060000,False
C000216,21.000000,67680.760000,21.000000,12661.500000,0.342587,0.117960,0.000000,1.167051,0.330000,False
C000217,43.000000,183905.200000,43.000000,28255.360000,0.721764,0.202739,0.000000,0.802370,58.390000,False
C000218,22.000000,20314.670000,22.000000,2808.000000,0.290963,0.120956,0.000000,0.573302,6.440000,False
C000219,21.000000,1070185.290000,21.000000,196465.760000,0.716997,0.132961,0.008110,0.819802,82.610000,False
C000220,49.000000,119670.640000,49.000000,11028.860000,1.059362,0.099011,0.000000,2.154449,75.390000,False
C000221,27.000000,105702.370000,27.000000,10207.370000,0.404704,0.033829,0.000000,1.213510,20.330000,False
C000222,21.000000,8950.200000,21.000000,1300.420000,0.372925,0.000000,0.000000,0.345937,42.170000,False
C000223,34.000000,334926.030000,34.000000,36610.010000,0.624965,0.073590,0.000000,1.293903,42.780000,False
C000224,19.000000,7583.740000,19.000000,1247.390000,0.293703,0.114455,0.000000,2.344700,37.390000,False
C000225,27.000000,20147.070000,27.000000,2083.200000,0.200617,0.120757,0.000000,0.825309,17.890000,False
C000226,19.000000,238642.860000,19.000000,65493.760000,0.694199,0.071243,0.000000,1.244978,50.610000,False
C000227,17.000000,55593.840000,17.000000,8463.280000,0.209964,0.449257,0.000000,0.315180,68.110000,False
C000228,26.000000,33320.170000,26.000000,6630.560000,0.391855,0.006874,0.000000,0.855063,36.220000,False
C000229,41.000000,72903.900000,41.000000,5989.170000,0.936503,0.055041,0.000000,1.743352,66.940000,False
C000230,19.000000,191642.770000,19.000000,28254.380000,0.292776,0.132791,0.000000,0.920087,21.220000,False
C000231,23.000000,105916.520000,23.000000,13257.330000,0.765892,0.077801,0.000000,0.708032,20.000000,False
C000232,50.000000,65342.290000,50.000000,8193.740000,0.462633,0.164204,0.000000,0.732907,69.440000,False
C000233,26.000000,167780.380000,25.000000,21082.540000,0.465624,0.265807,0.000000,0.574199,22.500000,False
C000234,0.000000,0.000000,0.000000,0.000000,0.000000,0.000000,0.000000,0.000000,85.750000,False
C000235,22.000000,214904.810000,22.000000,36882.160000,0.589531,0.627805,0.000000,1.690268,78.560000,False
C000236,53.000000,163298.740000,53.000000,18943.610000,0.994823,0.232669,0.000000,1.164125,75.890000,False
C000237,20.000000,15936.650000,19.000000,2242.560000,0.315146,0.065253,0.000000,0.634532,17.500000,False
C000238,20.000000,211147.700000,20.000000,48604.820000,0.326290,0.210805,0.000000,2.499293,43.440000,False
C000239,23.000000,153589.160000,23.000000,28763.060000,0.441709,0.072109,0.000000,1.694182,10.560000,False
C000240,26.000000,11365.540000,26.000000,1628.370000,0.473564,0.182140,0.000000,0.887095,8.170000,False
C000241,29.000000,24479.480000,29.000000,3801.270000,0.480227,0.210375,0.006071,0.829601,37.610000,False
C000242,23.000000,222802.610000,23.000000,24807.600000,0.324033,0.378782,0.000000,1.467279,51.670000,False
C000243,15.000000,10379.750000,15.000000,1838.480000,0.390255,0.051774,0.000000,0.706918,43.610000,False
C000244,0.000000,0.000000,0.000000,0.000000,0.000000,0.000000,0.000000,0.000000,85.750000,False
C000245,20.000000,13800.210000,20.000000,1612.770000,0.203367,0.178141,0.000000,1.669281,25.060000,False
C000246,27.000000,27554.800000,27.000000,2587.860000,0.366005,0.174928,0.000000,0.739298,8.330000,False
C000247,22.000000,755081.320000,22.000000,94562.910000,0.488872,0.198138,0.000000,1.526196,69.940000,False
C000248,23.000000,162436.780000,23.000000,34025.700000,0.392382,0.209470,0.000000,1.541167,10.890000,False
C000249,15.000000,77731.760000,15.000000,18090.730000,0.326497,0.043065,0.000000,1.166233,43.330000,False
C000250,0.000000,0.000000,0.000000,0.000000,0.000000,0.000000,0.000000,0.000000,85.750000,False
C000251,18.000000,104807.770000,18.000000,16407.020000,0.197762,0.196266,0.000000,0.766089,29.940000,False
C000252,24.000000,229027.640000,24.000000,30288.540000,0.586652,0.250052,0.000000,1.173150,20.560000,False
C000253,49.000000,43648.210000,48.000000,3421.810000,0.656938,0.139410,0.000000,2.188864,72.330000,False
C000254,21.000000,18060.110000,21.000000,2233.900000,0.160126,0.000000,0.000000,1.594851,47.670000,False
C000255,23.000000,87485.350000,23.000000,11853.600000,0.342833,0.109462,0.000000,2.505140,20.280000,False
C000256,26.000000,135302.140000,26.000000,13646.360000,0.441551,0.122264,0.000000,2.009122,10.610000,False
C000257,47.000000,190066.720000,47.000000,22976.410000,0.622507,0.138905,0.000000,0.605379,64.330000,False
C000258,22.000000,42293.250000,22.000000,8229.160000,0.448662,0.197729,0.000000,2.356655,23.560000,False
C000259,0.000000,0.000000,0.000000,0.000000,0.000000,0.000000,0.000000,0.000000,85.750000,False
C000260,25.000000,19854.400000,25.000000,2949.070000,0.329036,0.098201,0.000000,0.881823,1.720000,False
C000261,27.000000,287463.130000,27.000000,37616.380000,0.647279,0.233725,0.014006,0.653368,43.940000,False
C000262,22.000000,476371.070000,22.000000,100819.820000,0.488580,0.108985,0.000000,1.158592,47.780000,False
C000263,13.000000,33448.180000,13.000000,5209.150000,0.109109,0.230227,0.000000,1.182642,63.170000,False
C000264,27.000000,160052.610000,27.000000,18284.730000,0.391234,0.145501,0.000000,0.575952,9.890000,False
C000265,19.000000,518205.430000,19.000000,86367.370000,0.296049,0.167737,0.000000,0.574109,60.110000,False
C000266,24.000000,153792.630000,24.000000,17371.370000,0.256318,0.050985,0.000000,1.152557,13.610000,False
C000267,29.000000,71251.730000,29.000000,6155.330000,0.470254,0.179916,0.000000,1.404985,18.670000,False
C000268,23.000000,211838.390000,23.000000,22171.690000,0.466615,0.148189,0.000000,0.877596,6.560000,False
C000269,15.000000,13303.090000,15.000000,2203.530000,0.310091,0.368414,0.000000,0.498415,64.170000,False
C000270,0.000000,0.000000,0.000000,0.000000,0.000000,0.000000,0.000000,0.000000,85.750000,False
C000271,17.000000,63978.840000,17.000000,11623.390000,0.212171,0.168248,0.000000,2.051079,39.440000,False
C000272,37.000000,213652.830000,37.000000,17389.050000,0.522385,0.225261,0.000000,1.293852,47.220000,False
C000273,19.000000,172877.760000,19.000000,20029.900000,0.300772,0.055929,0.000000,0.649366,21.440000,False
C000274,21.000000,131778.020000,21.000000,19527.960000,0.367362,0.007697,0.000000,0.636779,30.390000,False
C000275,37.000000,146131.630000,37.000000,19625.310000,0.613732,0.091335,0.000000,0.732656,48.110000,False
C000276,27.000000,8585.660000,27.000000,833.900000,0.357736,0.000000,0.000000,0.448568,49.610000,False
C000277,20.000000,53978.170000,20.000000,8704.880000,0.347807,0.230301,0.000000,1.856881,19.170000,False
C000278,52.000000,16328.150000,52.000000,1760.330000,0.680340,0.091080,0.000000,0.848368,73.780000,False
C000279,18.000000,8833.960000,18.000000,1095.750000,0.368082,0.132829,0.000000,1.373145,29.440000,False
C000280,23.000000,54730.600000,23.000000,18572.500000,0.621080,0.061167,0.000000,0.349458,15.890000,False
C000281,24.000000,261952.310000,24.000000,26442.130000,0.399137,0.000000,0.000000,0.468307,40.610000,False
C000282,49.000000,43381.960000,49.000000,7273.740000,0.742618,0.151211,0.000000,0.623841,67.500000,False
C000283,17.000000,99120.990000,17.000000,28799.150000,0.245527,0.369788,0.000000,1.612741,55.890000,False
C000284,18.000000,38702.140000,18.000000,6824.280000,0.263304,0.198669,0.000000,0.593419,30.890000,False
C000285,38.000000,128375.910000,38.000000,18680.790000,0.483956,0.270282,0.000000,0.970098,57.670000,False
C000286,36.000000,168404.850000,36.000000,34139.230000,0.683764,0.312256,0.035019,1.529116,76.500000,False
C000287,42.000000,57180.370000,42.000000,8001.640000,0.594759,0.142082,0.000000,0.850163,57.720000,False
C000288,21.000000,57256.310000,21.000000,10089.260000,0.646681,0.041652,0.000000,0.954733,18.500000,False
C000289,0.000000,0.000000,0.000000,0.000000,0.000000,0.000000,0.000000,0.000000,85.750000,False
C000290,20.000000,46284.260000,20.000000,9258.740000,0.251964,0.171968,0.047240,0.503007,58.670000,False
C000291,20.000000,150245.690000,20.000000,22431.960000,0.289132,0.143243,0.000000,2.503396,33.220000,False
C000292,27.000000,246444.850000,27.000000,24326.810000,0.578585,0.221183,0.011690,1.512367,39.610000,False
C000293,28.000000,55048.110000,28.000000,13644.700000,0.486442,0.249338,0.000000,2.276465,34.560000,False
C000294,24.000000,29219.620000,23.000000,3922.660000,0.328934,0.043124,0.019318,2.208923,51.890000,False
C000295,11.000000,28857.960000,11.000000,7668.430000,0.215347,0.019080,0.000000,1.365502,74.780000,False
C000296,50.000000,39630.960000,50.000000,3491.410000,0.766409,0.219869,0.000000,0.678368,72.280000,False
C000297,14.000000,83295.770000,14.000000,32586.690000,0.175300,0.086316,0.000000,0.287041,59.780000,False
C000298,69.000000,315439.370000,69.000000,22630.370000,1.564953,0.191464,0.000000,0.836750,92.940000,False
C000299,24.000000,252858.250000,24.000000,41574.950000,0.385169,0.239334,0.000000,1.629141,29.390000,False
C000300,48.000000,101809.470000,48.000000,28694.690000,0.974011,0.159549,0.003832,0.689313,70.280000,False
C000301,22.000000,100824.580000,22.000000,9861.180000,0.760413,0.171641,0.000000,0.763993,17.280000,False
C000302,31.000000,314556.060000,31.000000,48819.140000,3.768666,0.917902,0.000000,0.065938,96.440000,True
C000303,27.000000,72646.090000,27.000000,9473.350000,0.459069,0.184699,0.000000,0.938049,3.830000,False
C000304,22.000000,37263.520000,22.000000,4332.250000,0.201799,0.209211,0.000000,1.104782,15.110000,False
C000305,30.000000,38521.060000,30.000000,3444.270000,0.543977,0.255464,0.000000,0.958598,31.220000,False
C000306,18.000000,28447.720000,18.000000,11161.770000,0.391963,0.042546,0.000000,1.077108,28.330000,False
C000307,24.000000,412101.890000,24.000000,48877.890000,0.410367,0.010939,0.022775,1.298853,60.000000,False
C000308,36.000000,577428.080000,36.000000,88361.760000,0.902625,0.220979,0.000000,0.588201,72.500000,False
C000309,15.000000,252796.290000,15.000000,80668.960000,0.249826,0.213795,0.000000,1.646868,66.000000,False
C000310,12.000000,5043.610000,12.000000,1212.740000,0.165197,0.277795,0.000000,9.219046,90.940000,False
C000311,23.000000,48796.830000,23.000000,17499.950000,0.371147,0.036164,0.000000,0.313611,16.500000,False
C000312,29.000000,35274.740000,29.000000,4030.070000,0.421882,0.030259,0.000000,0.812128,34.220000,False
C000313,24.000000,14610.890000,24.000000,2154.880000,0.308167,0.054643,0.000000,0.348845,19.940000,False
C000314,22.000000,25018.390000,22.000000,3893.420000,0.438607,0.049849,0.000000,0.715726,11.000000,False
C000315,23.000000,38282.640000,23.000000,9669.250000,0.395657,0.393535,0.046364,0.858668,67.670000,False
C000316,21.000000,15765.530000,21.000000,2132.070000,0.239786,0.044652,0.000000,0.769523,22.000000,False
C000317,57.000000,480222.320000,56.000000,48667.000000,1.055140,0.132349,0.000000,1.204491,80.940000,False
C000318,22.000000,128628.350000,22.000000,20281.030000,0.375451,0.098193,0.000000,1.717261,2.110000,False
C000319,14.000000,64411.320000,14.000000,12555.660000,0.234225,0.371815,0.000000,0.887832,66.060000,False
C000320,19.000000,38684.510000,19.000000,4819.800000,0.183243,0.093667,0.000000,1.710058,27.890000,False
C000321,32.000000,152868.410000,32.000000,14601.100000,0.620914,0.216826,0.000000,0.960123,25.170000,False
C000322,24.000000,32169.460000,24.000000,3489.550000,0.385538,0.029879,0.000000,1.159330,19.060000,False
C000323,22.000000,107315.630000,22.000000,19930.960000,0.524929,0.009766,0.009872,1.823796,48.560000,False
C000324,47.000000,129525.810000,46.000000,13781.920000,0.798359,0.090408,0.000000,0.624171,62.890000,False
C000325,41.000000,734237.830000,41.000000,110255.750000,0.706043,0.139347,0.000000,1.732883,79.280000,False
C000326,30.000000,372073.200000,30.000000,52165.190000,0.557862,0.183243,0.023871,0.686396,57.940000,False
C000327,18.000000,100197.740000,18.000000,23851.650000,0.565470,0.216793,0.000000,1.692222,33.110000,False
C000328,47.000000,69037.100000,47.000000,5950.970000,0.737087,0.133144,0.000000,0.810702,62.780000,False
C000329,30.000000,239445.070000,28.000000,51598.220000,0.574207,0.362921,0.120607,1.337102,88.830000,False
C000330,23.000000,46069.400000,23.000000,4466.680000,0.401923,0.061420,0.000000,1.902320,13.500000,False
C000331,18.000000,37990.680000,18.000000,12821.800000,0.272662,0.421582,0.000000,1.081284,61.000000,False
C000332,21.000000,28530.350000,21.000000,3659.650000,0.252332,0.042636,0.000000,0.173706,26.720000,False
C000333,26.000000,43982.410000,26.000000,5406.000000,0.246946,0.225439,0.000000,2.593064,38.780000,False
C000334,20.000000,75837.500000,20.000000,10904.040000,0.250264,0.126278,0.000000,0.869006,6.500000,False
C000335,19.000000,58710.280000,19.000000,8060.020000,0.359572,0.000000,0.000000,0.991653,40.060000,False
C000336,14.000000,18070.620000,14.000000,9138.230000,0.574188,0.036278,0.000000,0.726950,60.830000,False
C000337,19.000000,44996.180000,18.000000,11559.660000,0.250239,0.049254,0.000000,0.326322,32.500000,False
C000338,26.000000,335694.870000,26.000000,36714.860000,0.471883,0.197802,0.000000,0.825288,15.720000,False
C000339,57.000000,233113.960000,57.000000,27416.830000,0.862264,0.219449,0.000000,1.007992,79.220000,False
C000340,18.000000,351830.410000,18.000000,72696.020000,0.320114,0.076029,0.000000,0.317303,58.110000,False
C000341,72.000000,127733.050000,71.000000,7467.660000,1.019809,0.194366,0.000000,0.720348,91.940000,False
C000342,44.000000,117742.950000,43.000000,17080.240000,0.931916,0.173721,0.000000,0.780750,61.720000,False
C000343,27.000000,450129.560000,27.000000,106478.240000,0.372086,0.161607,0.000000,0.508931,58.220000,False
C000344,30.000000,424266.010000,30.000000,210305.890000,9.082963,0.019459,0.000000,0.866378,96.500000,True
C000345,17.000000,36816.630000,17.000000,6139.140000,0.177448,0.166749,0.000000,2.095528,44.830000,False
C000346,20.000000,261606.910000,20.000000,82109.260000,0.337361,0.013023,0.000000,1.210346,53.670000,False
C000347,22.000000,57623.600000,22.000000,7790.330000,0.514149,0.170298,0.000000,0.483724,9.670000,False
C000348,41.000000,96665.510000,41.000000,11699.300000,0.590855,0.034960,0.051123,1.179747,78.280000,False
C000349,21.000000,84101.890000,21.000000,14159.680000,0.205773,0.344358,0.000000,0.837717,41.500000,False
C000350,23.000000,203914.250000,23.000000,92099.410000,0.735698,0.063618,0.000000,0.477113,50.110000,False
C000351,40.000000,378856.160000,40.000000,28711.910000,0.456302,0.311630,0.040230,0.712658,80.280000,False
C000352,18.000000,184064.870000,18.000000,21646.940000,0.187726,0.168381,0.000000,0.919107,34.280000,False
C000353,50.000000,66763.310000,50.000000,5787.040000,0.774581,0.252724,0.000000,2.016016,76.390000,False
C000354,24.000000,62921.990000,24.000000,9943.630000,0.452666,0.189548,0.000000,0.423206,8.720000,False
C000355,18.000000,42864.800000,18.000000,9350.750000,0.395092,0.029077,0.000000,1.730599,31.830000,False
C000356,16.000000,98475.870000,16.000000,35811.210000,0.286485,0.059863,0.000000,1.490403,39.940000,False
C000357,23.000000,90863.030000,23.000000,14210.130000,0.329958,0.013939,0.000000,0.246186,29.170000,False
C000358,24.000000,382138.560000,24.000000,72956.930000,0.356202,0.228725,0.000000,2.262599,53.830000,False
C000359,26.000000,698740.740000,26.000000,325094.880000,2.787593,0.012781,0.000000,0.894577,92.440000,False
C000360,16.000000,39737.090000,16.000000,10772.530000,0.445073,0.047402,0.000000,6.171051,77.170000,False
C000361,20.000000,40796.870000,20.000000,5871.360000,0.315435,0.050681,0.000000,0.424049,17.780000,False
C000362,21.000000,437398.040000,21.000000,49113.090000,0.931796,0.660659,0.000000,0.162201,88.170000,False
C000363,54.000000,24097.990000,54.000000,2268.010000,0.919637,0.117645,0.000000,0.568765,77.220000,False
C000364,25.000000,27031.650000,25.000000,4965.980000,0.712924,0.151050,0.000000,0.842572,19.440000,False
C000365,25.000000,29776.670000,25.000000,5600.120000,0.819273,0.260005,0.000000,1.902368,44.170000,False
C000366,17.000000,66955.510000,17.000000,10309.620000,0.298555,0.395362,0.000000,0.340424,58.500000,False
C000367,25.000000,2619158.380000,25.000000,445131.660000,0.349794,0.045138,0.091179,0.981704,97.390000,True
C000368,55.000000,368675.430000,54.000000,26086.000000,1.071142,0.090876,0.000000,0.576307,77.830000,False
C000369,55.000000,434411.430000,55.000000,38053.290000,0.963859,0.144471,0.000000,2.747913,82.670000,False
C000370,21.000000,17171.120000,21.000000,2203.980000,0.383342,0.213085,0.000000,1.049304,8.060000,False
C000371,39.000000,17003.240000,39.000000,1833.180000,0.500926,0.125352,0.013873,1.488477,67.390000,False
C000372,26.000000,197372.000000,26.000000,24925.440000,0.516672,0.223433,0.000000,1.234256,13.830000,False
C000373,24.000000,139699.730000,24.000000,15641.670000,0.475459,0.147931,0.000000,1.244202,0.560000,False
C000374,59.000000,191201.880000,59.000000,20154.810000,0.736402,0.256285,0.000000,0.931966,82.330000,False
C000375,22.000000,58441.290000,22.000000,8680.210000,0.387613,0.214991,0.000000,0.747898,2.670000,False
C000376,24.000000,508152.010000,24.000000,115055.960000,0.552920,0.200019,0.000000,1.611702,58.940000,False
C000377,24.000000,72283.030000,24.000000,16546.510000,0.465109,0.077477,0.000000,0.827348,2.060000,False
C000378,29.000000,85393.910000,29.000000,19781.260000,0.652470,0.054549,0.000000,3.490935,58.330000,False
C000379,21.000000,173432.590000,21.000000,49737.540000,0.345665,0.029222,0.000000,0.936114,27.610000,False
C000380,39.000000,23375.870000,39.000000,4074.460000,0.656178,0.192093,0.000000,1.093556,55.330000,False
C000381,26.000000,16176.750000,26.000000,2719.010000,0.433780,0.265301,0.000000,0.503847,27.330000,False
C000382,0.000000,0.000000,0.000000,0.000000,0.000000,0.000000,0.000000,0.000000,85.750000,False
C000383,32.000000,177864.860000,32.000000,14341.940000,0.427687,0.264661,0.000000,0.731591,43.830000,False
C000384,35.000000,239013.950000,35.000000,27764.410000,0.371446,0.061621,0.000000,0.575511,48.890000,False
C000385,25.000000,125224.320000,25.000000,19703.040000,0.465859,0.082860,0.000000,0.661085,4.670000,False
C000386,30.000000,148291.760000,30.000000,21640.200000,0.512780,0.388179,0.000000,1.249924,54.440000,False
C000387,45.000000,162462.510000,45.000000,12471.170000,0.674757,0.135652,0.000000,1.695415,62.000000,False
C000388,24.000000,126016.440000,24.000000,24673.490000,0.365016,0.323819,0.000000,1.319269,31.500000,False
C000389,1.000000,143149.760000,1.000000,143149.760000,0.454102,0.000000,0.000000,143149.760000,98.940000,True
C000390,25.000000,1288662.140000,25.000000,526636.880000,1.381490,0.028890,0.000000,0.879790,95.780000,True
C000391,27.000000,20078.450000,27.000000,1536.220000,0.625735,0.184414,0.000000,0.609218,17.830000,False
C000392,27.000000,32727.230000,27.000000,3984.700000,0.499302,0.287380,0.000000,1.258850,34.440000,False
C000393,21.000000,927294.410000,21.000000,112866.940000,0.547285,0.000000,0.000000,1.112365,78.220000,False
C000394,31.000000,22959.640000,31.000000,2794.780000,0.469183,0.279766,0.000000,1.207157,45.110000,False
C000395,22.000000,66748.950000,22.000000,8978.490000,0.469626,0.104327,0.000000,1.137245,1.560000,False
C000396,23.000000,256352.100000,23.000000,51033.050000,0.186248,0.273849,0.000000,1.255107,45.500000,False
C000397,15.000000,129598.410000,15.000000,27360.410000,0.293458,0.141282,0.000000,0.452477,41.940000,False
C000398,16.000000,116412.970000,16.000000,36792.550000,0.566240,0.161751,0.000000,0.429692,46.280000,False
C000399,19.000000,187972.370000,19.000000,26332.130000,0.253475,0.127805,0.000000,1.860018,26.000000,False
C000400,53.000000,51552.500000,53.000000,4293.890000,0.938066,0.000000,0.000000,2.094880,81.500000,False
C000401,56.000000,21399.680000,56.000000,1579.800000,0.794152,0.144588,0.000000,0.848885,77.560000,False
C000402,0.000000,0.000000,0.000000,0.000000,0.000000,0.000000,0.000000,0.000000,85.750000,False
C000403,15.000000,183418.090000,15.000000,42079.010000,0.268724,0.346223,0.000000,0.140188,66.440000,False
C000404,18.000000,43133.060000,18.000000,4758.880000,0.207022,0.408936,0.000000,1.648379,61.060000,False
C000405,24.000000,40245.470000,24.000000,6478.930000,0.289170,0.248621,0.000000,0.748593,13.220000,False
C000406,20.000000,30889.270000,20.000000,5387.240000,0.346391,0.157415,0.000000,1.433732,10.220000,False
C000407,27.000000,10905.010000,27.000000,2156.490000,0.454375,0.060412,0.000000,3.174902,50.440000,False
C000408,25.000000,1078490.720000,25.000000,180939.890000,0.333179,0.084555,0.000000,0.489578,78.940000,False
C000409,71.000000,136406.500000,71.000000,10918.140000,0.991945,0.066967,0.007126,0.473339,92.670000,False
C000410,32.000000,570135.470000,32.000000,65208.550000,0.552971,0.192589,0.000000,0.947050,64.000000,False
C000411,48.000000,335606.740000,48.000000,33397.310000,0.674797,0.169244,0.000000,1.701605,68.060000,False
C000412,17.000000,195272.040000,17.000000,39030.940000,0.259654,0.166191,0.000000,0.409389,42.610000,False
C000413,25.000000,10388.180000,25.000000,1547.890000,0.432841,0.111614,0.076125,0.747213,65.560000,False
C000414,0.000000,0.000000,0.000000,0.000000,0.000000,0.000000,0.000000,0.000000,85.750000,False
C000415,20.000000,28677.310000,20.000000,3523.900000,0.373647,0.152495,0.000000,2.069636,24.890000,False
C000416,25.000000,33734.690000,25.000000,3802.890000,0.350655,0.154736,0.000000,1.324805,4.440000,False
C000417,21.000000,459865.040000,21.000000,116565.990000,0.407159,0.107501,0.000000,1.381145,54.110000,False
C000418,24.000000,210950.100000,24.000000,31161.650000,0.453051,0.101418,0.000000,0.450575,11.220000,False
C000419,19.000000,7032.250000,19.000000,1376.680000,0.238817,0.101482,0.000000,1.219454,23.170000,False
C000420,44.000000,2603085.710000,43.000000,300968.200000,0.836006,0.143660,0.000000,1.337809,96.720000,True
C000421,46.000000,333040.730000,45.000000,71217.660000,0.642727,0.183696,0.000000,1.034613,70.720000,False
C000422,22.000000,160455.600000,22.000000,30195.050000,0.380288,0.101016,0.000000,0.813917,0.830000,False
C000423,29.000000,34093.240000,29.000000,4928.330000,0.338776,0.048635,0.000000,0.511906,30.670000,False
C000424,48.000000,80589.220000,48.000000,4495.220000,0.491314,0.049929,0.000000,1.302776,70.940000,False
C000425,18.000000,35618.920000,18.000000,5337.720000,0.271513,0.413049,0.000000,4.396643,79.830000,False
C000426,13.000000,50757.940000,13.000000,13387.630000,0.260860,0.066155,0.000000,2.186405,64.060000,False
C000427,31.000000,583786.900000,31.000000,108947.370000,0.538445,0.095413,0.000000,0.631937,66.110000,False
C000428,19.000000,140006.380000,19.000000,16739.160000,0.386891,0.072408,0.000000,1.259751,8.280000,False
C000429,16.000000,314927.240000,16.000000,53889.440000,0.228191,0.160781,0.000000,0.820280,55.500000,False
C000430,20.000000,19110.030000,20.000000,2534.770000,0.291063,0.253922,0.000000,0.996382,25.280000,False
C000431,19.000000,371746.830000,19.000000,73424.690000,0.291499,0.205917,0.000000,1.300135,50.000000,False
C000432,47.000000,45185.130000,47.000000,3488.300000,0.902444,0.134787,0.000000,2.099396,70.610000,False
C000433,50.000000,265377.380000,50.000000,17523.580000,0.739969,0.110047,0.000000,1.299581,67.110000,False
C000434,0.000000,0.000000,0.000000,0.000000,0.000000,0.000000,0.000000,0.000000,85.750000,False
C000435,21.000000,22385.980000,21.000000,3568.470000,0.361212,0.051661,0.000000,1.109091,10.670000,False
C000436,19.000000,46170.570000,19.000000,6225.310000,0.303554,0.201312,0.041537,1.808530,59.670000,False
C000437,23.000000,537659.610000,23.000000,70480.320000,0.390391,0.242878,0.000000,2.990667,67.940000,False
C000438,27.000000,13059.980000,27.000000,1425.020000,0.335766,0.061018,0.000000,0.800033,20.720000,False
C000439,27.000000,23140.650000,27.000000,3586.400000,0.425297,0.185622,0.000000,0.969283,11.170000,False
C000440,19.000000,133334.970000,19.000000,18293.610000,0.504976,0.280274,0.000000,0.387075,39.500000,False
C000441,21.000000,39564.660000,21.000000,6727.820000,0.446223,0.000000,0.000000,0.786864,35.000000,False
C000442,48.000000,180270.190000,48.000000,17131.580000,0.668647,0.285399,0.000000,1.069737,72.220000,False
C000443,24.000000,325113.080000,23.000000,58645.280000,0.285671,0.147988,0.000000,2.003682,40.500000,False
C000444,20.000000,30019.190000,20.000000,6683.040000,0.535442,0.186120,0.000000,1.466993,23.390000,False
C000445,18.000000,18067.760000,18.000000,2830.720000,0.383777,0.224930,0.000000,1.000901,27.560000,False
C000446,29.000000,474448.930000,29.000000,246332.970000,16.473492,0.004817,0.000000,0.888882,97.440000,True
C000447,50.000000,4300207.250000,50.000000,441244.740000,0.702854,0.178969,0.000000,1.007613,98.890000,True
C000448,27.000000,206813.640000,27.000000,155505.640000,1.686419,0.033778,0.000000,16.011520,92.390000,False
C000449,24.000000,153316.420000,24.000000,20156.160000,0.369814,0.263149,0.000000,0.309398,28.280000,False
C000450,19.000000,12642.370000,19.000000,3273.060000,0.526765,0.320531,0.000000,1.387750,49.720000,False
C000451,37.000000,224580.470000,37.000000,19659.380000,0.463223,0.092601,0.000000,0.997331,49.330000,False
C000452,56.000000,161285.360000,56.000000,17131.740000,0.669589,0.098163,0.000000,1.152414,73.890000,False
C000453,19.000000,57528.460000,18.000000,7477.200000,0.261043,0.098869,0.000000,1.641702,25.330000,False
C000454,44.000000,260437.900000,43.000000,23161.160000,0.813413,0.081823,0.000000,0.886473,62.330000,False
C000455,58.000000,845155.780000,58.000000,58831.020000,0.966303,0.217908,0.000000,1.290428,89.780000,False
C000456,19.000000,49320.850000,19.000000,11644.770000,0.296156,0.236102,0.000000,1.300542,16.890000,False
C000457,15.000000,10603.050000,15.000000,3712.760000,0.271806,0.028198,0.000000,0.198579,51.720000,False
C000458,31.000000,8469.400000,31.000000,714.340000,0.352892,0.169371,0.000000,2.816713,56.500000,False
C000459,28.000000,148871.830000,28.000000,16073.660000,0.336031,0.120923,0.000000,0.898633,3.500000,False
C000460,19.000000,330629.790000,19.000000,61202.380000,0.320438,0.133359,0.000000,0.474513,40.390000,False
C000461,55.000000,25895.910000,55.000000,3175.850000,1.078996,0.070905,0.000000,1.046629,79.060000,False
C000462,22.000000,110615.250000,22.000000,13391.320000,0.293926,0.173083,0.000000,0.651215,3.110000,False
C000463,0.000000,0.000000,0.000000,0.000000,0.000000,0.000000,0.000000,0.000000,85.750000,False
C000464,31.000000,378369.270000,31.000000,49473.730000,1.546410,0.801733,0.003151,0.120857,92.720000,False
C000465,21.000000,28995.570000,20.000000,9304.460000,0.423459,0.000000,0.000000,1.894986,40.830000,False
C000466,86.000000,52717.320000,86.000000,4107.600000,1.214202,0.161004,0.000000,0.877300,96.330000,True
C000467,49.000000,118407.160000,49.000000,7065.160000,1.114592,0.118594,0.000000,1.928761,75.110000,False
C000468,45.000000,256767.670000,45.000000,25708.900000,0.884285,0.136069,0.011796,1.764232,70.110000,False
C000469,37.000000,412394.630000,36.000000,35640.830000,0.718535,0.102036,0.000000,1.238262,50.830000,False
C000470,48.000000,1016522.820000,48.000000,58606.270000,0.816294,0.133904,0.000000,0.906893,79.330000,False
C000471,21.000000,77118.700000,21.000000,10571.370000,0.562841,0.180455,0.000000,2.158485,21.500000,False
C000472,26.000000,435609.310000,26.000000,72448.160000,0.468990,0.070096,0.000000,2.104555,54.280000,False
C000473,23.000000,173936.060000,23.000000,30133.020000,0.271011,0.079963,0.000000,1.543437,16.830000,False
C000474,25.000000,803856.920000,25.000000,406099.500000,3.660340,0.013468,0.000000,0.795661,96.280000,True
C000475,25.000000,63429.560000,25.000000,9155.080000,0.463870,0.132169,0.000000,2.902863,34.330000,False
C000476,16.000000,31249.040000,16.000000,5602.500000,0.247977,0.070151,0.000000,0.654600,38.330000,False
C000477,39.000000,442794.640000,39.000000,48175.690000,0.653044,0.120575,0.010854,0.852398,69.000000,False
C000478,22.000000,45526.570000,22.000000,6859.020000,0.253035,0.122768,0.000000,0.726415,4.000000,False
C000479,22.000000,376565.130000,22.000000,43926.210000,0.500399,0.176369,0.000000,1.679249,33.330000,False
C000480,14.000000,30160.260000,14.000000,5438.850000,0.287407,0.160825,0.000000,1.268890,53.220000,False
C000481,21.000000,202970.510000,21.000000,24815.950000,0.415486,0.148274,0.012951,0.953377,28.780000,False
C000482,0.000000,0.000000,0.000000,0.000000,0.000000,0.000000,0.000000,0.000000,85.750000,False
C000483,31.000000,1005877.060000,31.000000,243088.730000,0.467128,0.102076,0.000000,4.384423,90.500000,False
C000484,16.000000,56078.990000,16.000000,8807.110000,0.202660,0.116598,0.000000,1.566494,36.610000,False
C000485,32.000000,69950.840000,32.000000,10266.450000,0.456319,0.109492,0.000000,1.260663,25.390000,False
C000486,19.000000,24170.230000,19.000000,4079.260000,0.383590,0.211910,0.000000,0.851655,14.500000,False
C000487,21.000000,22572.470000,21.000000,3840.400000,0.227419,0.142069,0.000000,1.660784,12.110000,False
C000488,19.000000,51383.120000,19.000000,6600.560000,0.268738,0.284124,0.000000,1.894670,40.110000,False
C000489,43.000000,681840.750000,43.000000,92863.060000,0.946019,0.124286,0.000000,2.633091,82.220000,False
C000490,24.000000,33657.640000,24.000000,4407.400000,0.301510,0.225650,0.054759,0.722837,62.170000,False
C000491,26.000000,472231.630000,26.000000,61865.860000,0.296862,0.043203,0.000000,0.419264,49.060000,False
C000492,18.000000,8402.730000,18.000000,1464.350000,0.309973,0.080765,0.000000,1.158564,29.060000,False
C000493,21.000000,509480.300000,20.000000,133289.310000,0.441181,0.290653,0.000000,0.688485,69.890000,False
C000494,44.000000,234379.940000,44.000000,26647.380000,0.793732,0.167638,0.000000,1.426615,59.610000,False
C000495,28.000000,261291.500000,28.000000,37055.600000,0.830123,0.207387,0.000000,0.856676,38.890000,False
C000496,77.000000,329758.630000,76.000000,132663.420000,11.941676,0.015032,0.914834,0.784625,99.940000,True
C000497,48.000000,59562.300000,48.000000,8248.680000,0.777418,0.318685,0.000000,0.970638,74.610000,False
C000498,28.000000,596066.230000,28.000000,174136.400000,0.393783,0.064270,0.000000,0.218444,75.780000,False
C000499,19.000000,66816.610000,19.000000,13244.650000,0.537716,0.297638,0.000000,0.885579,43.390000,False
C000500,20.000000,84954.700000,20.000000,8419.970000,0.230402,0.227352,0.000000,1.163223,19.280000,False
C000501,21.000000,15377.420000,21.000000,1955.060000,0.474667,0.082986,0.055920,1.585292,61.940000,False
C000502,12.000000,38218.730000,12.000000,8145.780000,0.232059,0.000000,0.000000,0.997097,72.560000,False
C000503,45.000000,1283963.560000,44.000000,96110.990000,0.775633,0.152517,0.000000,0.790458,83.500000,False
C000504,29.000000,36252.910000,29.000000,5528.420000,0.506676,0.189966,0.000000,1.589397,24.610000,False
C000505,24.000000,504004.840000,24.000000,107895.140000,1.082132,0.038469,0.605524,0.886151,95.060000,True
C000506,27.000000,205428.120000,27.000000,38863.340000,0.902722,0.236354,0.000000,1.087055,43.670000,False
C000507,26.000000,18967.820000,26.000000,2182.880000,0.329374,0.057217,0.000000,1.470469,17.060000,False
C000508,0.000000,0.000000,0.000000,0.000000,0.000000,0.000000,0.000000,0.000000,85.750000,False
C000509,15.000000,296323.380000,15.000000,72754.490000,0.295351,0.096716,0.000000,2.382517,67.330000,False
C000510,20.000000,14096.720000,20.000000,2260.310000,0.267497,0.198655,0.000000,1.324473,18.560000,False
C000511,21.000000,86143.150000,21.000000,11907.120000,0.191400,0.044160,0.037801,0.669281,55.390000,False
C000512,49.000000,234358.730000,49.000000,23366.540000,0.898834,0.310978,0.013542,0.680196,80.390000,False
C000513,14.000000,112882.710000,14.000000,25367.220000,0.247575,0.000000,0.000000,0.715679,66.780000,False
C000514,0.000000,0.000000,0.000000,0.000000,0.000000,0.000000,0.000000,0.000000,85.750000,False
C000515,36.000000,238817.220000,36.000000,26435.090000,0.463757,0.397571,0.000000,1.547188,68.440000,False
C000516,19.000000,161445.980000,19.000000,31679.740000,0.419851,0.092196,0.000000,1.113134,15.170000,False
C000517,0.000000,0.000000,0.000000,0.000000,0.000000,0.000000,0.000000,0.000000,85.750000,False
C000518,21.000000,859913.050000,21.000000,229621.860000,0.378426,0.264941,0.000000,0.275539,88.440000,False
C000519,21.000000,101957.700000,20.000000,25567.320000,0.470526,0.007786,0.000000,1.738530,36.500000,False
C000520,23.000000,478561.310000,23.000000,89527.770000,0.248952,0.194974,0.000000,0.941653,53.390000,False
C000521,26.000000,99736.270000,26.000000,17044.240000,0.338675,0.088201,0.000000,0.419548,6.890000,False
C000522,27.000000,58127.580000,27.000000,7963.820000,0.624553,0.412817,0.000000,0.562249,57.170000,False
C000523,19.000000,8832.300000,19.000000,1800.070000,0.326053,0.245973,0.000000,0.836199,24.280000,False
C000524,35.000000,1315998.860000,35.000000,231017.280000,0.805494,0.056393,0.000000,1.710909,90.330000,False
C000525,41.000000,235047.250000,41.000000,23319.590000,1.288094,0.160088,0.052978,0.535523,81.940000,False
C000526,21.000000,623382.100000,21.000000,79271.310000,0.461725,0.199908,0.000000,1.679090,59.060000,False
C000527,42.000000,37223.830000,42.000000,5273.140000,0.544934,0.123013,0.000000,1.391341,60.890000,False
C000528,24.000000,36166.070000,24.000000,3866.200000,0.748227,0.368258,0.000000,1.067826,53.110000,False
C000529,15.000000,33767.190000,15.000000,6030.530000,0.210196,0.053528,0.000000,0.465831,42.280000,False
C000530,19.000000,28955.290000,19.000000,5851.930000,0.250416,0.127367,0.000000,2.404738,32.390000,False
C000531,38.000000,2021237.100000,38.000000,195326.410000,0.729601,0.146899,0.000000,0.989275,93.890000,False
C000532,22.000000,62749.380000,22.000000,6497.310000,0.240334,0.112337,0.000000,1.481046,7.940000,False
C000533,17.000000,15953.450000,17.000000,4361.050000,0.301663,0.458622,0.000000,3.196101,77.440000,False
C000534,17.000000,597978.690000,17.000000,87165.530000,0.245610,0.159901,0.000000,0.509075,69.220000,False
C000535,15.000000,23869.610000,15.000000,3232.380000,0.134801,0.302517,0.000000,1.188188,60.610000,False
C000536,30.000000,357662.530000,30.000000,127771.410000,0.652976,0.120306,0.012864,2.626079,75.000000,False
C000537,18.000000,29847.910000,18.000000,5646.990000,0.342805,0.081952,0.000000,0.820076,25.000000,False
C000538,30.000000,256825.930000,30.000000,35955.430000,0.407111,0.114750,0.000000,0.939025,32.110000,False
C000539,38.000000,667532.590000,38.000000,52540.020000,0.698773,0.090465,0.046463,1.073803,79.890000,False
C000540,22.000000,1323177.610000,22.000000,166536.840000,0.531412,0.121746,0.031501,1.575312,90.110000,False
C000541,21.000000,26002.960000,21.000000,3970.000000,0.309833,0.038738,0.000000,1.699301,17.390000,False
C000542,14.000000,58145.010000,14.000000,14220.010000,0.116456,0.123760,0.000000,3.708045,75.220000,False
C000543,20.000000,53929.850000,20.000000,7641.700000,0.399938,0.036700,0.000000,0.330340,23.890000,False
C000544,26.000000,134142.510000,26.000000,20699.400000,0.538784,0.229479,0.000000,0.736362,4.830000,False
C000545,24.000000,262339.690000,24.000000,41648.760000,0.718264,0.133352,0.000000,1.597285,26.220000,False
C000546,49.000000,108355.920000,49.000000,12065.270000,0.914981,0.088235,0.000000,0.485221,71.000000,False
C000547,48.000000,145504.750000,48.000000,18114.950000,0.694886,0.253005,0.000000,1.361624,69.280000,False
C000548,29.000000,330796.030000,29.000000,58228.880000,0.561992,0.177352,0.000000,0.323585,45.000000,False
C000549,58.000000,3542505.540000,58.000000,403594.930000,1.907632,0.051686,0.000000,0.615863,99.390000,True
C000550,32.000000,159874.960000,32.000000,146380.090000,5.066676,0.007221,0.000000,29.567891,97.830000,True
C000551,26.000000,158702.400000,26.000000,25362.130000,0.537325,0.333501,0.000000,1.125761,35.670000,False
C000552,26.000000,8054.440000,26.000000,576.640000,0.335602,0.304282,0.000000,0.686190,39.000000,False
C000553,19.000000,92247.300000,19.000000,16282.130000,0.124294,0.186497,0.000000,0.702731,25.110000,False
C000554,16.000000,152714.900000,16.000000,59780.010000,0.560297,0.089797,0.000000,0.726473,54.220000,False
C000555,23.000000,1175739.520000,23.000000,207154.270000,0.517999,0.120574,0.000000,0.956580,82.170000,False
C000556,24.000000,677627.260000,24.000000,82719.020000,0.332097,0.099640,0.000000,1.654066,58.830000,False
C000557,47.000000,99183.130000,46.000000,9099.950000,0.731460,0.180876,0.000000,1.543299,64.830000,False
C000558,18.000000,54190.190000,18.000000,10992.890000,0.355810,0.304286,0.000000,0.264905,47.000000,False
C000559,0.000000,0.000000,0.000000,0.000000,0.000000,0.000000,0.000000,0.000000,85.750000,False
C000560,17.000000,206939.480000,17.000000,32033.110000,0.182371,0.199149,0.000000,1.689607,46.330000,False
C000561,27.000000,120798.570000,27.000000,15301.370000,0.655420,0.000000,0.000000,0.939822,42.060000,False
C000562,21.000000,43757.430000,21.000000,4634.070000,0.277923,0.326806,0.000000,0.776669,37.720000,False
C000563,52.000000,341036.770000,52.000000,37422.610000,0.729796,0.065475,0.000000,1.553050,74.170000,False
C000564,33.000000,29573.200000,32.000000,3899.030000,0.531606,0.093209,0.000000,1.915644,44.220000,False
C000565,29.000000,95956.210000,29.000000,26868.620000,0.560966,0.019644,0.000000,2.301945,48.390000,False
C000566,28.000000,191834.380000,28.000000,20342.660000,0.435371,0.216988,0.000000,1.258584,21.560000,False
C000567,54.000000,52875.140000,54.000000,3508.170000,0.956941,0.176069,0.000000,1.360839,75.940000,False
C000568,24.000000,70172.310000,24.000000,22207.340000,0.519822,0.054281,0.000000,0.884437,10.280000,False
C000569,30.000000,165818.080000,30.000000,17556.490000,0.366616,0.365737,0.053471,2.069593,77.110000,False
C000570,40.000000,411610.600000,40.000000,126429.130000,1.434906,0.386152,0.018657,0.728633,89.830000,False
C000571,20.000000,259559.680000,20.000000,34507.410000,0.367535,0.189353,0.000000,1.211784,20.220000,False
C000572,25.000000,133065.440000,25.000000,18717.270000,0.449087,0.269133,0.000000,1.275994,13.720000,False
C000573,21.000000,484988.490000,21.000000,90734.200000,0.288054,0.032664,0.000000,0.520247,56.060000,False
C000574,27.000000,85558.010000,27.000000,9878.080000,0.483652,0.197332,0.000000,1.439762,5.060000,False
C000575,19.000000,365835.140000,19.000000,79633.350000,0.232111,0.054769,0.000000,0.464368,48.780000,False
C000576,23.000000,317314.580000,23.000000,38814.930000,0.580675,0.106355,0.000000,0.784983,10.110000,False
C000577,14.000000,143393.010000,14.000000,30427.260000,0.193080,0.358441,0.000000,0.893691,65.500000,False
C000578,27.000000,96276.620000,27.000000,12689.070000,0.592857,0.124679,0.000000,0.552708,4.390000,False
C000579,27.000000,332042.250000,27.000000,49464.940000,2.831511,0.894591,0.000000,0.037797,95.440000,True
C000580,46.000000,66984.380000,45.000000,7760.250000,0.863870,0.224084,0.000000,1.391197,67.610000,False
C000581,19.000000,10824.740000,19.000000,2905.210000,0.451031,0.038542,0.000000,0.966629,24.330000,False
C000582,34.000000,668007.850000,34.000000,59751.630000,0.703368,0.066384,0.000000,1.012613,67.220000,False
C000583,17.000000,477598.940000,17.000000,121521.070000,0.278189,0.000000,0.000000,0.550073,75.440000,False
C000584,22.000000,16209.950000,22.000000,4018.740000,0.632848,0.043940,0.000000,1.852368,31.060000,False
C000585,25.000000,37209.960000,24.000000,3445.980000,0.405996,0.241648,0.000000,0.876172,9.280000,False
C000586,51.000000,413023.900000,50.000000,138183.580000,4.150542,0.029453,0.791952,0.778627,99.110000,True
C000587,38.000000,92843.240000,38.000000,9236.680000,0.393577,0.135318,0.000000,0.788460,50.670000,False
C000588,23.000000,8808.920000,23.000000,2194.000000,0.274433,0.134837,0.032384,3.918437,73.670000,False
C000589,23.000000,521259.930000,23.000000,101157.920000,0.738364,0.195358,0.369294,1.068791,91.220000,False
C000590,21.000000,188708.790000,21.000000,29866.450000,0.377239,0.063044,0.000000,0.302066,19.610000,False
C000591,16.000000,244702.460000,16.000000,52855.620000,0.250579,0.178957,0.000000,0.715392,53.940000,False
C000592,26.000000,61124.890000,26.000000,7035.480000,0.752722,0.104887,0.000000,2.949884,46.830000,False
C000593,15.000000,437018.650000,15.000000,77581.880000,0.173414,0.044613,0.000000,2.205120,71.110000,False
C000594,15.000000,69647.950000,15.000000,13138.040000,0.329713,0.224886,0.000000,1.369439,43.280000,False
C000595,19.000000,57300.650000,19.000000,18598.420000,0.410469,0.053253,0.000000,0.190506,27.220000,False
C000596,21.000000,50318.350000,21.000000,12007.910000,0.619019,0.150964,0.000000,0.891428,5.000000,False
C000597,28.000000,225458.670000,28.000000,26716.900000,0.552616,0.219374,0.000000,0.822916,21.000000,False
C000598,26.000000,204073.710000,26.000000,31246.170000,0.590733,0.058007,0.000000,0.399907,19.780000,False
C000599,31.000000,291709.080000,30.000000,30652.240000,0.491497,0.208393,0.000000,0.996744,30.610000,False
C000600,24.000000,72885.750000,24.000000,15588.430000,0.531278,0.110198,0.000000,2.634395,27.110000,False
C000601,18.000000,18638.780000,18.000000,2539.180000,0.189192,0.112628,0.108729,1.031448,79.720000,False
C000602,27.000000,151063.500000,26.000000,12376.130000,0.400811,0.104279,0.000000,0.835929,1.000000,False
C000603,23.000000,75317.620000,23.000000,19143.350000,0.273577,0.107540,0.000000,1.151505,3.940000,False
C000604,16.000000,25224.000000,16.000000,3220.110000,0.334693,0.193455,0.000000,0.151403,45.940000,False
C000605,18.000000,5879.090000,18.000000,1123.110000,0.244613,0.263776,0.000000,1.011864,43.500000,False
C000606,26.000000,73619.110000,26.000000,9683.580000,0.250138,0.114519,0.000000,1.301576,4.780000,False
C000607,22.000000,17043.780000,22.000000,1776.850000,0.235272,0.067856,0.000000,1.277895,15.500000,False
C000608,0.000000,0.000000,0.000000,0.000000,0.000000,0.000000,0.000000,0.000000,85.750000,False
C000609,17.000000,177410.510000,17.000000,26239.780000,0.308511,0.047422,0.147805,0.383994,81.670000,False
C000610,24.000000,351478.260000,23.000000,44915.000000,0.642001,0.397575,0.000000,0.949245,56.670000,False
C000611,18.000000,71903.650000,18.000000,13413.180000,0.218610,0.196291,0.000000,1.719234,31.940000,False
C000612,20.000000,776474.090000,19.000000,154772.610000,0.374116,0.259778,0.000000,1.598282,80.060000,False
C000613,20.000000,164175.100000,20.000000,40905.260000,0.696940,0.338394,0.000000,0.510053,51.940000,False
C000614,39.000000,145283.660000,39.000000,14577.340000,0.629794,0.074038,0.000000,1.042580,52.720000,False
C000615,68.000000,73929.770000,68.000000,6117.500000,1.240901,0.177031,0.026068,1.178126,94.280000,False
C000616,21.000000,262055.480000,21.000000,44741.920000,0.379276,0.130553,0.000000,0.473313,17.610000,False
C000617,43.000000,1267141.400000,43.000000,116824.190000,0.681475,0.149346,0.000000,1.181728,88.390000,False
C000618,20.000000,543113.870000,20.000000,65166.930000,0.280316,0.268976,0.000000,0.410320,64.940000,False
C000619,0.000000,0.000000,0.000000,0.000000,0.000000,0.000000,0.000000,0.000000,85.750000,False
C000620,21.000000,120823.890000,21.000000,27342.100000,0.405584,0.159608,0.000000,0.369102,5.440000,False
C000621,24.000000,347722.580000,24.000000,106233.860000,3.023680,0.001521,0.871791,0.578941,98.280000,True
C000622,18.000000,218711.750000,18.000000,42389.550000,0.309412,0.281459,0.000000,0.992065,46.610000,False
C000623,55.000000,1225133.210000,55.000000,103377.750000,1.259303,0.038167,0.000000,1.731188,91.000000,False
C000624,24.000000,617628.460000,24.000000,70250.280000,0.428126,0.191582,0.000000,1.096753,56.000000,False
C000625,15.000000,133106.790000,15.000000,24806.190000,0.287036,0.485022,0.000000,1.472232,72.720000,False
C000626,29.000000,390588.620000,29.000000,270536.740000,2.186742,0.013574,0.000000,6.362419,93.830000,False
C000627,18.000000,345434.090000,18.000000,83757.320000,0.348038,0.314299,0.000000,2.813353,74.390000,False
C000628,46.000000,415734.810000,45.000000,78893.620000,0.986353,0.260519,0.018214,1.454212,81.780000,False
C000629,15.000000,62975.190000,15.000000,15252.980000,0.326451,0.120494,0.000000,0.923467,37.560000,False
C000630,23.000000,26278.250000,23.000000,3438.890000,0.524190,0.111193,0.000000,1.133952,6.110000,False
C000631,30.000000,960313.780000,30.000000,387464.780000,1.676415,0.049260,0.000000,0.797662,93.000000,False
C000632,24.000000,102657.320000,24.000000,13882.810000,0.384237,0.232615,0.000000,0.536859,6.610000,False
C000633,38.000000,850478.480000,38.000000,84368.150000,0.725633,0.125675,0.017579,0.765806,79.560000,False
C000634,76.000000,3013451.990000,75.000000,225002.800000,1.754927,0.132432,0.002659,1.113094,99.280000,True
C000635,25.000000,349318.990000,25.000000,53444.350000,0.355179,0.291325,0.000000,0.760475,43.220000,False
C000636,26.000000,105496.190000,26.000000,10626.200000,0.493514,0.120113,0.000000,0.847228,0.610000,False
C000637,19.000000,103373.250000,19.000000,17955.810000,0.330279,0.318885,0.000000,0.408775,41.670000,False
C000638,24.000000,60290.030000,23.000000,7433.040000,0.317546,0.065097,0.000000,2.149719,19.720000,False
C000639,41.000000,71173.230000,41.000000,5785.050000,0.674289,0.150284,0.000000,0.496407,57.890000,False
C000640,17.000000,17369.890000,17.000000,2790.540000,0.278840,0.116665,0.000000,0.467912,30.170000,False
C000641,0.000000,0.000000,0.000000,0.000000,0.000000,0.000000,0.000000,0.000000,85.750000,False
C000642,18.000000,186254.030000,18.000000,26198.690000,0.337227,0.166181,0.000000,1.038265,27.940000,False
C000643,51.000000,240181.820000,51.000000,31490.170000,0.827433,0.152559,0.000000,1.025872,69.610000,False
C000644,19.000000,611794.480000,19.000000,117463.830000,0.540657,0.270214,0.000000,0.841871,74.330000,False
C000645,21.000000,182879.760000,21.000000,22085.430000,0.254427,0.228861,0.000000,1.249133,19.220000,False
C000646,28.000000,341693.340000,27.000000,245831.790000,1.760660,0.075425,0.024694,4.357085,91.890000,False
C000647,23.000000,58740.550000,23.000000,5675.250000,0.263826,0.210718,0.000000,1.193432,5.610000,False
C000648,21.000000,110147.760000,21.000000,18835.680000,0.314164,0.077308,0.000000,1.410278,1.500000,False
C000649,20.000000,119321.860000,20.000000,18486.650000,0.408377,0.105109,0.000000,0.664152,3.280000,False
C000650,27.000000,247195.260000,27.000000,22083.810000,0.644913,0.082133,0.000000,0.728665,24.440000,False
C000651,51.000000,637794.850000,51.000000,69442.410000,1.056750,0.066916,0.000000,0.928653,81.560000,False
C000652,21.000000,92686.880000,21.000000,15611.700000,0.423355,0.359314,0.000000,0.362833,41.220000,False
C000653,24.000000,41713.390000,24.000000,5330.130000,0.281223,0.135090,0.000000,1.102886,3.170000,False
C000654,23.000000,279621.780000,23.000000,47594.630000,0.256596,0.250559,0.000000,1.614363,35.720000,False
C000655,20.000000,501129.670000,20.000000,122165.240000,0.500224,0.326392,0.000000,0.398164,73.170000,False
C000656,16.000000,478781.950000,16.000000,68785.850000,0.241767,0.160169,0.000000,0.533433,66.830000,False
C000657,21.000000,27758.250000,21.000000,8802.030000,0.310342,0.109086,0.000000,0.840401,1.170000,False
C000658,22.000000,209236.950000,22.000000,80407.990000,0.715179,0.168702,0.000000,3.592922,65.440000,False
C000659,51.000000,21553.100000,51.000000,1558.610000,0.788629,0.241047,0.000000,0.648268,76.220000,False
C000660,24.000000,159597.770000,24.000000,19098.330000,0.326571,0.189551,0.000000,1.772811,8.890000,False
C000661,19.000000,446360.250000,19.000000,128344.800000,0.235726,0.197970,0.000000,0.533879,67.720000,False
C000662,79.000000,826171.390000,79.000000,79595.130000,1.391113,0.145784,0.060330,0.844240,97.170000,True
C000663,31.000000,97358.920000,31.000000,9055.890000,0.415984,0.065421,0.000000,1.445080,33.500000,False
C000664,40.000000,91503.000000,40.000000,10294.770000,0.511515,0.211608,0.000000,1.120714,54.330000,False
C000665,19.000000,20866.860000,19.000000,5944.150000,0.307953,0.039858,0.000000,0.590152,22.390000,False
C000666,17.000000,21124.900000,17.000000,2697.810000,0.201893,0.000000,0.000000,0.896752,51.330000,False
C000667,24.000000,503140.850000,24.000000,68510.430000,0.394937,0.276888,0.000000,1.222505,55.780000,False
C000668,23.000000,122386.260000,22.000000,13962.980000,0.485949,0.440955,0.000000,0.783311,56.610000,False
C000669,20.000000,38531.720000,20.000000,7618.800000,0.346845,0.097036,0.000000,2.015044,23.720000,False
C000670,43.000000,231482.310000,42.000000,19869.380000,1.290425,0.145269,0.000000,1.472142,73.000000,False
C000671,24.000000,131253.820000,24.000000,18245.450000,0.467408,0.111483,0.000000,2.879598,31.110000,False
C000672,20.000000,44197.180000,20.000000,4652.450000,0.329576,0.297554,0.000000,3.558238,64.110000,False
C000673,25.000000,182893.080000,25.000000,20848.950000,0.407900,0.129493,0.000000,2.439399,24.940000,False
C000674,27.000000,102785.480000,27.000000,12795.270000,0.336261,0.130154,0.000000,0.518289,5.560000,False
C000675,53.000000,443880.880000,53.000000,30372.060000,0.983440,0.089975,0.000000,0.446610,79.170000,False
C000676,22.000000,6289.570000,22.000000,653.600000,0.262065,0.135626,0.000000,1.568440,21.330000,False
C000677,20.000000,64905.420000,20.000000,8056.580000,0.286642,0.172656,0.050320,1.772606,62.610000,False
C000678,25.000000,323214.310000,25.000000,44573.270000,0.318735,0.032537,0.000000,0.476332,32.440000,False
C000679,25.000000,266403.040000,25.000000,55887.640000,0.404743,0.212375,0.000000,0.578787,31.330000,False
C000680,17.000000,192801.870000,17.000000,58433.940000,0.504929,0.071684,0.000000,2.716514,61.280000,False
C000681,23.000000,177834.820000,22.000000,19730.590000,0.338202,0.077800,0.000000,1.117957,8.780000,False
C000682,35.000000,79586.900000,35.000000,7241.400000,0.648889,0.232775,0.029767,0.876542,60.390000,False
C000683,23.000000,127654.100000,23.000000,17674.020000,0.416023,0.063727,0.000000,0.992298,0.500000,False
C000684,30.000000,106017.110000,30.000000,15717.310000,0.701839,0.176560,0.000000,0.968859,21.780000,False
C000685,18.000000,21801.310000,18.000000,2788.240000,0.252363,0.220531,0.000000,1.614276,32.940000,False
C000686,30.000000,76064.820000,30.000000,17768.850000,0.593061,0.135297,0.014710,0.848703,39.720000,False
C000687,15.000000,626381.960000,15.000000,88392.810000,0.416377,0.040409,0.000000,1.440660,72.390000,False
C000688,31.000000,60611.870000,31.000000,12917.700000,0.963054,0.079079,0.019698,2.389611,68.560000,False
C000689,24.000000,57647.060000,24.000000,5959.820000,0.343376,0.163270,0.000000,0.490442,4.330000,False
C000690,26.000000,43494.750000,26.000000,7589.900000,0.520619,0.088526,0.000000,0.782163,8.390000,False
C000691,29.000000,489781.860000,29.000000,64929.360000,0.327008,0.127242,0.000000,0.425608,52.220000,False
C000692,23.000000,139404.030000,23.000000,15796.730000,0.505877,0.190139,0.000000,0.780088,0.890000,False
C000693,50.000000,860431.740000,48.000000,104758.990000,0.617597,0.111025,0.000000,0.895969,81.440000,False
C000694,12.000000,2923.370000,12.000000,559.880000,0.121807,0.174100,0.000000,1.077349,69.390000,False
C000695,21.000000,307528.430000,21.000000,55060.660000,0.340095,0.182757,0.000000,1.642351,31.560000,False
C000696,30.000000,41263.090000,30.000000,5566.840000,0.534484,0.134595,0.029596,1.597870,55.170000,False
C000697,16.000000,15828.470000,16.000000,2825.000000,0.209819,0.088820,0.000000,0.522270,43.890000,False
C000698,22.000000,180807.660000,21.000000,37824.950000,0.402869,0.077102,0.000000,0.875967,6.720000,False
C000699,29.000000,160979.560000,28.000000,21750.920000,0.454587,0.172590,0.000000,1.102885,14.110000,False
C000700,27.000000,23351.450000,27.000000,4386.360000,0.483520,0.211588,0.015381,0.814581,38.500000,False
C000701,49.000000,434413.710000,49.000000,55815.090000,0.885966,0.161307,0.036031,1.119341,82.060000,False
C000702,27.000000,182652.540000,27.000000,54145.920000,0.566122,0.139508,0.000000,0.782690,29.670000,False
C000703,19.000000,1261946.170000,19.000000,231379.670000,0.369776,0.383398,0.000000,1.964510,92.060000,False
C000704,59.000000,349725.840000,59.000000,20614.080000,1.137753,0.171263,0.008281,0.810357,88.500000,False
C000705,15.000000,8790.020000,15.000000,1972.630000,0.281244,0.016000,0.000000,1.488455,54.000000,False
C000706,17.000000,38123.670000,17.000000,7058.110000,0.303439,0.306854,0.000000,2.354790,56.170000,False
C000707,45.000000,23888.490000,45.000000,2268.380000,0.810728,0.110277,0.000000,1.640940,66.220000,False
C000708,45.000000,167620.320000,45.000000,13315.710000,0.691463,0.059120,0.018682,0.839141,73.500000,False
C000709,25.000000,614543.040000,25.000000,62732.250000,0.381418,0.195809,0.000000,0.719864,53.280000,False
C000710,23.000000,24684.830000,23.000000,3865.020000,0.223707,0.299360,0.000000,0.881955,38.060000,False
C000711,37.000000,37835.950000,37.000000,3364.770000,0.624000,0.203786,0.000000,1.321832,50.170000,False
C000712,26.000000,60819.970000,26.000000,9930.500000,0.335878,0.294397,0.000000,1.019096,25.610000,False
C000713,20.000000,173476.510000,20.000000,34546.830000,0.384578,0.144892,0.000000,1.621093,15.610000,False
C000714,26.000000,35012.380000,26.000000,5503.370000,0.448228,0.173686,0.000000,0.782117,5.220000,False
C000715,16.000000,6281.460000,16.000000,917.720000,0.250550,0.029976,0.000000,0.657303,47.060000,False
C000716,23.000000,337706.440000,23.000000,48504.690000,2.361186,0.836640,0.000000,0.132896,93.280000,False
C000717,15.000000,7645.240000,15.000000,2227.140000,0.318552,0.096198,0.000000,0.355900,45.330000,False
C000718,15.000000,35960.820000,15.000000,11990.000000,0.275122,0.573017,0.000000,5.678085,89.940000,False
C000719,14.000000,165934.670000,14.000000,35095.740000,0.237842,0.055213,0.000000,3.045382,69.670000,False
C000720,23.000000,176616.300000,23.000000,39281.480000,0.356548,0.265816,0.000000,0.499457,30.780000,False
C000721,23.000000,118564.970000,23.000000,31633.760000,0.648545,0.089594,0.027185,3.062283,65.060000,False
C000722,24.000000,106442.150000,24.000000,13289.650000,0.654449,0.000000,0.000000,0.857739,36.060000,False
C000723,17.000000,357099.030000,17.000000,69378.750000,0.224481,0.036179,0.000000,2.501379,68.000000,False
C000724,16.000000,215190.580000,16.000000,113208.040000,2.161601,0.026447,0.927893,37.561994,99.720000,True
C000725,26.000000,57485.660000,26.000000,7592.740000,0.273622,0.193913,0.000000,0.856664,7.390000,False
C000726,25.000000,18550.520000,24.000000,3228.030000,0.344711,0.337963,0.000000,0.834261,34.830000,False
C000727,24.000000,50498.740000,24.000000,6565.740000,0.417802,0.068251,0.000000,1.063250,6.000000,False
C000728,33.000000,292184.150000,33.000000,35403.820000,0.535883,0.057345,0.000000,1.195550,42.720000,False
C000729,13.000000,72677.510000,13.000000,12048.790000,0.224318,0.260424,0.000000,0.893407,65.220000,False
C000730,68.000000,721970.230000,68.000000,59998.720000,1.392364,0.215500,0.000000,1.733028,94.780000,False
C000731,27.000000,107352.450000,27.000000,20158.670000,0.808863,0.081826,0.000000,1.155635,30.220000,False
C000732,19.000000,82791.160000,19.000000,14006.520000,0.235375,0.084331,0.000000,1.404637,18.940000,False
C000733,46.000000,51791.350000,46.000000,4097.370000,0.570879,0.178975,0.011322,0.604741,70.500000,False
C000734,26.000000,1205820.370000,26.000000,209018.470000,0.492954,0.178788,0.000000,1.361772,83.440000,False
C000735,29.000000,46970.070000,29.000000,3857.530000,0.322480,0.087927,0.000000,0.530511,27.670000,False
C000736,23.000000,303559.340000,23.000000,116004.740000,2.032389,0.036114,0.695690,4.392861,97.500000,True
C000737,49.000000,87736.610000,49.000000,13665.190000,0.652791,0.177977,0.010492,0.392939,74.890000,False
C000738,19.000000,367119.800000,19.000000,92243.700000,0.275156,0.344957,0.000000,0.800500,67.060000,False
C000739,21.000000,452265.100000,21.000000,118089.800000,0.379486,0.084029,0.000000,0.755740,55.940000,False
C000740,20.000000,167958.270000,20.000000,17453.730000,0.245365,0.116389,0.000000,0.504117,14.780000,False
C000741,15.000000,5779.660000,15.000000,1979.250000,0.230096,0.000000,0.000000,0.781004,59.000000,False
C000742,39.000000,459425.330000,39.000000,76960.720000,1.403761,0.015557,0.012740,0.277296,83.000000,False
C000743,22.000000,104049.260000,22.000000,27228.930000,0.364590,0.071979,0.000000,1.538441,5.780000,False
C000744,23.000000,313399.520000,23.000000,42744.840000,0.354597,0.219153,0.000000,1.023339,17.220000,False
C000745,28.000000,123337.470000,28.000000,16032.680000,0.365107,0.208651,0.000000,0.866236,5.500000,False
C000746,22.000000,26063.430000,22.000000,7468.110000,0.353109,0.098950,0.000000,1.313636,1.610000,False
C000747,19.000000,83302.490000,19.000000,16230.770000,0.479789,0.033553,0.000000,0.832336,20.170000,False
C000748,0.000000,0.000000,0.000000,0.000000,0.000000,0.000000,0.000000,0.000000,85.750000,False
C000749,27.000000,367335.200000,27.000000,110701.180000,1.094081,0.044528,0.555010,3.086224,95.670000,True
C000750,22.000000,31200.360000,22.000000,6753.280000,0.373513,0.151773,0.000000,1.805858,8.440000,False
C000751,0.000000,0.000000,0.000000,0.000000,0.000000,0.000000,0.000000,0.000000,85.750000,False
C000752,18.000000,110284.210000,18.000000,16040.440000,0.303900,0.117885,0.058943,4.145377,80.500000,False
C000753,15.000000,9697.140000,15.000000,1957.690000,0.404047,0.019542,0.000000,2.468554,59.440000,False
C000754,24.000000,37243.530000,23.000000,6532.430000,0.374873,0.268449,0.000000,0.795451,20.830000,False
C000755,42.000000,78602.720000,41.000000,7680.190000,0.727032,0.218387,0.000000,0.564184,59.720000,False
C000756,24.000000,234581.130000,24.000000,156431.850000,1.121188,0.145653,0.000000,0.344284,74.220000,False
C000757,26.000000,53684.110000,26.000000,7152.790000,0.388840,0.241339,0.000000,0.934756,5.110000,False
C000758,16.000000,17268.830000,16.000000,3283.620000,0.245336,0.017206,0.000000,2.544840,59.330000,False
C000759,18.000000,287217.130000,18.000000,48201.360000,0.331403,0.094207,0.000000,0.731451,40.000000,False
C000760,52.000000,4399586.630000,52.000000,481847.380000,1.098655,0.194773,0.000000,0.413605,99.560000,True
C000761,29.000000,264537.360000,29.000000,54964.840000,0.623185,0.098347,0.000000,1.270165,40.220000,False
C000762,27.000000,213822.500000,27.000000,27166.000000,0.498869,0.072160,0.000000,0.647456,19.830000,False
C000763,18.000000,197002.470000,18.000000,67201.910000,0.447581,0.109610,0.000000,0.458292,49.500000,False
C000764,17.000000,30250.230000,17.000000,4718.980000,0.467128,0.140084,0.000000,1.786681,33.830000,False
C000765,28.000000,455458.150000,28.000000,49428.360000,0.464530,0.031703,0.000000,3.617031,72.060000,False
C000766,37.000000,224455.520000,37.000000,53728.400000,0.884929,0.123529,0.000000,0.628706,57.780000,False
C000767,18.000000,222304.830000,18.000000,36923.540000,0.486213,0.139714,0.000000,2.175979,42.670000,False
C000768,34.000000,162730.780000,34.000000,14403.140000,0.403836,0.106560,0.012820,0.960101,47.720000,False
C000769,43.000000,107010.540000,43.000000,13069.590000,0.964889,0.031398,0.000000,0.705969,69.830000,False
C000770,58.000000,160179.410000,58.000000,16410.910000,0.826669,0.189011,0.000000,1.938650,81.220000,False
C000771,40.000000,1720440.820000,39.000000,115036.940000,0.581092,0.175346,0.000000,0.904767,90.890000,False
C000772,14.000000,64028.660000,14.000000,11572.240000,0.286063,0.039762,0.000000,1.308438,55.670000,False
C000773,17.000000,59791.470000,17.000000,19222.450000,0.386328,0.074381,0.000000,0.597809,32.170000,False
C000774,19.000000,309798.110000,18.000000,59324.450000,0.233301,0.274645,0.000000,0.617901,57.330000,False
C000775,23.000000,24383.620000,23.000000,4071.260000,0.463301,0.140900,0.045136,0.725376,47.390000,False
C000776,28.000000,114958.950000,28.000000,18799.940000,0.535964,0.262405,0.000000,1.191180,24.170000,False
C000777,25.000000,1025692.660000,25.000000,90818.360000,0.499983,0.279074,0.000000,0.908110,77.060000,False
C000778,27.000000,174635.310000,27.000000,21062.540000,0.678747,0.090554,0.000000,1.248364,21.830000,False
C000779,23.000000,21676.660000,23.000000,4099.230000,0.528926,0.014864,0.000000,0.423408,32.000000,False
C000780,26.000000,192677.300000,26.000000,21383.360000,0.372752,0.198522,0.000000,0.525882,15.440000,False
C000781,22.000000,25195.940000,22.000000,5261.130000,0.209867,0.112953,0.050303,0.544839,57.060000,False
C000782,38.000000,298080.070000,38.000000,37747.030000,1.079333,0.192246,0.000000,0.586621,60.500000,False
C000783,28.000000,109270.200000,28.000000,13429.700000,0.422793,0.148437,0.000000,1.761128,13.780000,False
C000784,25.000000,16692.090000,25.000000,3175.890000,0.695504,0.256291,0.000000,0.594994,28.560000,False
C000785,42.000000,21741.400000,42.000000,1709.170000,0.905892,0.162801,0.000000,1.077570,63.060000,False
C000786,48.000000,60999.650000,48.000000,4273.240000,0.716086,0.201775,0.000000,0.954281,64.280000,False
C000787,22.000000,178574.240000,22.000000,25538.030000,0.459661,0.243090,0.084394,2.606970,77.780000,False
C000788,21.000000,20085.090000,21.000000,3520.100000,0.240216,0.063905,0.000000,3.359500,49.220000,False
C000789,14.000000,81079.830000,14.000000,17652.230000,0.212959,0.080774,0.000000,1.215111,51.610000,False
C000790,27.000000,426265.270000,27.000000,59780.630000,0.434467,0.075910,0.040968,1.141986,63.780000,False
C000791,29.000000,103924.970000,29.000000,11171.430000,0.331484,0.049871,0.041289,0.852802,58.890000,False
C000792,25.000000,38842.100000,25.000000,5257.130000,0.322068,0.039484,0.000000,1.075838,16.560000,False
C000793,34.000000,240236.450000,34.000000,18970.510000,0.645255,0.167742,0.000000,1.092102,36.720000,False
C000794,12.000000,19001.470000,12.000000,5966.230000,0.183051,0.442358,0.000000,1.615953,80.780000,False
C000795,45.000000,60255.300000,45.000000,8592.590000,0.501021,0.181090,0.000000,0.860213,61.440000,False
C000796,22.000000,85279.110000,22.000000,16021.760000,0.292143,0.144037,0.000000,2.316799,19.000000,False
C000797,44.000000,97551.720000,44.000000,10154.390000,0.949325,0.136045,0.000000,0.604594,61.830000,False
C000798,0.000000,0.000000,0.000000,0.000000,0.000000,0.000000,0.000000,0.000000,85.750000,False
C000799,25.000000,1079593.640000,25.000000,368807.610000,1.808494,0.111933,0.000000,1.234080,93.440000,False
C000800,42.000000,181993.530000,42.000000,30382.250000,0.962459,0.212280,0.000000,0.481670,67.000000,False
C000801,26.000000,65171.320000,26.000000,6144.920000,0.506499,0.282868,0.000000,1.129353,28.940000,False
C000802,22.000000,638166.740000,22.000000,95344.830000,0.233528,0.135285,0.000000,0.935509,60.670000,False
C000803,22.000000,99415.670000,22.000000,15387.820000,0.276371,0.093511,0.000000,1.939550,11.720000,False
C000804,45.000000,35722.190000,45.000000,6002.980000,0.820666,0.233234,0.000000,1.492566,68.330000,False
C000805,51.000000,19700.680000,51.000000,1561.560000,0.441542,0.267602,0.000000,0.606421,79.110000,False
C000806,29.000000,49636.750000,29.000000,4832.760000,0.530360,0.078127,0.000000,0.695167,23.440000,False
C000807,21.000000,83461.200000,21.000000,15114.120000,0.466728,0.091353,0.000000,1.208787,1.330000,False
C000808,22.000000,235280.180000,21.000000,38848.900000,0.264309,0.128474,0.000000,1.916490,28.440000,False
C000809,43.000000,35579.860000,43.000000,2896.370000,0.692388,0.174375,0.000000,1.438438,61.170000,False
C000810,26.000000,249169.360000,26.000000,35113.830000,0.422812,0.035485,0.000000,1.152223,25.720000,False
C000811,27.000000,232042.140000,27.000000,47947.550000,9.668423,0.961307,0.000000,0.018747,98.560000,True
C000812,50.000000,158540.470000,49.000000,15853.480000,0.862938,0.150885,0.000000,0.457638,71.390000,False
C000813,0.000000,0.000000,0.000000,0.000000,0.000000,0.000000,0.000000,0.000000,85.750000,False
C000814,0.000000,0.000000,0.000000,0.000000,0.000000,0.000000,0.000000,0.000000,85.750000,False
C000815,34.000000,90214.980000,34.000000,9683.630000,0.819386,0.129783,0.000000,1.082360,35.330000,False
C000816,23.000000,191159.530000,23.000000,39809.750000,0.705843,0.224059,0.000000,0.686805,26.170000,False
C000817,45.000000,27345.480000,44.000000,2259.560000,0.726897,0.249799,0.000000,1.820995,70.330000,False
C000818,24.000000,231746.770000,24.000000,35354.670000,0.347482,0.162555,0.000000,1.772074,16.220000,False
C000819,25.000000,26796.340000,25.000000,4365.090000,0.380132,0.108728,0.000000,2.553481,26.670000,False
C000820,25.000000,28058.810000,25.000000,2521.740000,0.413102,0.290673,0.000000,1.490590,32.560000,False
C000821,18.000000,200404.720000,18.000000,49800.380000,0.475450,0.114253,0.000000,0.848919,40.670000,False
C000822,0.000000,0.000000,0.000000,0.000000,0.000000,0.000000,0.000000,0.000000,85.750000,False
C000823,27.000000,22570.470000,27.000000,3684.800000,0.497681,0.164709,0.000000,1.429508,13.280000,False
C000824,11.000000,62481.510000,11.000000,18621.830000,0.300927,0.527510,0.000000,3.151623,90.440000,False
C000825,26.000000,231172.080000,26.000000,73973.270000,0.714412,0.126475,0.000000,1.388202,44.670000,False
C000826,24.000000,15664.900000,24.000000,3867.970000,0.569856,0.368236,0.000000,0.228342,52.280000,False
C000827,21.000000,207994.850000,21.000000,26530.770000,0.494615,0.166643,0.000000,1.034128,6.280000,False
C000828,15.000000,508445.100000,15.000000,98648.290000,0.232940,0.000000,0.000000,2.480151,80.220000,False
C000829,30.000000,2221158.700000,30.000000,446893.690000,0.613282,0.087105,0.000000,0.804070,96.560000,True
C000830,28.000000,8956.290000,27.000000,691.320000,0.373179,0.233053,0.000000,0.895848,21.280000,False
C000831,26.000000,86704.900000,26.000000,28247.730000,0.897198,0.042846,0.000000,1.914548,46.560000,False
C000832,44.000000,131844.220000,44.000000,16269.070000,0.671168,0.220525,0.000000,1.414036,59.890000,False
C000833,0.000000,0.000000,0.000000,0.000000,0.000000,0.000000,0.000000,0.000000,85.750000,False
C000834,53.000000,125953.550000,51.000000,25948.290000,0.897263,0.311018,0.015164,0.614532,82.830000,False
C000835,20.000000,238262.700000,20.000000,30002.250000,0.191215,0.229944,0.000000,2.128849,43.560000,False
C000836,18.000000,140968.660000,18.000000,20087.290000,0.212274,0.033956,0.000000,0.417840,36.780000,False
C000837,27.000000,177404.350000,27.000000,33928.250000,0.579670,0.093959,0.000000,1.133670,12.720000,False
C000838,17.000000,328288.900000,17.000000,45277.120000,0.285129,0.137919,0.162488,1.974273,89.220000,False
C000839,5.000000,219246.190000,5.000000,46392.780000,1.898056,1.000000,0.000000,0.000000,97.220000,True
C000840,24.000000,72086.880000,24.000000,11645.950000,0.629386,0.140015,0.000000,1.479193,2.780000,False
C000841,17.000000,25994.450000,17.000000,4290.300000,0.427294,0.060704,0.000000,1.911454,40.330000,False
C000842,15.000000,6613.950000,15.000000,1266.780000,0.275581,0.036084,0.000000,1.247395,48.610000,False
C000843,13.000000,27953.620000,13.000000,6388.330000,0.288731,0.309796,0.000000,1.348436,67.170000,False
C000844,37.000000,1044683.110000,37.000000,234626.210000,1.018923,0.156866,0.053992,1.302542,92.830000,False
C000845,38.000000,1080585.940000,38.000000,135329.060000,1.047066,0.151249,0.000000,1.123584,82.280000,False
C000846,29.000000,216339.960000,29.000000,20709.360000,0.753630,0.096384,0.000000,0.936870,28.000000,False
C000847,70.000000,329659.950000,70.000000,45898.880000,2.779414,0.719722,0.000000,0.266135,97.610000,True
C000848,19.000000,33629.610000,18.000000,4463.570000,0.289880,0.327996,0.000000,1.470792,47.280000,False
C000849,29.000000,390579.760000,28.000000,54695.710000,0.685594,0.141641,0.000000,1.273020,45.060000,False
C000850,17.000000,288606.710000,17.000000,58433.350000,0.318594,0.288390,0.000000,3.140626,70.560000,False
C000851,56.000000,66852.230000,56.000000,7304.820000,1.110777,0.115755,0.000000,1.420868,78.670000,False
C000852,26.000000,55560.430000,26.000000,9928.680000,0.501052,0.227245,0.000000,1.876417,15.780000,False
C000853,21.000000,34602.050000,20.000000,4315.990000,0.352496,0.107722,0.000000,1.355661,3.780000,False
C000854,24.000000,54071.880000,24.000000,6544.110000,0.469537,0.038526,0.000000,2.154305,25.440000,False
C000855,20.000000,36013.310000,20.000000,5801.600000,0.242405,0.192310,0.000000,1.242241,16.440000,False
C000856,23.000000,392371.670000,22.000000,59463.650000,0.391401,0.165811,0.000000,2.064721,46.500000,False
C000857,44.000000,24931.660000,44.000000,1871.250000,0.576484,0.351085,0.000000,0.690485,76.170000,False
C000858,18.000000,28476.940000,18.000000,5331.370000,0.373960,0.090418,0.000000,1.143212,24.390000,False
C000859,63.000000,117880.410000,62.000000,8750.190000,0.993902,0.147221,0.000000,2.019981,89.110000,False
C000860,18.000000,341553.460000,18.000000,45417.090000,0.458282,0.103212,0.000000,0.807110,40.280000,False
C000861,30.000000,148337.030000,30.000000,40857.220000,0.538925,0.297105,0.000000,1.741399,45.610000,False
C000862,24.000000,321855.290000,24.000000,100147.220000,0.501124,0.116654,0.000000,2.146572,53.500000,False
C000863,22.000000,46452.120000,22.000000,7945.930000,0.248923,0.307386,0.000000,0.713405,36.440000,False
C000864,29.000000,51602.190000,29.000000,6085.010000,0.315104,0.296504,0.000000,4.562049,73.280000,False
C000865,28.000000,424483.390000,28.000000,38950.600000,0.376541,0.286540,0.000000,1.269514,55.000000,False
C000866,29.000000,158574.940000,29.000000,15332.920000,0.461090,0.255155,0.000000,0.435390,30.060000,False
C000867,14.000000,110943.510000,14.000000,21110.900000,0.282773,0.022935,0.000000,3.558006,74.940000,False
C000868,17.000000,65286.410000,17.000000,15751.030000,0.377567,0.000000,0.000000,1.018393,47.890000,False
C000869,33.000000,123492.730000,33.000000,11140.510000,0.509886,0.203241,0.000000,1.942959,38.720000,False
C000870,25.000000,10111.830000,25.000000,1429.940000,0.398868,0.202186,0.000000,0.275546,18.280000,False
C000871,44.000000,146716.140000,43.000000,24801.700000,0.501649,0.134825,0.006055,1.298560,65.390000,False
C000872,24.000000,70019.860000,24.000000,7086.900000,0.375538,0.175453,0.042338,1.037051,47.560000,False
C000873,24.000000,302888.360000,24.000000,262420.640000,3.729849,0.002195,0.000000,15.003265,96.610000,True
C000874,18.000000,17567.130000,17.000000,1971.850000,0.232465,0.161512,0.000000,0.437658,35.780000,False
C000875,25.000000,88833.940000,25.000000,19058.140000,0.682533,0.132245,0.000000,0.793696,7.720000,False
C000876,0.000000,0.000000,0.000000,0.000000,0.000000,0.000000,0.000000,0.000000,85.750000,False
C000877,15.000000,66317.850000,15.000000,15522.590000,0.227294,0.106721,0.000000,0.488563,40.890000,False
C000878,53.000000,104362.560000,52.000000,17932.740000,0.855218,0.217711,0.000000,0.571553,74.060000,False
C000879,25.000000,59157.780000,25.000000,6406.020000,0.650227,0.131163,0.015625,1.190905,33.000000,False
C000880,43.000000,104577.640000,41.000000,10475.890000,0.812774,0.246133,0.000000,1.461162,62.670000,False
C000881,20.000000,47631.160000,20.000000,9668.870000,0.259138,0.061997,0.000000,0.756140,11.940000,False
C000882,42.000000,27393.280000,42.000000,4403.940000,0.700644,0.245213,0.000000,1.223627,63.330000,False
C000883,28.000000,44873.840000,28.000000,6590.370000,0.605077,0.113596,0.000000,1.100865,14.170000,False
C000884,24.000000,135137.650000,24.000000,28931.790000,0.328753,0.000000,0.000000,0.946338,35.830000,False
C000885,19.000000,310223.210000,19.000000,58064.630000,0.446901,0.205370,0.000000,2.121112,46.390000,False
C000886,24.000000,168089.090000,24.000000,33788.290000,0.203756,0.032468,0.000000,0.676885,23.830000,False
C000887,18.000000,259523.650000,18.000000,52748.820000,0.310561,0.164248,0.000000,1.444161,41.610000,False
C000888,24.000000,59750.020000,24.000000,8317.010000,0.356048,0.306542,0.000000,1.355020,29.830000,False
C000889,47.000000,727044.770000,47.000000,45697.940000,0.977527,0.075099,0.000000,1.317783,78.780000,False
C000890,18.000000,145820.180000,18.000000,29390.020000,0.270957,0.353539,0.000000,0.172457,53.780000,False
C000891,41.000000,120679.570000,41.000000,8572.120000,0.465869,0.251018,0.000000,1.789856,64.610000,False
C000892,30.000000,346986.140000,30.000000,79272.660000,0.512889,0.128127,0.000000,0.802457,48.330000,False
C000893,29.000000,29949.860000,29.000000,5566.730000,0.455052,0.068820,0.000000,0.515430,27.830000,False
C000894,22.000000,683870.010000,22.000000,220369.560000,0.540383,0.150241,0.000000,1.458094,78.890000,False
C000895,23.000000,52291.880000,23.000000,11899.860000,0.357693,0.290701,0.000000,2.679164,47.170000,False
C000896,21.000000,351659.560000,21.000000,144038.060000,8.124172,0.003399,0.960882,0.481693,99.610000,True
C000897,20.000000,67106.660000,20.000000,8849.380000,0.378313,0.160976,0.000000,1.511764,8.830000,False
C000898,17.000000,122691.650000,17.000000,23129.880000,0.470302,0.176386,0.000000,1.064383,30.940000,False
C000899,23.000000,53740.610000,23.000000,8698.950000,0.297992,0.031613,0.000000,0.194856,26.280000,False
C000900,49.000000,120320.150000,49.000000,10953.680000,0.795020,0.055692,0.000000,0.704346,68.830000,False
C000901,15.000000,12593.220000,15.000000,3086.230000,0.397076,0.225496,0.000000,1.293747,46.060000,False
C000902,26.000000,330584.990000,26.000000,74862.530000,0.813219,0.199849,0.000000,0.602434,49.560000,False
C000903,18.000000,935875.380000,18.000000,303220.490000,0.300067,0.112427,0.000000,1.007656,89.170000,False
C000904,0.000000,0.000000,0.000000,0.000000,0.000000,0.000000,0.000000,0.000000,85.750000,False
C000905,26.000000,22813.390000,26.000000,4378.410000,0.345393,0.026340,0.000000,0.484237,27.390000,False
C000906,61.000000,678135.170000,61.000000,100672.520000,1.419810,0.085315,0.024991,0.601006,93.780000,False
C000907,20.000000,27438.160000,20.000000,4029.160000,0.397900,0.241412,0.000000,1.204226,16.940000,False
C000908,24.000000,126936.130000,24.000000,13910.940000,0.431243,0.290996,0.000000,0.679860,22.280000,False
C000909,22.000000,55038.660000,22.000000,8794.020000,0.288168,0.113130,0.000000,0.380255,7.330000,False
C000910,45.000000,572845.080000,45.000000,49444.520000,1.306826,0.556005,0.000000,0.384086,91.830000,False
C000911,19.000000,138683.500000,19.000000,22258.430000,0.330671,0.131209,0.000000,1.271119,8.500000,False
C000912,19.000000,102504.660000,19.000000,30413.430000,0.573842,0.106025,0.000000,1.059362,17.330000,False
C000913,19.000000,30502.800000,19.000000,3991.080000,0.273442,0.125269,0.000000,3.049304,45.220000,False
C000914,20.000000,126711.980000,20.000000,18923.890000,0.284969,0.123993,0.000000,0.632255,9.940000,False
C000915,18.000000,80616.850000,18.000000,11880.790000,0.472683,0.125399,0.000000,0.972670,24.110000,False
C000916,22.000000,249943.440000,22.000000,60206.630000,0.308458,0.161318,0.000000,1.104938,26.330000,False
C000917,22.000000,446016.130000,21.000000,113768.010000,0.546195,0.067420,0.000000,1.561591,57.110000,False
C000918,17.000000,79570.010000,17.000000,17213.690000,0.365352,0.176639,0.000000,1.101517,27.280000,False
C000919,26.000000,41310.790000,26.000000,4275.160000,0.502023,0.074841,0.000000,1.203879,11.610000,False
C000920,17.000000,66970.110000,17.000000,16802.500000,0.319191,0.111365,0.045564,1.674965,60.720000,False
C000921,14.000000,51008.140000,14.000000,9168.720000,0.335096,0.302172,0.000000,1.532133,62.560000,False
C000922,27.000000,573364.250000,27.000000,469198.030000,2.443497,0.036952,0.000000,0.086333,94.890000,False
C000923,34.000000,593457.990000,33.000000,69487.970000,0.572238,0.140946,0.000000,0.808309,63.720000,False
C000924,28.000000,313532.270000,28.000000,31568.350000,0.452495,0.311696,0.000000,3.784251,70.670000,False
C000925,24.000000,9806.680000,24.000000,1759.750000,0.318547,0.223342,0.000000,1.278059,12.940000,False
C000926,56.000000,1272832.140000,56.000000,170116.580000,1.340696,0.090829,0.000000,0.719973,92.170000,False
C000927,22.000000,110443.280000,22.000000,13425.250000,0.398497,0.296033,0.000000,1.121350,25.220000,False
C000928,20.000000,39417.380000,20.000000,8588.750000,0.383285,0.169671,0.000000,0.924458,8.000000,False
C000929,18.000000,43751.130000,18.000000,9670.290000,0.392051,0.149524,0.000000,0.832183,21.720000,False
C000930,41.000000,76747.800000,41.000000,8778.650000,0.562954,0.134202,0.000000,1.550669,56.780000,False
C000931,46.000000,126416.790000,45.000000,9277.880000,0.781517,0.115053,0.000000,1.225541,60.780000,False
C000932,35.000000,167069.380000,35.000000,30597.230000,0.923421,0.122744,0.000000,0.731458,47.330000,False
C000933,28.000000,23107.510000,28.000000,2919.100000,0.538299,0.378962,0.000000,1.128100,53.170000,False
C000934,55.000000,244047.490000,55.000000,21761.290000,0.807918,0.060475,0.000000,1.025111,74.500000,False
C000935,28.000000,38362.710000,28.000000,4260.440000,0.344532,0.165738,0.000000,0.810440,12.330000,False
C000936,48.000000,314157.250000,47.000000,30825.570000,0.496231,0.070136,0.019153,0.731474,75.280000,False
C000937,50.000000,116900.850000,50.000000,9880.220000,0.635551,0.245659,0.035928,1.547446,81.000000,False
C000938,30.000000,170447.290000,30.000000,21714.580000,0.371725,0.234468,0.000000,0.859084,31.390000,False
C000939,19.000000,522351.790000,18.000000,63101.370000,0.398130,0.052668,0.000000,0.711406,56.720000,False
C000940,22.000000,37360.890000,21.000000,5112.390000,0.168106,0.189687,0.000000,0.437884,25.780000,False
C000941,47.000000,122234.520000,47.000000,16547.120000,0.818332,0.125486,0.000000,1.311937,62.220000,False
C000942,45.000000,1194466.650000,45.000000,525466.800000,3.127033,0.025592,0.000000,0.954072,98.000000,True
C000943,18.000000,43232.670000,18.000000,5269.050000,0.395003,0.151325,0.000000,0.828648,22.560000,False
C000944,48.000000,109572.210000,48.000000,8115.930000,1.245665,0.266090,0.000000,1.295115,79.670000,False
C000945,25.000000,48852.020000,25.000000,6502.790000,0.364283,0.238523,0.000000,0.799417,4.940000,False
C000946,38.000000,57065.650000,38.000000,7140.440000,0.553954,0.099220,0.031182,1.631865,69.170000,False
C000947,23.000000,48930.400000,23.000000,7461.480000,0.433062,0.076146,0.000000,1.566592,9.220000,False
C000948,17.000000,51285.530000,17.000000,21210.870000,0.543266,0.171564,0.066306,0.244360,73.390000,False
C000949,21.000000,110967.250000,21.000000,14496.870000,0.359623,0.040791,0.000000,1.337576,7.000000,False
C000950,23.000000,40971.280000,23.000000,6190.080000,0.304269,0.256801,0.080628,3.087861,80.000000,False
C000951,22.000000,27029.110000,22.000000,3964.310000,0.439346,0.131802,0.000000,0.961286,2.890000,False
C000952,31.000000,120342.150000,31.000000,25193.400000,0.474927,0.104952,0.000000,0.449276,25.830000,False
C000953,24.000000,1015418.860000,23.000000,122361.830000,0.480993,0.316052,0.000000,0.592825,81.610000,False
C000954,26.000000,161439.220000,25.000000,25985.090000,0.591710,0.347520,0.000000,1.249823,37.170000,False
C000955,18.000000,20895.770000,18.000000,3086.570000,0.304988,0.157975,0.000000,0.843337,23.330000,False
C000956,1.000000,218550.690000,1.000000,218550.690000,0.986172,0.000000,0.000000,0.000000,95.170000,True
C000957,24.000000,164363.120000,24.000000,53842.900000,0.483715,0.111545,0.000000,0.262257,31.000000,False
C000958,26.000000,92366.130000,26.000000,11545.390000,0.570427,0.079693,0.000000,0.740822,3.440000,False
C000959,25.000000,137518.930000,25.000000,19176.880000,0.517535,0.053686,0.000000,1.155791,10.940000,False
C000960,36.000000,823350.080000,36.000000,86526.390000,1.903385,0.526407,0.000000,0.728396,92.560000,False
C000961,42.000000,24266.850000,42.000000,3467.460000,0.563532,0.118580,0.000000,0.549653,63.560000,False
C000962,50.000000,127167.450000,49.000000,14073.890000,0.910325,0.168350,0.016754,1.885244,78.000000,False
C000963,25.000000,24857.450000,25.000000,5500.380000,0.401732,0.291407,0.000000,0.421796,35.280000,False
C000964,32.000000,574861.990000,32.000000,51590.880000,0.675058,0.151663,0.000000,0.951274,61.220000,False
C000965,23.000000,180944.870000,23.000000,127771.410000,1.277434,0.012961,0.000000,4.824101,83.170000,False
C000966,26.000000,103781.220000,26.000000,12505.950000,0.474488,0.316074,0.000000,1.061408,29.780000,False
C000967,38.000000,135194.060000,38.000000,26526.000000,0.754811,0.042665,0.011195,0.554060,65.940000,False
C000968,23.000000,10117.810000,23.000000,2344.230000,0.421575,0.356668,0.000000,0.863200,39.830000,False
C000969,34.000000,65157.980000,34.000000,5297.280000,0.619982,0.223866,0.028717,0.652918,60.170000,False
C000970,23.000000,68038.530000,23.000000,13981.070000,0.391516,0.112794,0.000000,0.892984,0.440000,False
C000971,15.000000,48659.650000,15.000000,11820.490000,0.336162,0.152553,0.037206,0.713563,66.390000,False
C000972,21.000000,22326.580000,21.000000,3978.920000,0.360887,0.215918,0.000000,0.712065,7.500000,False
C000973,47.000000,306019.310000,47.000000,48814.040000,6.151514,0.921975,0.000000,0.045114,98.170000,True
C000974,0.000000,0.000000,0.000000,0.000000,0.000000,0.000000,0.000000,0.000000,85.750000,False
C000975,24.000000,21744.380000,24.000000,2651.640000,0.338159,0.179141,0.000000,2.357557,23.780000,False
C000976,46.000000,257073.240000,46.000000,47785.770000,1.051657,0.179418,0.000000,0.293305,76.830000,False
C000977,21.000000,241250.120000,21.000000,38542.970000,0.476640,0.171887,0.000000,0.620214,12.280000,False
C000978,58.000000,189214.940000,58.000000,20044.130000,0.938476,0.194137,0.004432,0.877174,81.890000,False
C000979,0.000000,0.000000,0.000000,0.000000,0.000000,0.000000,0.000000,0.000000,85.750000,False
C000980,19.000000,47439.030000,19.000000,7373.580000,0.438415,0.183803,0.000000,0.887425,12.170000,False
C000981,15.000000,27801.780000,15.000000,7299.320000,0.269239,0.175967,0.082473,2.736281,82.720000,False
C000982,19.000000,117143.750000,19.000000,31053.820000,0.544999,0.128247,0.000000,0.547316,20.610000,False
C000983,28.000000,109399.960000,28.000000,29109.400000,0.681020,0.213830,0.000000,0.741713,18.830000,False
C000984,28.000000,109399.990000,28.000000,11908.800000,0.613529,0.161726,0.000000,0.570271,10.440000,False
C000985,23.000000,94531.380000,23.000000,16333.870000,0.288796,0.046370,0.000000,0.967516,11.390000,False
C000986,55.000000,2449768.890000,55.000000,259442.280000,0.825422,0.186478,0.000000,0.892847,96.940000,True
C000987,0.000000,0.000000,0.000000,0.000000,0.000000,0.000000,0.000000,0.000000,85.750000,False
C000988,33.000000,183912.310000,33.000000,18494.270000,0.347001,0.091981,0.000000,1.303461,37.940000,False
C000989,21.000000,25023.340000,21.000000,4301.430000,0.254263,0.148845,0.000000,1.108591,12.610000,False
C000990,30.000000,118852.200000,30.000000,11672.400000,0.374186,0.074096,0.000000,0.793625,25.890000,False
C000991,42.000000,360117.600000,42.000000,27549.190000,0.472498,0.180385,0.000000,1.948658,67.780000,False
C000992,24.000000,33449.690000,24.000000,4338.750000,0.339118,0.055555,0.000000,1.461973,9.440000,False
C000993,27.000000,78338.570000,27.000000,8079.370000,0.558980,0.091707,0.000000,1.931713,22.720000,False
C000994,20.000000,794697.310000,20.000000,220344.450000,0.267241,0.313077,0.000000,0.680977,88.610000,False
C000995,26.000000,23391.880000,26.000000,3884.080000,0.322096,0.011765,0.039405,1.251137,62.440000,False
C000996,0.000000,0.000000,0.000000,0.000000,0.000000,0.000000,0.000000,0.000000,85.750000,False
C000997,22.000000,51418.600000,22.000000,8136.550000,0.261567,0.099076,0.000000,1.582904,9.610000,False
C000998,45.000000,188768.740000,45.000000,16432.350000,0.577263,0.065824,0.019050,1.929459,76.000000,False
C000999,27.000000,166998.440000,27.000000,24481.160000,0.558442,0.246085,0.000000,0.189668,25.670000,False
C001000,18.000000,22611.740000,18.000000,2771.710000,0.337149,0.150983,0.000000,0.951979,23.670000,False
C001001,52.000000,347898.420000,52.000000,47367.680000,0.930380,0.190708,0.000000,1.023955,74.830000,False
C001002,0.000000,0.000000,0.000000,0.000000,0.000000,0.000000,0.000000,0.000000,85.750000,False
C001003,24.000000,198544.930000,24.000000,24791.640000,0.450857,0.106043,0.000000,0.856882,2.720000,False
C001004,21.000000,31694.110000,21.000000,3615.140000,0.366724,0.121494,0.000000,1.275222,3.330000,False
C001005,21.000000,58113.200000,21.000000,10125.550000,0.494635,0.041733,0.015408,0.651901,37.440000,False
C001006,34.000000,189274.410000,33.000000,23653.030000,0.492520,0.191443,0.000000,0.745163,34.000000,False
C001007,15.000000,59088.230000,15.000000,8484.210000,0.317898,0.131760,0.000000,0.741094,40.440000,False
C001008,35.000000,696651.800000,35.000000,241368.360000,2.853862,0.058454,0.000000,0.721119,91.330000,False
C001009,60.000000,153798.490000,60.000000,12194.000000,1.391389,0.079893,0.000000,1.974211,89.500000,False
C001010,38.000000,121777.640000,37.000000,17055.470000,0.892073,0.151135,0.029154,0.336090,69.560000,False
C001011,17.000000,96771.710000,17.000000,14221.880000,0.301337,0.315188,0.106290,1.552701,82.780000,False
C001012,24.000000,471948.920000,24.000000,54783.270000,0.526152,0.170132,0.000000,1.904778,47.940000,False
C001013,20.000000,260961.640000,20.000000,35422.850000,0.374654,0.183969,0.000000,1.794850,26.440000,False
C001014,22.000000,309161.270000,22.000000,59375.800000,0.461879,0.449211,0.000000,2.997065,76.440000,False
C001015,23.000000,360034.150000,23.000000,73023.490000,0.382798,0.231952,0.000000,1.766004,44.780000,False
C001016,30.000000,178835.460000,30.000000,150840.470000,1.917321,0.003809,0.001167,8.623989,92.610000,False
C001017,26.000000,454996.110000,26.000000,128133.830000,2.068555,0.017418,0.793864,0.484037,97.560000,True
C001018,27.000000,11690.890000,27.000000,1043.680000,0.487120,0.155604,0.000000,0.837338,16.720000,False
C001019,41.000000,102871.180000,41.000000,12685.930000,0.593519,0.201861,0.000000,1.629752,56.560000,False
C001020,22.000000,80206.710000,22.000000,11873.870000,0.415404,0.057555,0.000000,0.706818,4.060000,False
C001021,26.000000,73742.520000,26.000000,8504.460000,0.329525,0.141510,0.000000,1.559381,2.830000,False
C001022,37.000000,347503.180000,37.000000,34932.500000,0.468965,0.109563,0.020389,1.357255,62.500000,False
C001023,18.000000,526380.130000,18.000000,147444.270000,0.253626,0.402431,0.000000,0.460568,81.720000,False
C001024,21.000000,14222.950000,21.000000,2459.640000,0.291903,0.277424,0.000000,0.373519,34.610000,False
C001025,15.000000,24728.970000,14.000000,4632.770000,0.335551,0.280112,0.000000,0.737108,56.280000,False
C001026,3.000000,327017.230000,3.000000,138219.070000,0.967423,0.000000,1.000000,0.732100,99.170000,True
C001027,48.000000,1460505.230000,48.000000,218161.960000,1.685525,0.207660,0.006036,0.729203,94.940000,False
C001028,19.000000,449480.240000,19.000000,77015.860000,0.648319,0.177771,0.000000,1.448391,54.890000,False
C001029,19.000000,389764.520000,19.000000,51752.610000,0.265587,0.117527,0.000000,1.973382,52.110000,False
C001030,14.000000,64691.120000,14.000000,22121.750000,0.320115,0.140175,0.000000,0.151150,57.000000,False
C001031,23.000000,126729.250000,23.000000,17736.410000,0.337259,0.319000,0.000000,1.486395,27.720000,False
C001032,28.000000,35165.420000,28.000000,3423.980000,0.551482,0.092322,0.000000,0.853202,17.110000,False
C001033,20.000000,60897.210000,20.000000,8400.020000,0.239501,0.344130,0.000000,1.277512,43.170000,False
C001034,34.000000,33900.210000,34.000000,4542.540000,0.515604,0.080698,0.000000,1.182545,39.390000,False
C001035,41.000000,38864.480000,41.000000,3397.910000,0.946941,0.205853,0.000000,1.788291,65.670000,False
C001036,21.000000,399147.060000,21.000000,65158.970000,0.350155,0.149951,0.000000,1.763796,42.390000,False
C001037,67.000000,115113.820000,66.000000,7692.070000,1.971880,0.114460,0.020319,1.383582,94.170000,False
C001038,54.000000,654768.370000,53.000000,166336.270000,1.194284,0.303425,0.000000,2.177990,92.330000,False
C001039,22.000000,83939.160000,22.000000,15903.730000,0.471112,0.229352,0.000000,0.548040,8.560000,False
C001040,25.000000,118275.530000,25.000000,10844.250000,0.491103,0.109328,0.000000,2.581993,23.500000,False
C001041,18.000000,219410.960000,18.000000,27178.050000,0.407467,0.416964,0.000000,2.158896,69.330000,False
C001042,17.000000,39592.250000,17.000000,9926.800000,0.280217,0.369576,0.000000,2.407608,61.330000,False
C001043,19.000000,413811.760000,19.000000,133821.280000,1.137880,0.014157,0.821779,0.692330,96.830000,True
C001044,62.000000,1791453.640000,62.000000,126578.420000,0.907239,0.229655,0.036087,0.779763,97.110000,True
C001045,23.000000,171833.110000,23.000000,42136.970000,0.407831,0.129749,0.000000,1.615355,14.000000,False
C001046,44.000000,496831.860000,44.000000,44496.230000,0.945674,0.109360,0.000000,1.699057,72.780000,False
C001047,23.000000,6698.060000,23.000000,582.420000,0.279086,0.188114,0.000000,1.030287,16.280000,False
C001048,14.000000,22760.080000,14.000000,3338.250000,0.175750,0.092178,0.000000,1.164720,54.060000,False
C001049,30.000000,373510.660000,30.000000,49465.820000,0.548877,0.160956,0.000000,1.929510,46.670000,False
C001050,20.000000,37451.230000,20.000000,15165.230000,0.183450,0.113472,0.000000,6.492674,76.560000,False
C001051,18.000000,81341.820000,18.000000,33880.160000,0.455618,0.480594,0.000000,5.500632,83.280000,False
C001052,22.000000,221629.440000,22.000000,28568.010000,0.300935,0.165350,0.000000,2.810790,39.330000,False
C001053,18.000000,546367.670000,18.000000,58250.060000,0.260596,0.172341,0.000000,0.668442,61.390000,False
C001054,13.000000,25203.080000,13.000000,9432.800000,0.280199,0.635177,0.000000,1.254474,83.060000,False
C001055,0.000000,0.000000,0.000000,0.000000,0.000000,0.000000,0.000000,0.000000,85.750000,False
C001056,20.000000,74609.900000,20.000000,23426.520000,0.374252,0.107792,0.000000,0.703957,7.670000,False
C001057,14.000000,290408.140000,14.000000,69701.600000,0.237322,0.084491,0.000000,2.694394,75.610000,False
C001058,0.000000,0.000000,0.000000,0.000000,0.000000,0.000000,0.000000,0.000000,85.750000,False
C001059,24.000000,321140.260000,24.000000,38603.020000,0.461398,0.197844,0.000000,1.688388,22.220000,False
C001060,37.000000,316627.520000,37.000000,27297.840000,0.618292,0.177975,0.000000,1.195318,49.390000,False
C001061,21.000000,10947.090000,21.000000,1538.260000,0.327025,0.187827,0.000000,0.895085,6.170000,False
C001062,18.000000,49640.660000,18.000000,9956.520000,0.493235,0.342886,0.000000,0.414549,52.560000,False
C001063,24.000000,36423.920000,24.000000,4533.290000,0.427046,0.125721,0.000000,1.954993,14.940000,False
C001064,18.000000,30543.440000,18.000000,7379.680000,0.353092,0.241613,0.000000,3.107327,51.060000,False
C001065,26.000000,136581.740000,26.000000,17339.880000,0.359840,0.103814,0.000000,0.393593,1.220000,False
C001066,27.000000,403580.420000,27.000000,60647.880000,0.446831,0.090013,0.000000,0.703439,35.890000,False
C001067,41.000000,601263.740000,41.000000,84114.330000,0.796980,0.216559,0.000000,0.837995,73.110000,False
C001068,14.000000,426977.320000,14.000000,69833.840000,0.233981,0.243680,0.000000,1.833142,73.940000,False
C001069,0.000000,0.000000,0.000000,0.000000,0.000000,0.000000,0.000000,0.000000,85.750000,False
C001070,19.000000,86987.430000,19.000000,13140.400000,0.415100,0.067493,0.000000,0.632331,13.390000,False
C001071,17.000000,436599.980000,17.000000,124547.710000,0.330934,0.132667,0.000000,0.438724,66.500000,False
C001072,22.000000,17217.280000,22.000000,1564.860000,0.307948,0.035093,0.000000,0.787115,13.000000,False
C001073,28.000000,303243.400000,28.000000,34271.290000,0.388151,0.297557,0.000000,0.857610,47.110000,False
C001074,30.000000,16051.730000,30.000000,2464.820000,0.511279,0.023871,0.016428,0.720030,58.170000,False
C001075,0.000000,0.000000,0.000000,0.000000,0.000000,0.000000,0.000000,0.000000,85.750000,False
C001076,22.000000,363763.270000,22.000000,56400.490000,0.254997,0.190127,0.051294,1.441392,68.610000,False
C001077,21.000000,193067.380000,21.000000,65528.850000,0.412863,0.061401,0.000000,0.807771,34.170000,False
C001078,18.000000,217173.950000,18.000000,53444.040000,0.292658,0.326588,0.000000,0.800393,58.610000,False
C001079,22.000000,32478.600000,22.000000,4462.050000,0.418987,0.150582,0.000000,0.554867,4.720000,False
C001080,19.000000,4813.410000,19.000000,668.560000,0.193472,0.108358,0.000000,0.541258,27.170000,False
C001081,26.000000,372735.370000,26.000000,59134.790000,0.562871,0.295733,0.000000,1.239040,50.560000,False
C001082,25.000000,36820.900000,25.000000,5756.490000,0.404208,0.137165,0.000000,0.927338,1.670000,False
C001083,48.000000,458031.920000,48.000000,30572.940000,0.955482,0.149274,0.000000,0.428829,77.000000,False
C001084,0.000000,0.000000,0.000000,0.000000,0.000000,0.000000,0.000000,0.000000,85.750000,False
C001085,22.000000,144850.610000,22.000000,33962.900000,0.600157,0.282778,0.000000,0.267687,32.610000,False
C001086,22.000000,46815.330000,22.000000,8447.180000,0.399876,0.206739,0.000000,0.309698,9.060000,False
C001087,29.000000,181272.060000,29.000000,21594.660000,0.450769,0.258825,0.047485,2.222935,68.170000,False
C001088,22.000000,20513.400000,22.000000,7041.290000,0.454571,0.068351,0.044579,1.317207,50.060000,False
C001089,16.000000,53101.580000,16.000000,7091.150000,0.317171,0.015028,0.000000,1.038877,45.890000,False
C001090,32.000000,32590.920000,32.000000,3728.430000,0.596359,0.211101,0.039121,0.940422,61.610000,False
C001091,16.000000,220751.910000,16.000000,39669.540000,0.277201,0.066667,0.000000,1.441818,45.670000,False
C001092,27.000000,112503.020000,27.000000,14580.560000,0.391824,0.021635,0.015225,0.516160,48.720000,False
C001093,22.000000,27266.190000,22.000000,10967.660000,0.383506,0.000000,0.000000,5.351092,71.280000,False
C001094,41.000000,58348.120000,41.000000,3675.910000,0.377684,0.272281,0.040530,1.033213,78.830000,False
C001095,41.000000,325785.240000,41.000000,39730.830000,0.589191,0.074350,0.000000,1.128299,61.110000,False
C001096,21.000000,17394.470000,21.000000,2604.320000,0.227528,0.000000,0.000000,0.500491,40.940000,False
C001097,22.000000,53032.950000,22.000000,7493.660000,0.236548,0.227568,0.000000,0.640130,14.670000,False
C001098,25.000000,98687.580000,25.000000,11454.210000,0.290848,0.223998,0.000000,1.308344,5.830000,False
C001099,22.000000,109254.330000,22.000000,26987.580000,0.657185,0.141776,0.014032,0.404456,31.610000,False
C001100,23.000000,24735.190000,23.000000,3383.880000,0.419149,0.082648,0.000000,1.331628,11.330000,False
C001101,50.000000,427752.350000,50.000000,28475.490000,1.041247,0.180529,0.000000,1.299348,75.830000,False
C001102,15.000000,33784.650000,15.000000,7186.190000,0.211988,0.110527,0.000000,0.486217,41.330000,False
C001103,45.000000,506436.570000,45.000000,49464.220000,0.829070,0.239260,0.000000,1.220988,73.220000,False
C001104,25.000000,143748.930000,25.000000,29182.730000,0.393964,0.324895,0.000000,0.732794,33.610000,False
C001105,24.000000,170345.760000,24.000000,141002.510000,1.762096,0.048385,0.000000,9.264019,91.060000,False
C001106,29.000000,774383.790000,29.000000,327792.730000,4.749017,0.006800,0.000000,0.852359,95.720000,True
C001107,20.000000,1109283.290000,20.000000,416001.120000,0.684898,0.155978,0.000000,0.643978,93.670000,False
C001108,51.000000,852947.500000,50.000000,80394.240000,0.816551,0.148499,0.018234,0.913912,88.110000,False
C001109,24.000000,58930.100000,23.000000,13852.190000,0.471697,0.133305,0.000000,0.679535,1.440000,False
C001110,19.000000,41379.600000,19.000000,6860.130000,0.374641,0.024730,0.000000,0.774176,26.060000,False
C001111,20.000000,552912.150000,20.000000,206515.630000,1.252661,0.018205,0.000000,1.323114,81.830000,False
C001112,17.000000,91189.640000,17.000000,16035.020000,0.228644,0.068733,0.000000,0.513990,32.890000,False
C001113,0.000000,0.000000,0.000000,0.000000,0.000000,0.000000,0.000000,0.000000,85.750000,False
C001114,34.000000,14749.280000,34.000000,1812.680000,0.517151,0.313791,0.004921,1.357377,64.780000,False
C001115,20.000000,21065.080000,20.000000,4062.150000,0.329139,0.022960,0.000000,0.548170,25.940000,False
C001116,0.000000,0.000000,0.000000,0.000000,0.000000,0.000000,0.000000,0.000000,85.750000,False
C001117,17.000000,152915.030000,17.000000,22388.390000,0.232356,0.133037,0.000000,1.450692,29.110000,False
C001118,21.000000,95204.590000,21.000000,19257.800000,0.419127,0.116692,0.000000,1.542276,3.720000,False
C001119,45.000000,114197.630000,45.000000,14156.170000,0.702265,0.022871,0.000000,0.870382,69.110000,False
C001120,24.000000,1092595.610000,24.000000,217883.730000,0.392364,0.196882,0.000000,4.126277,89.890000,False
C001121,15.000000,43362.950000,15.000000,7869.300000,0.448906,0.033692,0.000000,1.222946,47.500000,False
C001122,46.000000,118645.640000,46.000000,11668.020000,0.926153,0.188718,0.000000,0.511979,68.280000,False
C001123,25.000000,354324.870000,25.000000,67715.470000,0.441185,0.111176,0.000000,1.657439,37.000000,False
C001124,17.000000,43076.930000,17.000000,5197.780000,0.329907,0.024870,0.000000,2.568854,52.440000,False
C001125,28.000000,42932.130000,28.000000,9819.570000,0.440587,0.124981,0.021475,1.097571,38.440000,False
C001126,0.000000,0.000000,0.000000,0.000000,0.000000,0.000000,0.000000,0.000000,85.750000,False
C001127,16.000000,314804.560000,16.000000,48083.510000,0.237063,0.182948,0.000000,6.665964,82.000000,False
C001128,22.000000,95932.480000,22.000000,11612.100000,0.414386,0.069192,0.000000,1.330024,2.170000,False
C001129,19.000000,42320.260000,19.000000,5604.400000,0.215868,0.433683,0.022083,0.970345,73.330000,False
C001130,22.000000,13433.430000,22.000000,1754.880000,0.350892,0.311759,0.000000,0.705982,35.500000,False
C001131,36.000000,68273.770000,36.000000,4300.080000,0.620569,0.140970,0.000000,1.532926,42.110000,False
C001132,27.000000,182485.770000,27.000000,25733.420000,0.247686,0.102101,0.000000,2.061231,27.000000,False
C001133,23.000000,474233.750000,23.000000,419739.210000,4.210746,0.019049,0.000000,0.062431,96.220000,True
C001134,21.000000,325846.160000,21.000000,43825.450000,0.321245,0.384745,0.000000,0.420956,56.830000,False
C001135,27.000000,42903.870000,27.000000,4789.830000,0.417447,0.182258,0.000000,0.595249,12.000000,False
C001136,20.000000,107238.710000,19.000000,28595.510000,0.301191,0.214877,0.000000,1.859520,22.060000,False
C001137,24.000000,223556.380000,24.000000,26490.340000,0.384465,0.219798,0.000000,5.416327,68.780000,False
C001138,30.000000,544729.320000,29.000000,233120.270000,13.751103,0.004964,0.000000,0.790057,97.330000,True
C001139,44.000000,73198.030000,44.000000,5417.470000,0.714495,0.226892,0.000000,1.527294,64.390000,False
C001140,19.000000,221835.410000,19.000000,39046.750000,0.518394,0.198668,0.000000,1.015032,24.830000,False
C001141,22.000000,530371.970000,22.000000,82828.960000,0.375992,0.121644,0.000000,1.289075,50.500000,False
C001142,23.000000,98013.710000,23.000000,13158.670000,0.362827,0.152242,0.000000,0.351681,3.220000,False
C001143,46.000000,75858.320000,46.000000,6269.610000,0.647375,0.091289,0.000000,1.479477,64.440000,False
C001144,28.000000,653398.570000,28.000000,58186.390000,0.452574,0.202198,0.000000,2.199089,63.610000,False
C001145,26.000000,173344.890000,26.000000,33412.420000,0.416957,0.462609,0.000000,4.503765,80.110000,False
C001146,0.000000,0.000000,0.000000,0.000000,0.000000,0.000000,0.000000,0.000000,85.750000,False
C001147,22.000000,35753.540000,22.000000,6018.700000,0.277020,0.300155,0.000000,1.347686,33.720000,False
C001148,20.000000,117298.380000,20.000000,14528.080000,0.328850,0.240861,0.064744,1.651048,67.890000,False
C001149,22.000000,52447.160000,22.000000,5422.420000,0.464398,0.203164,0.000000,1.385375,7.440000,False
C001150,27.000000,108706.890000,27.000000,21017.040000,0.533223,0.220546,0.000000,1.552056,14.560000,False
C001151,51.000000,633053.820000,51.000000,389129.550000,1.830670,0.031822,0.000000,0.302239,96.110000,True
C001152,33.000000,1225886.480000,33.000000,266478.690000,0.729310,0.284692,0.000000,1.211945,92.280000,False
C001153,27.000000,73456.480000,27.000000,27572.690000,0.670982,0.056921,0.000000,0.624861,29.560000,False
C001154,23.000000,78611.300000,23.000000,9477.290000,0.363872,0.136135,0.000000,1.266846,0.390000,False
C001155,32.000000,46494.610000,32.000000,4655.800000,0.592607,0.058519,0.000000,0.639176,41.390000,False
C001156,32.000000,721784.950000,32.000000,305221.720000,4.242287,0.011937,0.000000,0.921244,95.280000,True
C001157,16.000000,308387.070000,16.000000,96867.730000,0.486872,0.131864,0.000000,2.301287,68.890000,False
C001158,47.000000,55569.320000,47.000000,5445.410000,0.809611,0.086151,0.080790,3.009521,90.670000,False
C001159,26.000000,96265.080000,26.000000,10970.270000,0.381397,0.349849,0.000000,1.141501,33.560000,False
C001160,22.000000,55758.360000,22.000000,14666.320000,0.284390,0.087687,0.000000,1.735620,15.330000,False
C001161,16.000000,21305.240000,16.000000,3576.190000,0.302079,0.063045,0.000000,0.613417,38.830000,False
C001162,48.000000,1767500.370000,48.000000,509812.750000,0.954167,0.253750,0.000000,0.560161,97.720000,True
C001163,20.000000,573368.860000,20.000000,86751.830000,0.651152,0.111764,0.000000,1.688163,63.890000,False
C001164,54.000000,513948.840000,53.000000,48863.660000,0.632393,0.113177,0.000000,1.115991,77.670000,False
C001165,28.000000,69967.380000,28.000000,10033.520000,0.553614,0.214087,0.000000,0.519701,16.170000,False
C001166,29.000000,131059.770000,29.000000,24643.110000,0.454268,0.106635,0.000000,0.494625,15.670000,False
C001167,24.000000,196603.180000,24.000000,22624.950000,0.332839,0.013760,0.000000,0.505182,31.440000,False
C001168,24.000000,131417.880000,24.000000,25486.560000,0.419649,0.068510,0.000000,0.644912,3.000000,False
C001169,30.000000,331257.500000,30.000000,47695.840000,1.925687,0.844141,0.000000,0.123119,93.390000,False
C001170,19.000000,32753.420000,19.000000,5178.180000,0.307340,0.071175,0.000000,1.060421,16.610000,False
C001171,16.000000,103964.560000,16.000000,34302.830000,0.266678,0.104519,0.000000,1.929009,42.560000,False
C001172,78.000000,100753.000000,78.000000,7485.360000,1.001255,0.238872,0.000000,1.152279,94.110000,False
C001173,31.000000,102450.610000,31.000000,10405.200000,0.701519,0.192607,0.035465,1.475978,57.830000,False
C001174,20.000000,19880.390000,20.000000,3857.860000,0.293069,0.041873,0.000000,0.802875,20.390000,False
C001175,23.000000,332027.470000,23.000000,47840.480000,0.293385,0.179208,0.000000,1.131706,22.440000,False
C001176,0.000000,0.000000,0.000000,0.000000,0.000000,0.000000,0.000000,0.000000,85.750000,False
C001177,25.000000,220510.770000,25.000000,28987.280000,0.594811,0.047266,0.000000,0.853798,19.560000,False
C001178,44.000000,2845873.370000,44.000000,217966.780000,0.691066,0.215327,0.000000,1.130168,96.390000,True
C001179,27.000000,30226.150000,27.000000,4345.540000,0.383243,0.254669,0.000000,0.660715,18.610000,False
C001180,1.000000,150907.310000,1.000000,150907.310000,0.194889,0.000000,0.000000,150907.310000,99.000000,True
C001181,53.000000,248688.150000,53.000000,27149.250000,0.763464,0.235162,0.000000,0.475513,77.390000,False
C001182,21.000000,50300.000000,21.000000,7834.260000,0.281220,0.072815,0.000000,0.511847,11.500000,False
C001183,26.000000,364775.280000,26.000000,70764.220000,0.580621,0.303741,0.000000,0.670727,55.280000,False
C001184,27.000000,882337.680000,27.000000,324828.570000,1.931514,0.074207,0.000000,0.876207,91.280000,False
C001185,22.000000,61341.480000,22.000000,11362.080000,0.314178,0.145162,0.000000,2.966771,35.220000,False
C001186,48.000000,127816.450000,48.000000,12661.330000,0.659174,0.138780,0.000000,1.102001,61.500000,False
C001187,0.000000,0.000000,0.000000,0.000000,0.000000,0.000000,0.000000,0.000000,85.750000,False
C001188,52.000000,1503804.740000,52.000000,95095.630000,0.864686,0.200275,0.021809,0.820623,93.560000,False
C001189,21.000000,36385.320000,20.000000,6332.980000,0.394647,0.159810,0.000000,0.694922,5.170000,False
C001190,29.000000,44446.720000,29.000000,6230.290000,0.295944,0.108373,0.000000,1.205616,23.060000,False
C001191,28.000000,15929.700000,28.000000,3562.340000,0.509463,0.384153,0.000000,0.745707,54.170000,False
C001192,16.000000,21401.170000,16.000000,6776.820000,0.296714,0.041153,0.000000,0.257973,45.440000,False
C001193,31.000000,260682.340000,31.000000,26011.290000,0.378500,0.170025,0.000000,0.941957,29.890000,False
C001194,28.000000,45782.410000,28.000000,6791.600000,0.416163,0.159825,0.000000,0.843377,9.330000,False
C001195,24.000000,1707131.560000,24.000000,251124.500000,0.616906,0.103271,0.015858,0.757318,91.670000,False
C001196,33.000000,164100.860000,33.000000,28716.510000,0.540620,0.207953,0.000000,4.006094,66.560000,False
C001197,30.000000,145105.570000,30.000000,26973.770000,0.609174,0.044726,0.000000,1.208798,35.110000,False
C001198,83.000000,104079.600000,83.000000,5925.010000,2.419371,0.117184,0.000000,1.234366,96.780000,True
C001199,38.000000,38782.930000,38.000000,4625.070000,0.663212,0.207366,0.000000,2.246982,58.780000,False
C001200,22.000000,920685.350000,22.000000,125231.780000,0.396534,0.184867,0.000000,1.462249,75.330000,False
C001201,19.000000,38235.990000,19.000000,5067.960000,0.453466,0.031716,0.000000,1.134363,29.500000,False
C001202,22.000000,39941.580000,22.000000,8556.780000,0.401850,0.084005,0.000000,0.680143,3.890000,False
C001203,26.000000,109860.180000,26.000000,16676.540000,0.619743,0.084415,0.000000,2.906395,36.110000,False
C001204,20.000000,46045.000000,20.000000,4761.360000,0.330822,0.267112,0.000000,1.968378,32.670000,False
C001205,26.000000,170995.960000,26.000000,20841.820000,0.364173,0.100483,0.000000,0.856951,3.610000,False
C001206,13.000000,26048.280000,13.000000,6918.860000,0.134827,0.210007,0.000000,0.678043,63.440000,False
C001207,28.000000,52464.250000,27.000000,6513.590000,0.462819,0.216088,0.000000,1.065764,10.390000,False
C001208,46.000000,97198.790000,46.000000,11000.840000,0.672933,0.086072,0.015895,0.918741,70.890000,False
C001209,0.000000,0.000000,0.000000,0.000000,0.000000,0.000000,0.000000,0.000000,85.750000,False
C001210,39.000000,58046.340000,39.000000,6915.140000,0.688807,0.062361,0.000000,0.869024,56.890000,False
C001211,21.000000,39047.920000,21.000000,7703.110000,0.418443,0.163559,0.000000,0.433367,9.170000,False
C001212,22.000000,49458.540000,22.000000,16895.250000,0.633887,0.109579,0.000000,0.215703,9.780000,False
C001213,13.000000,211547.610000,13.000000,44507.040000,0.406681,0.000000,0.000000,0.577850,69.720000,False
C001214,26.000000,120648.710000,26.000000,42390.670000,0.491018,0.123038,0.034420,0.473630,52.500000,False
C001215,53.000000,57868.830000,53.000000,4637.720000,0.559502,0.177682,0.000000,0.934411,70.220000,False
C001216,69.000000,365056.560000,69.000000,238456.840000,3.544732,0.062962,0.000000,5.795963,98.780000,True
C001217,26.000000,20851.060000,26.000000,5109.800000,0.599274,0.167400,0.000000,0.400949,14.440000,False
C001218,19.000000,249329.750000,19.000000,203622.080000,1.299194,0.020144,0.000000,7.729416,91.500000,False
C001219,23.000000,444906.750000,23.000000,405079.850000,4.977680,0.001840,0.001840,0.050435,96.890000,True
C001220,30.000000,36322.120000,30.000000,4349.730000,0.479254,0.284070,0.000000,1.893690,49.170000,False
C001221,66.000000,81534.820000,66.000000,6240.020000,1.060269,0.154565,0.000000,0.668545,90.060000,False
C001222,23.000000,17881.320000,23.000000,3416.000000,0.438368,0.065023,0.000000,2.703256,36.280000,False
C001223,28.000000,145278.490000,28.000000,17471.830000,0.464351,0.235757,0.000000,1.196327,13.560000,False
C001224,42.000000,77257.420000,42.000000,8066.770000,0.671510,0.065760,0.000000,1.111969,60.440000,False
C001225,26.000000,367930.480000,26.000000,64721.230000,0.316457,0.180070,0.012955,0.648765,50.780000,False
C001226,17.000000,12562.810000,17.000000,2874.600000,0.199896,0.120538,0.000000,0.701445,32.330000,False
C001227,17.000000,15892.710000,17.000000,2595.790000,0.646086,0.138609,0.000000,1.591766,40.780000,False
C001228,20.000000,7429.490000,20.000000,1259.650000,0.172772,0.356195,0.169547,0.663861,89.390000,False
C001229,34.000000,644761.350000,33.000000,67032.220000,0.573113,0.114918,0.000000,1.284116,63.670000,False
C001230,27.000000,694581.640000,27.000000,169116.680000,0.413240,0.204383,0.000000,0.370403,77.940000,False
C001231,21.000000,57039.140000,21.000000,9360.060000,0.300334,0.092761,0.000000,0.502377,4.170000,False
C001232,29.000000,456439.590000,29.000000,53599.970000,0.579265,0.088224,0.000000,1.546817,53.330000,False
C001233,23.000000,56699.970000,23.000000,11914.130000,0.277014,0.020359,0.000000,1.346245,26.780000,False
C001234,25.000000,324262.980000,24.000000,30543.380000,0.357337,0.323142,0.000000,0.435224,48.060000,False
C001235,46.000000,193500.230000,46.000000,20902.430000,0.577772,0.142687,0.000000,1.593847,64.890000,False
C001236,25.000000,89988.990000,25.000000,9649.010000,0.352092,0.259761,0.000000,0.823782,6.670000,False
C001237,17.000000,22021.930000,17.000000,7791.400000,0.362089,0.328075,0.000000,0.543015,53.000000,False
C001238,16.000000,2018741.590000,16.000000,232962.800000,0.317448,0.018670,0.000000,1.050417,93.610000,False
C001239,21.000000,569559.310000,21.000000,76627.570000,0.241129,0.067700,0.000000,1.506721,56.330000,False
C001240,17.000000,178446.560000,17.000000,31671.510000,0.381855,0.091772,0.000000,1.546901,31.890000,False
C001241,24.000000,22103.070000,24.000000,2955.440000,0.593337,0.042422,0.000000,1.965709,29.610000,False
C001242,17.000000,106718.230000,17.000000,30826.760000,0.291062,0.174909,0.000000,0.318440,34.500000,False
C001243,22.000000,142939.400000,22.000000,29017.520000,0.441053,0.018667,0.000000,2.106795,33.060000,False
C001244,25.000000,49792.370000,25.000000,7600.400000,0.336262,0.083051,0.000000,1.200199,5.280000,False
C001245,52.000000,337357.560000,52.000000,23798.280000,0.741436,0.175588,0.000000,1.057817,70.390000,False
C001246,23.000000,479311.970000,23.000000,85128.460000,0.366297,0.128767,0.000000,0.319893,52.170000,False
C001247,23.000000,193808.110000,23.000000,28105.460000,0.542675,0.103739,0.000000,2.007210,23.000000,False
C001248,20.000000,65402.510000,20.000000,15000.580000,0.381982,0.208505,0.000000,0.329058,18.720000,False
C001249,22.000000,27573.690000,22.000000,6007.980000,0.299240,0.235835,0.000000,0.902319,10.330000,False
C001250,16.000000,226648.560000,16.000000,41750.760000,0.238744,0.067654,0.000000,2.062009,53.440000,False
C001251,31.000000,12199.800000,31.000000,1122.490000,0.415494,0.114232,0.000000,1.354328,36.000000,False
C001252,34.000000,228890.430000,34.000000,15614.960000,0.627449,0.057300,0.013800,0.825268,54.670000,False
C001253,23.000000,77518.320000,23.000000,10928.310000,0.312317,0.181038,0.000000,0.824936,0.720000,False
C001254,23.000000,1639508.550000,22.000000,251917.760000,0.396910,0.081342,0.000000,5.137174,92.890000,False
C001255,29.000000,161288.520000,29.000000,28931.170000,0.359050,0.059997,0.000000,0.811195,24.220000,False
C001256,21.000000,116032.210000,21.000000,26524.760000,0.514493,0.179121,0.071739,0.192978,66.720000,False
C001257,15.000000,53124.710000,15.000000,15519.130000,0.278542,0.129791,0.000000,3.253679,62.390000,False
C001258,25.000000,94182.650000,25.000000,15237.990000,0.396254,0.081881,0.000000,1.349563,2.220000,False
C001259,76.000000,406522.820000,76.000000,40041.170000,1.186175,0.154760,0.000000,0.680918,94.830000,False
C001260,21.000000,43990.970000,21.000000,7500.300000,0.296443,0.393893,0.067053,0.502251,76.720000,False
C001261,0.000000,0.000000,0.000000,0.000000,0.000000,0.000000,0.000000,0.000000,85.750000,False
C001262,27.000000,118911.170000,27.000000,21290.190000,0.467977,0.158614,0.000000,0.436013,8.940000,False
C001263,27.000000,27515.970000,27.000000,2931.030000,0.658133,0.079114,0.000000,1.974378,30.330000,False
C001264,23.000000,447900.020000,23.000000,62624.510000,0.337296,0.085686,0.000000,0.732235,41.000000,False
C001265,77.000000,192060.480000,76.000000,12037.860000,1.159432,0.169841,0.000000,1.339662,94.500000,False
C001266,44.000000,172701.100000,44.000000,21200.810000,0.598603,0.127320,0.000000,1.661302,61.780000,False
C001267,31.000000,210875.680000,31.000000,22240.090000,0.517438,0.055396,0.000000,1.281288,33.280000,False
C001268,29.000000,9252.020000,29.000000,1098.150000,0.385501,0.219027,0.000000,0.972485,27.780000,False
C001269,18.000000,67260.970000,18.000000,9584.310000,0.246634,0.035150,0.000000,0.915594,28.720000,False
C001270,28.000000,527873.500000,28.000000,60208.640000,0.477691,0.227321,0.000000,2.861628,65.720000,False
C001271,16.000000,73918.500000,16.000000,8830.780000,0.230440,0.068371,0.000000,1.259248,39.220000,False
C001272,25.000000,153328.380000,25.000000,27006.020000,0.465983,0.402541,0.000000,0.467021,49.940000,False
C001273,19.000000,200108.880000,19.000000,39803.490000,0.358971,0.072545,0.000000,0.782100,24.000000,False
C001274,18.000000,15414.980000,18.000000,2698.690000,0.368045,0.000000,0.000000,1.164369,46.110000,False
C001275,15.000000,80835.600000,15.000000,11477.700000,0.256969,0.202865,0.000000,0.689398,44.560000,False
C001276,21.000000,120629.170000,21.000000,25244.860000,0.458682,0.268811,0.000000,0.498999,22.780000,False
C001277,0.000000,0.000000,0.000000,0.000000,0.000000,0.000000,0.000000,0.000000,85.750000,False
C001278,20.000000,294908.390000,20.000000,49469.070000,0.450830,0.481271,0.000000,1.017721,72.000000,False
C001279,48.000000,71038.570000,48.000000,5382.390000,0.536853,0.184654,0.000000,1.674961,67.280000,False
C001280,27.000000,174046.980000,27.000000,25191.090000,0.297607,0.192315,0.000000,0.547545,21.390000,False
C001281,29.000000,43880.380000,29.000000,3995.200000,0.600468,0.171788,0.000000,0.789053,18.890000,False
C001282,33.000000,343337.840000,33.000000,28975.810000,0.615200,0.200740,0.000000,1.897401,44.610000,False
C001283,20.000000,34204.980000,20.000000,6004.760000,0.404596,0.151311,0.000000,0.685297,11.780000,False
C001284,1.000000,217013.670000,1.000000,217013.670000,0.856594,0.000000,0.000000,217013.670000,99.500000,True
C001285,16.000000,186322.060000,16.000000,44839.690000,0.295788,0.089373,0.000000,1.030757,46.940000,False
C001286,19.000000,109073.800000,19.000000,17314.230000,0.431018,0.067722,0.000000,0.257473,21.940000,False
C001287,27.000000,63455.810000,26.000000,10890.480000,0.513809,0.055613,0.000000,2.603057,36.560000,False
C001288,26.000000,349485.420000,26.000000,44822.460000,0.484981,0.130367,0.000000,2.584615,44.000000,False
C001289,25.000000,26158.450000,25.000000,2774.820000,0.327775,0.226908,0.035111,1.366839,52.830000,False
C001290,58.000000,359700.900000,57.000000,35871.710000,1.135430,0.165920,0.000000,1.079554,81.170000,False
C001291,25.000000,51771.470000,25.000000,8666.260000,0.358557,0.182370,0.000000,0.543849,4.220000,False
C001292,20.000000,150030.850000,20.000000,17911.820000,0.291673,0.405271,0.000000,0.754576,51.220000,False
C001293,20.000000,14406.740000,20.000000,2556.810000,0.600281,0.000000,0.000000,0.342047,45.780000,False
C001294,19.000000,123630.520000,19.000000,18625.560000,0.389042,0.091431,0.000000,0.931223,6.830000,False
C001295,28.000000,207448.950000,28.000000,41220.790000,0.787792,0.196556,0.000000,0.475117,37.670000,False
C001296,17.000000,62364.020000,17.000000,13007.760000,0.225889,0.339554,0.000000,2.188969,56.220000,False
C001297,18.000000,76472.990000,18.000000,13891.140000,0.210893,0.070649,0.000000,0.714188,31.170000,False
C001298,48.000000,870286.170000,48.000000,72234.250000,0.854429,0.106709,0.000000,0.747564,78.500000,False
C001299,18.000000,32497.760000,18.000000,7833.250000,0.216696,0.096854,0.000000,2.833902,47.830000,False
C001300,46.000000,288397.180000,46.000000,32257.840000,1.208253,0.088005,0.000000,1.023091,72.890000,False
C001301,17.000000,19451.410000,17.000000,4495.470000,0.207411,0.022475,0.000000,0.410888,45.720000,False
C001302,0.000000,0.000000,0.000000,0.000000,0.000000,0.000000,0.000000,0.000000,85.750000,False
C001303,19.000000,252492.110000,19.000000,53547.780000,0.263079,0.150783,0.000000,1.211342,35.060000,False
C001304,33.000000,364733.870000,33.000000,35077.000000,0.526884,0.264441,0.000000,1.391520,48.940000,False
C001305,26.000000,145050.520000,26.000000,35442.870000,0.583202,0.183769,0.000000,2.104427,21.170000,False
C001306,26.000000,54710.290000,25.000000,8829.060000,0.498379,0.065623,0.000000,1.316098,9.390000,False
C001307,27.000000,62855.770000,27.000000,9621.710000,0.773645,0.244651,0.000000,2.098408,38.670000,False
C001308,70.000000,2237419.270000,68.000000,181167.010000,1.294462,0.252960,0.052887,1.393279,99.060000,True
C001309,28.000000,86389.680000,28.000000,8163.300000,0.484643,0.210986,0.000000,0.908285,12.500000,False
C001310,50.000000,153288.560000,49.000000,18064.230000,0.745997,0.196665,0.000000,2.059988,72.670000,False
C001311,17.000000,459274.690000,17.000000,67430.930000,0.231352,0.000000,0.000000,2.752367,77.610000,False
C001312,23.000000,487353.510000,23.000000,55284.390000,0.335471,0.223070,0.000000,2.046270,53.890000,False
C001313,64.000000,636433.530000,64.000000,49889.480000,1.153408,0.209011,0.000000,1.116067,91.110000,False
C001314,21.000000,1783601.240000,21.000000,335021.750000,0.408642,0.250142,0.000000,1.321313,94.390000,False
C001315,22.000000,157418.780000,22.000000,25517.010000,0.303382,0.107973,0.000000,2.614406,28.170000,False
C001316,21.000000,4962368.430000,21.000000,1203099.930000,0.373326,0.000000,0.000000,0.404324,99.330000,True
C001317,25.000000,58865.470000,25.000000,5825.650000,0.357946,0.112564,0.069422,0.643754,62.940000,False
C001318,63.000000,52225.490000,63.000000,2773.380000,1.063299,0.149351,0.000000,1.252988,89.330000,False
C001319,23.000000,23305.280000,23.000000,8146.800000,0.402790,0.384039,0.000000,0.600950,45.390000,False
C001320,21.000000,20300.830000,21.000000,2193.830000,0.256187,0.047630,0.000000,2.183495,30.000000,False
C001321,34.000000,122387.400000,34.000000,15808.410000,0.571779,0.204431,0.000000,1.130389,30.440000,False
C001322,45.000000,634230.400000,44.000000,104120.310000,0.752308,0.129989,0.000000,0.758885,77.720000,False
C001323,0.000000,0.000000,0.000000,0.000000,0.000000,0.000000,0.000000,0.000000,85.750000,False
C001324,25.000000,118026.560000,25.000000,17279.070000,0.443178,0.158018,0.000000,1.910913,8.110000,False
C001325,25.000000,1168242.850000,25.000000,577872.370000,5.989042,0.004719,0.000000,0.826181,98.390000,True
C001326,15.000000,51374.040000,15.000000,7890.610000,0.246486,0.000000,0.000000,2.647556,66.330000,False
C001327,28.000000,192860.950000,28.000000,40475.490000,1.134133,0.202730,0.000000,0.659030,52.060000,False
C001328,25.000000,647273.420000,25.000000,289600.860000,9.515136,0.000318,0.000000,0.862662,97.000000,True
C001329,26.000000,30987.370000,26.000000,4805.300000,0.522471,0.125081,0.000000,1.814787,12.890000,False
C001330,23.000000,583775.250000,23.000000,120223.990000,0.717529,0.056194,0.000000,1.728018,65.280000,False
C001331,53.000000,82189.130000,52.000000,8920.430000,1.270117,0.179520,0.019496,1.261997,82.560000,False
C001332,40.000000,319361.270000,40.000000,43060.450000,0.643073,0.063051,0.000000,0.693178,61.560000,False
C001333,24.000000,78558.880000,24.000000,12337.710000,0.279460,0.064428,0.000000,0.733775,6.060000,False
C001334,29.000000,101654.110000,29.000000,10612.530000,0.571228,0.192054,0.000000,1.132045,12.220000,False
C001335,29.000000,13779.390000,29.000000,1785.930000,0.447096,0.193792,0.000000,0.538318,26.110000,False
C001336,23.000000,111883.290000,23.000000,13091.480000,0.298965,0.213100,0.000000,1.510855,7.170000,False
C001337,27.000000,192258.860000,27.000000,27265.560000,0.405306,0.008675,0.000000,0.515550,42.830000,False
C001338,40.000000,745280.180000,40.000000,108450.590000,0.903340,0.034894,0.000000,0.596708,80.890000,False
C001339,22.000000,8418.940000,21.000000,1087.620000,0.336682,0.244047,0.000000,1.047701,18.330000,False
C001340,32.000000,56796.500000,32.000000,6967.900000,0.674946,0.203299,0.000000,2.668235,54.940000,False
C001341,27.000000,206060.930000,27.000000,25657.370000,0.473841,0.011783,0.000000,1.202587,39.670000,False
C001342,0.000000,0.000000,0.000000,0.000000,0.000000,0.000000,0.000000,0.000000,85.750000,False
C001343,38.000000,203001.160000,37.000000,22471.610000,0.585256,0.094623,0.000000,1.829309,52.000000,False
C001344,32.000000,430400.050000,32.000000,209919.670000,1.432072,0.051840,0.000000,5.091623,90.220000,False
C001345,25.000000,48436.230000,25.000000,7499.540000,0.457911,0.071280,0.000000,0.312353,15.000000,False
C001346,22.000000,21733.790000,22.000000,3509.320000,0.386960,0.000000,0.000000,1.835244,41.170000,False
C001347,19.000000,16844.190000,19.000000,4615.100000,0.292325,0.089821,0.040230,0.554014,58.000000,False
C001348,18.000000,168446.730000,18.000000,19267.350000,0.231972,0.000000,0.000000,0.680562,51.830000,False
C001349,19.000000,4263.850000,19.000000,755.460000,0.177660,0.168240,0.000000,0.448230,35.610000,False
C001350,15.000000,57605.800000,15.000000,13473.590000,0.252332,0.354677,0.000000,0.992846,58.280000,False
C001351,45.000000,142905.750000,45.000000,10466.870000,0.799250,0.220513,0.000000,0.932977,60.940000,False
C001352,18.000000,27156.890000,18.000000,7876.940000,0.536485,0.150411,0.000000,2.616039,49.000000,False
C001353,0.000000,0.000000,0.000000,0.000000,0.000000,0.000000,0.000000,0.000000,85.750000,False
C001354,26.000000,9419.390000,26.000000,1303.790000,0.392475,0.106174,0.000000,0.720785,9.500000,False
C001355,33.000000,137785.950000,33.000000,17486.600000,0.596356,0.052349,0.112822,1.269032,80.830000,False
C001356,28.000000,653712.860000,28.000000,242645.530000,2.128517,0.038389,0.000000,0.747192,89.440000,False
C001357,20.000000,38921.960000,20.000000,8830.530000,0.319005,0.077832,0.000000,1.392821,13.670000,False
C001358,57.000000,1825735.100000,57.000000,154118.500000,1.192955,0.262235,0.000000,1.259504,96.060000,True
C001359,20.000000,138193.800000,20.000000,25635.470000,0.734608,0.139094,0.000000,1.842643,28.610000,False
C001360,15.000000,48860.210000,15.000000,18327.050000,0.352011,0.498791,0.011398,0.285525,78.720000,False
C001361,17.000000,414119.960000,17.000000,73642.770000,0.219051,0.019503,0.000000,1.757563,63.830000,False
C001362,22.000000,9917.430000,22.000000,1359.150000,0.345316,0.186716,0.000000,1.236179,7.560000,False
C001363,27.000000,152665.040000,27.000000,21927.010000,0.490054,0.245390,0.000000,0.753297,12.390000,False
C001364,0.000000,0.000000,0.000000,0.000000,0.000000,0.000000,0.000000,0.000000,85.750000,False
C001365,18.000000,277856.790000,18.000000,30982.960000,0.343306,0.203342,0.000000,0.747332,34.670000,False
C001366,15.000000,200198.270000,15.000000,28054.190000,0.353853,0.342815,0.000000,1.341889,64.500000,False
C001367,25.000000,155817.400000,25.000000,18380.130000,0.526122,0.271556,0.000000,1.127699,19.890000,False
C001368,47.000000,34024.440000,46.000000,7610.350000,1.004495,0.150905,0.000000,0.273377,73.440000,False
C001369,22.000000,8955.770000,22.000000,2521.800000,0.258875,0.314118,0.000000,1.192886,41.440000,False
C001370,18.000000,46824.140000,18.000000,8955.990000,0.460646,0.312300,0.000000,3.754227,71.890000,False
C001371,24.000000,17128.710000,24.000000,2944.110000,0.438358,0.111160,0.000000,1.887622,14.390000,False
C001372,28.000000,161113.770000,28.000000,29752.000000,0.451684,0.000000,0.000000,1.711236,48.670000,False
C001373,32.000000,107869.580000,32.000000,12493.080000,0.540408,0.129394,0.000000,1.133973,24.060000,False
C001374,24.000000,50695.280000,24.000000,11065.230000,0.481375,0.147749,0.000000,1.204330,1.780000,False
C001375,0.000000,0.000000,0.000000,0.000000,0.000000,0.000000,0.000000,0.000000,85.750000,False
C001376,27.000000,255929.210000,27.000000,118404.210000,1.868431,0.004340,0.793367,8.401648,98.670000,True
C001377,20.000000,23926.230000,20.000000,3151.160000,0.270914,0.184944,0.000000,1.027796,14.610000,False
C001378,22.000000,145402.140000,22.000000,20187.460000,0.583256,0.144443,0.000000,1.289815,2.560000,False
C001379,25.000000,15210.710000,25.000000,2611.850000,0.394185,0.122194,0.000000,0.735944,4.280000,False
C001380,39.000000,71002.570000,39.000000,7436.150000,0.739661,0.171922,0.000000,1.574796,51.280000,False
C001381,25.000000,52219.440000,25.000000,7462.020000,0.422045,0.130015,0.000000,1.052778,1.110000,False
C001382,31.000000,43054.310000,31.000000,6799.130000,0.550553,0.104148,0.000000,1.637450,29.280000,False
C001383,52.000000,69171.380000,52.000000,15289.720000,1.212867,0.422019,0.000000,1.161331,88.720000,False
C001384,21.000000,100416.750000,21.000000,18786.640000,0.374836,0.048661,0.000000,0.596136,6.220000,False
C001385,23.000000,192456.610000,23.000000,18910.160000,0.383018,0.341610,0.044761,0.297743,68.720000,False
C001386,48.000000,98777.030000,47.000000,13629.660000,0.967312,0.074048,0.000000,0.653953,68.670000,False
C001387,15.000000,16137.500000,15.000000,2242.800000,0.199480,0.171235,0.000000,0.660245,44.280000,False
C001388,22.000000,57912.830000,22.000000,9624.530000,0.274912,0.029665,0.000000,0.750423,17.000000,False
C001389,47.000000,74066.650000,47.000000,6453.730000,0.640826,0.069186,0.011952,0.656584,70.780000,False
C001390,18.000000,247527.230000,18.000000,50604.520000,0.389580,0.045022,0.000000,1.836351,48.220000,False
C001391,24.000000,499714.740000,23.000000,254395.150000,7.200094,0.005776,0.000000,0.853871,95.830000,True
C001392,48.000000,590832.600000,48.000000,62316.830000,0.677341,0.092466,0.000000,1.153419,75.060000,False
C001393,58.000000,321394.080000,57.000000,19931.960000,0.742296,0.199522,0.046156,0.978654,88.560000,False
C001394,26.000000,97859.370000,26.000000,14762.670000,0.751114,0.021237,0.000000,1.026827,33.890000,False
C001395,25.000000,87978.860000,25.000000,11053.730000,0.330736,0.219685,0.000000,0.905325,0.670000,False
C001396,22.000000,152113.800000,22.000000,28371.270000,0.328014,0.099457,0.000000,0.413137,1.280000,False
C001397,34.000000,674767.090000,34.000000,71805.300000,0.427357,0.107231,0.000000,1.025435,66.610000,False
C001398,27.000000,28283.300000,27.000000,2900.450000,0.617159,0.096646,0.000000,0.430943,17.440000,False
C001399,46.000000,1656285.840000,45.000000,121496.960000,0.974708,0.027168,0.000000,0.710167,91.440000,False
C001400,17.000000,15565.920000,17.000000,3492.500000,0.304038,0.269609,0.000000,1.450114,44.440000,False
C001401,27.000000,122861.930000,27.000000,16279.200000,0.335572,0.251515,0.000000,2.869005,41.830000,False
C001402,59.000000,486445.330000,58.000000,26610.320000,0.905679,0.188714,0.000000,0.851324,82.940000,False
C001403,0.000000,0.000000,0.000000,0.000000,0.000000,0.000000,0.000000,0.000000,85.750000,False
C001404,43.000000,75872.230000,43.000000,10480.840000,0.816416,0.264073,0.000000,0.844404,65.000000,False
C001405,18.000000,150879.420000,18.000000,14505.850000,0.375241,0.074637,0.000000,0.687569,23.940000,False
C001406,44.000000,143232.690000,44.000000,12079.880000,0.691442,0.405916,0.019075,1.002215,79.000000,False
C001407,27.000000,544808.010000,27.000000,80253.020000,0.431128,0.114796,0.000000,1.637759,52.780000,False
C001408,41.000000,1178237.680000,41.000000,169668.110000,0.722155,0.223306,0.026859,1.051949,91.780000,False
C001409,21.000000,255531.860000,21.000000,242144.320000,6.605922,0.017260,0.000000,24.415535,97.940000,True
C001410,26.000000,107953.500000,26.000000,24446.030000,0.253091,0.100239,0.000000,0.175112,17.940000,False
C001411,21.000000,765787.510000,21.000000,128673.540000,0.377570,0.072233,0.000000,0.630858,71.440000,False
C001412,23.000000,298381.580000,23.000000,47193.580000,0.651752,0.795561,0.000000,0.132338,88.330000,False
C001413,23.000000,135356.400000,23.000000,21940.210000,0.396772,0.211788,0.000000,1.435154,2.940000,False
C001414,59.000000,1832632.030000,59.000000,91485.480000,0.867529,0.100034,0.034765,0.980089,96.000000,True
C001415,50.000000,72542.790000,50.000000,6976.060000,0.974962,0.143091,0.000000,1.020045,67.830000,False
C001416,81.000000,134033.180000,80.000000,6954.330000,1.100639,0.110458,0.000000,0.714900,94.720000,False
C001417,29.000000,50824.090000,29.000000,5589.140000,0.532326,0.154234,0.000000,1.194641,18.000000,False
C001418,30.000000,161172.000000,30.000000,23672.280000,0.971800,0.058610,0.000000,2.244147,51.780000,False
C001419,21.000000,9297.460000,20.000000,1349.990000,0.270544,0.145200,0.000000,0.582584,16.110000,False
C001420,50.000000,81729.100000,50.000000,7673.970000,0.910906,0.105519,0.005242,0.731382,71.500000,False
C001421,71.000000,562267.810000,71.000000,65598.220000,1.535256,0.118535,0.022240,1.551910,95.560000,True
C001422,21.000000,110845.080000,21.000000,13626.700000,0.332853,0.201312,0.000000,1.328870,0.940000,False
C001423,17.000000,10391.880000,17.000000,1736.330000,0.379788,0.083475,0.000000,0.631670,34.720000,False
C001424,87.000000,459904.620000,86.000000,46556.580000,2.307473,0.557818,0.000000,0.448146,98.830000,True
C001425,24.000000,15853.870000,24.000000,2667.030000,0.494313,0.011944,0.000000,0.650133,34.890000,False
C001426,32.000000,307426.250000,32.000000,49407.310000,5.249875,0.924231,0.000000,0.048073,97.280000,True
C001427,21.000000,180940.800000,21.000000,39652.490000,0.397078,0.230756,0.031587,0.613189,51.500000,False
C001428,0.000000,0.000000,0.000000,0.000000,0.000000,0.000000,0.000000,0.000000,85.750000,False
C001429,23.000000,68633.890000,23.000000,7040.700000,0.789548,0.217129,0.000000,1.236509,31.280000,False
C001430,18.000000,170595.650000,18.000000,28280.780000,0.505906,0.190159,0.000000,0.895812,30.500000,False
C001431,24.000000,17916.550000,24.000000,1982.830000,0.309600,0.039642,0.000000,0.842537,11.440000,False
C001432,22.000000,406675.770000,22.000000,51100.570000,0.395164,0.124356,0.000000,0.691959,28.110000,False
C001433,17.000000,58030.460000,17.000000,8081.350000,0.451072,0.185676,0.000000,0.870670,32.830000,False
C001434,24.000000,24943.960000,24.000000,2608.350000,0.329439,0.361259,0.000000,1.179279,41.110000,False
C001435,28.000000,847132.850000,28.000000,72310.890000,0.482152,0.223712,0.000000,0.929015,69.780000,False
C001436,0.000000,0.000000,0.000000,0.000000,0.000000,0.000000,0.000000,0.000000,85.750000,False
C001437,42.000000,59480.010000,42.000000,8580.980000,0.835978,0.148878,0.000000,1.899499,64.220000,False
C001438,17.000000,56600.280000,17.000000,10227.920000,0.239120,0.018129,0.000000,1.822729,42.220000,False
C001439,31.000000,383589.430000,31.000000,37480.760000,1.246566,0.131393,0.000000,1.874320,63.390000,False
C001440,27.000000,176489.550000,26.000000,32941.730000,0.450046,0.140447,0.000000,1.309006,9.830000,False
C001441,19.000000,27112.950000,19.000000,3110.500000,0.268044,0.140504,0.000000,0.750911,12.440000,False
C001442,26.000000,67709.150000,26.000000,7256.810000,0.496156,0.057724,0.000000,1.801382,19.670000,False
C001443,23.000000,44408.950000,23.000000,7661.400000,0.342030,0.180152,0.000000,5.267104,65.170000,False
C001444,84.000000,117050.950000,83.000000,8458.360000,1.337626,0.241131,0.000000,1.163027,96.170000,True
C001445,19.000000,112963.650000,19.000000,27409.360000,0.530532,0.211733,0.000000,0.659430,15.390000,False
C001446,31.000000,643855.110000,31.000000,445793.600000,1.027499,0.067087,0.000000,0.204242,93.940000,False
C001447,42.000000,266416.280000,42.000000,23195.240000,0.652539,0.182008,0.000000,1.172052,57.390000,False
C001448,57.000000,63314.310000,57.000000,5104.130000,1.008757,0.173619,0.020272,0.778127,88.220000,False
C001449,18.000000,450097.250000,18.000000,109691.860000,0.275098,0.108702,0.000000,0.341354,66.670000,False
C001450,13.000000,4738.370000,13.000000,869.330000,0.178354,0.022402,0.000000,3.265190,78.060000,False
C001451,25.000000,304237.020000,25.000000,48434.020000,2.848993,0.914751,0.007807,0.063881,95.890000,True
C001452,22.000000,39115.240000,22.000000,3601.790000,0.339932,0.168604,0.000000,1.781119,7.280000,False
C001453,32.000000,140041.220000,32.000000,15876.920000,0.661574,0.156235,0.000000,1.009633,26.500000,False
C001454,20.000000,711284.970000,20.000000,107159.100000,0.340172,0.119913,0.000000,0.806579,64.560000,False
C001455,25.000000,266495.250000,25.000000,44348.030000,0.452793,0.025010,0.000000,0.850192,32.060000,False
C001456,41.000000,53904.270000,41.000000,3448.040000,0.606527,0.060516,0.000000,0.794638,62.830000,False
C001457,31.000000,69190.290000,31.000000,6207.840000,0.403976,0.333215,0.000000,1.403324,49.890000,False
C001458,18.000000,8375.340000,18.000000,1282.940000,0.179817,0.112942,0.000000,2.127239,47.440000,False
C001459,23.000000,8734.150000,23.000000,1649.460000,0.363923,0.188852,0.000000,0.812636,5.720000,False
C001460,49.000000,682982.280000,49.000000,57383.370000,0.676047,0.255481,0.000000,1.024025,80.330000,False
C001461,17.000000,227116.980000,17.000000,48924.570000,0.186381,0.223373,0.000000,1.105425,48.170000,False
C001462,18.000000,177933.230000,18.000000,140825.710000,1.792842,0.005043,0.000000,7.987471,93.170000,False
C001463,44.000000,270368.370000,44.000000,48096.110000,0.713831,0.062059,0.000000,1.952477,71.330000,False
C001464,21.000000,95796.400000,21.000000,19437.300000,0.452481,0.092584,0.000000,2.591208,29.000000,False
C001465,26.000000,116344.150000,26.000000,24589.060000,0.437093,0.223968,0.000000,3.368865,43.720000,False
C001466,56.000000,18165.170000,55.000000,2332.640000,0.752809,0.157144,0.000000,1.763444,79.440000,False
C001467,21.000000,33527.890000,21.000000,4548.000000,0.344420,0.278975,0.000000,0.753228,24.780000,False
C001468,20.000000,204592.960000,20.000000,27642.830000,0.481218,0.304034,0.000000,0.412494,48.830000,False
C001469,20.000000,40500.280000,20.000000,6722.200000,0.395220,0.343399,0.000000,1.613771,43.110000,False
C001470,27.000000,138044.420000,27.000000,15280.770000,0.370242,0.162174,0.011757,1.723307,33.170000,False
C001471,15.000000,17776.600000,15.000000,4038.530000,0.154333,0.141188,0.000000,2.350535,56.940000,False
C001472,18.000000,83232.880000,18.000000,12115.020000,0.232923,0.041322,0.000000,1.498590,30.110000,False
C001473,50.000000,485699.200000,50.000000,49061.250000,2.965874,0.611026,0.000000,0.213106,95.500000,True
C001474,16.000000,48407.620000,16.000000,9535.910000,0.295522,0.280783,0.000000,0.911067,49.280000,False
C001475,23.000000,149593.130000,23.000000,21704.450000,0.426195,0.220559,0.000000,0.484789,5.330000,False
C001476,17.000000,5242.690000,17.000000,821.890000,0.218445,0.157755,0.000000,1.359808,37.220000,False
C001477,27.000000,451537.370000,27.000000,48015.710000,0.820799,0.607322,0.000000,0.308896,83.220000,False
C001478,19.000000,165021.680000,19.000000,19030.140000,0.232695,0.095031,0.000000,1.431020,18.220000,False
C001479,24.000000,165455.110000,23.000000,21996.380000,0.375099,0.194154,0.000000,0.680562,3.560000,False
C001480,16.000000,11116.560000,16.000000,2219.170000,0.223833,0.184231,0.037036,0.991087,68.220000,False
C001481,22.000000,405897.310000,22.000000,68788.790000,0.386939,0.271831,0.000000,1.165399,50.220000,False
C001482,17.000000,35294.530000,17.000000,4478.400000,0.200711,0.143248,0.000000,1.212644,28.830000,False
C001483,21.000000,45563.050000,21.000000,9438.370000,0.374391,0.057732,0.167455,0.330934,79.940000,False
C001484,33.000000,114810.980000,33.000000,15856.420000,0.757548,0.031530,0.000000,0.508783,54.610000,False
C001485,33.000000,416959.870000,33.000000,39598.710000,0.725389,0.279365,0.000000,0.541752,63.220000,False
C001486,43.000000,600354.260000,43.000000,61862.180000,0.944148,0.194949,0.000000,0.538510,74.720000,False
C001487,35.000000,75490.730000,35.000000,11817.030000,0.522463,0.138831,0.000000,1.016600,32.220000,False
C001488,47.000000,141646.750000,46.000000,13675.870000,0.669540,0.023506,0.000000,0.774910,70.170000,False
C001489,24.000000,45712.310000,24.000000,4570.090000,0.308971,0.076141,0.000000,0.627873,7.830000,False
C001490,18.000000,44490.390000,18.000000,14862.990000,0.378345,0.016939,0.000000,1.353251,36.330000,False
C001491,44.000000,233802.680000,44.000000,17851.960000,0.966038,0.257372,0.000000,1.396695,69.500000,False
C001492,92.000000,1427744.500000,88.000000,68652.290000,1.523666,0.168843,0.003543,1.109452,98.110000,True
C001493,18.000000,40032.310000,18.000000,5611.500000,0.409431,0.163164,0.000000,1.182181,22.940000,False
C001494,19.000000,35151.480000,19.000000,6088.320000,0.227970,0.037109,0.000000,1.069886,24.500000,False
C001495,22.000000,22993.950000,22.000000,3780.410000,0.300348,0.189380,0.000000,2.767993,37.830000,False
C001496,52.000000,400745.440000,52.000000,39667.510000,0.688147,0.190404,0.000000,2.081246,78.110000,False
C001497,22.000000,39654.460000,22.000000,10772.750000,0.290743,0.036463,0.000000,2.266260,29.720000,False
C001498,17.000000,202734.100000,17.000000,51783.160000,0.434656,0.296219,0.000000,0.215458,59.390000,False
C001499,26.000000,13609.000000,26.000000,1528.350000,0.387160,0.267439,0.000000,1.050478,22.670000,False
C001500,18.000000,11052.070000,18.000000,1708.540000,0.241764,0.000000,0.069861,1.163526,76.610000,False
C001501,23.000000,6375.640000,23.000000,984.220000,0.244431,0.119822,0.000000,1.123437,15.220000,False
C001502,66.000000,1378496.080000,63.000000,313983.210000,1.375423,0.068790,0.000000,0.875365,96.670000,True
C001503,19.000000,655752.100000,19.000000,209558.520000,0.530594,0.711447,0.000000,1.062352,91.610000,False
C001504,26.000000,30335.280000,26.000000,6883.550000,0.397564,0.098521,0.000000,1.323355,3.060000,False
C001505,24.000000,107030.970000,24.000000,12660.340000,0.404550,0.166882,0.000000,0.761482,0.170000,False
C001506,28.000000,724035.700000,28.000000,299856.400000,3.621328,0.023022,0.000000,0.905675,94.560000,False
C001507,22.000000,1773741.510000,22.000000,368158.240000,0.667505,0.242187,0.000000,1.854898,95.220000,True
C001508,63.000000,423132.870000,63.000000,140825.710000,1.721632,0.113204,0.000000,2.179309,93.060000,False
C001509,26.000000,157045.800000,26.000000,21476.290000,0.605972,0.049063,0.000000,1.318711,18.170000,False
C001510,27.000000,78616.820000,27.000000,10125.810000,0.377314,0.041508,0.000000,1.751921,25.500000,False
C001511,30.000000,396873.970000,30.000000,49331.730000,0.502131,0.075239,0.000000,1.360128,46.890000,False
C001512,37.000000,1308604.230000,37.000000,249602.710000,0.963318,0.114432,0.000000,0.603290,90.720000,False
C001513,20.000000,149846.960000,20.000000,17778.830000,0.317692,0.141156,0.000000,0.530297,7.890000,False
C001514,19.000000,139651.510000,19.000000,45041.590000,0.296524,0.034515,0.000000,6.044813,76.890000,False
C001515,17.000000,14046.800000,17.000000,2374.770000,0.317784,0.304816,0.000000,0.491019,51.170000,False
C001516,30.000000,315690.320000,30.000000,33438.540000,0.494002,0.216044,0.000000,0.737055,31.670000,False
C001517,12.000000,214021.150000,12.000000,74191.160000,0.281411,0.097651,0.000000,0.064852,77.280000,False
C001518,20.000000,532812.110000,20.000000,216289.750000,1.339308,0.093599,0.000000,1.087257,82.110000,False
C001519,24.000000,101799.060000,24.000000,10974.470000,0.364046,0.124515,0.000000,1.133620,0.110000,False
C001520,45.000000,247251.870000,45.000000,27072.040000,1.162028,0.095113,0.000000,2.956571,80.440000,False
C001521,24.000000,241919.780000,24.000000,23318.190000,0.402944,0.264609,0.000000,0.533263,28.500000,False
C001522,0.000000,0.000000,0.000000,0.000000,0.000000,0.000000,0.000000,0.000000,85.750000,False
C001523,40.000000,241857.280000,40.000000,30189.530000,0.831807,0.255128,0.000000,1.179275,59.940000,False
C001524,32.000000,14860.140000,32.000000,1766.600000,0.619173,0.109221,0.032780,1.201483,60.330000,False
C001525,21.000000,81791.200000,21.000000,15613.430000,0.366999,0.356698,0.000000,0.928262,35.170000,False
C001526,21.000000,595212.700000,21.000000,96706.100000,0.540158,0.193423,0.000000,0.936326,59.220000,False
C001527,23.000000,35135.810000,23.000000,6436.550000,0.247815,0.231561,0.000000,0.924331,10.000000,False
C001528,26.000000,58973.790000,26.000000,6127.300000,0.321320,0.009949,0.000000,1.485698,37.060000,False
C001529,21.000000,849075.350000,21.000000,154321.310000,0.519035,0.000000,0.000000,0.946423,78.610000,False
C001530,14.000000,13366.140000,14.000000,2757.680000,0.393122,0.121745,0.000000,0.481737,52.610000,False
C001531,26.000000,191515.590000,26.000000,127771.410000,1.453308,0.032951,0.106321,3.243930,90.780000,False
C001532,20.000000,65442.820000,20.000000,8474.550000,0.381798,0.314950,0.000000,1.962927,43.000000,False
C001533,69.000000,760069.840000,69.000000,77984.950000,1.021726,0.149087,0.000000,0.732988,94.000000,False
C001534,16.000000,1462611.000000,16.000000,183307.180000,0.258361,0.093484,0.000000,1.886737,90.000000,False
C001535,19.000000,334414.870000,19.000000,265444.610000,1.569904,0.048095,0.000000,0.136177,88.940000,False
C001536,0.000000,0.000000,0.000000,0.000000,0.000000,0.000000,0.000000,0.000000,85.750000,False
C001537,35.000000,103374.210000,35.000000,10792.700000,0.562368,0.141561,0.000000,0.922452,30.720000,False
C001538,22.000000,84149.640000,22.000000,15975.230000,0.375644,0.056787,0.000000,0.495390,1.940000,False
C001539,25.000000,41902.350000,25.000000,7266.320000,0.456140,0.080209,0.000000,1.054726,4.610000,False
C001540,27.000000,729862.510000,27.000000,307590.600000,3.253862,0.000000,0.000000,0.848598,94.060000,False
C001541,28.000000,119393.360000,28.000000,16378.820000,0.468307,0.083707,0.000000,1.288633,13.170000,False
C001542,25.000000,1186128.190000,25.000000,604741.060000,18.397859,0.002582,0.000000,0.930532,99.670000,True
C001543,22.000000,35191.200000,22.000000,5522.010000,0.208282,0.217872,0.000000,1.110531,14.330000,False
C001544,35.000000,87018.200000,35.000000,15523.550000,0.469722,0.064000,0.000000,0.830743,41.280000,False
C001545,22.000000,340254.660000,22.000000,75462.240000,0.299175,0.052786,0.000000,1.081984,38.560000,False
C001546,30.000000,322094.300000,30.000000,115832.670000,3.191101,0.029430,0.896828,0.701934,98.500000,True
C001547,18.000000,44526.930000,18.000000,8276.770000,0.562270,0.334448,0.000000,3.707670,71.940000,False
C001548,48.000000,35082.600000,47.000000,3874.080000,0.882686,0.127803,0.018478,0.823371,75.670000,False
C001549,17.000000,9620.620000,17.000000,2591.250000,0.248768,0.070239,0.000000,6.226160,77.330000,False
C001550,11.000000,3891.850000,11.000000,616.100000,0.162160,0.135935,0.000000,0.926926,72.110000,False
C001551,21.000000,59906.680000,21.000000,6811.100000,0.418319,0.130598,0.000000,1.134347,2.330000,False
C001552,23.000000,64509.580000,23.000000,17174.770000,0.233186,0.398913,0.000000,0.449958,51.110000,False
C001553,19.000000,60870.660000,19.000000,8198.620000,0.377439,0.032393,0.000000,0.655404,23.110000,False
C001554,26.000000,144389.900000,26.000000,31138.360000,0.632745,0.014926,0.000000,0.294897,36.890000,False
C001555,23.000000,53539.480000,23.000000,10815.960000,0.455901,0.025470,0.069851,0.630569,65.780000,False
C001556,59.000000,202887.100000,59.000000,11561.740000,1.057175,0.154129,0.000000,1.085892,81.390000,False
C001557,20.000000,8134.150000,20.000000,937.640000,0.240212,0.223200,0.000000,0.697660,28.390000,False
C001558,24.000000,1159559.620000,24.000000,585335.960000,7.117802,0.012062,0.000000,0.841993,98.720000,True
C001559,0.000000,0.000000,0.000000,0.000000,0.000000,0.000000,0.000000,0.000000,85.750000,False
C001560,20.000000,339289.520000,20.000000,59028.920000,0.431609,0.144968,0.000000,1.995439,41.890000,False
C001561,37.000000,239824.790000,37.000000,17141.810000,0.562489,0.051695,0.000000,0.551359,57.500000,False
C001562,18.000000,142680.950000,18.000000,27104.900000,0.306374,0.214283,0.000000,1.276019,26.940000,False
C001563,16.000000,80248.130000,16.000000,24904.730000,0.292326,0.026337,0.000000,1.786314,49.440000,False
C001564,37.000000,1130074.100000,37.000000,312443.080000,1.122597,0.089739,0.000000,0.698596,91.560000,False
C001565,16.000000,40726.640000,16.000000,9293.820000,0.309367,0.019869,0.000000,2.186404,49.110000,False
C001566,22.000000,515139.970000,22.000000,87772.660000,0.527845,0.271214,0.000000,0.569843,61.670000,False
C001567,42.000000,97023.390000,42.000000,12662.980000,0.694697,0.361852,0.000000,1.886913,73.720000,False
C001568,27.000000,165398.480000,27.000000,35165.180000,0.463600,0.187319,0.000000,1.028971,8.670000,False
C001569,40.000000,297720.070000,40.000000,23349.120000,0.738184,0.106360,0.000000,2.164121,62.280000,False
C001570,23.000000,98728.410000,23.000000,16625.710000,0.323965,0.094328,0.000000,1.018645,0.220000,False
C001571,21.000000,11174.070000,21.000000,1712.600000,0.465586,0.121499,0.000000,1.516099,10.780000,False
C001572,65.000000,3944950.690000,65.000000,505887.990000,1.873989,0.130149,0.000000,1.399758,99.830000,True
C001573,23.000000,56744.190000,22.000000,7910.720000,0.298652,0.213045,0.000000,1.700272,12.780000,False
C001574,43.000000,348936.070000,43.000000,42523.400000,0.839703,0.337273,0.021586,1.477055,80.170000,False
C001575,33.000000,352496.020000,33.000000,48544.550000,1.775880,0.792930,0.000000,0.130229,92.500000,False
C001576,70.000000,65840.730000,70.000000,7345.570000,1.253653,0.319805,0.007778,0.724591,94.610000,False
C001577,22.000000,91679.900000,22.000000,20573.650000,0.319764,0.032196,0.000000,0.485787,13.110000,False
C001578,18.000000,49479.620000,18.000000,6928.610000,0.209682,0.099430,0.000000,0.713502,26.890000,False
C001579,33.000000,53799.030000,33.000000,4236.290000,0.707308,0.245569,0.000000,0.838306,44.110000,False
C001580,25.000000,316705.060000,24.000000,39330.130000,0.547587,0.198682,0.000000,0.225773,26.610000,False
C001581,0.000000,0.000000,0.000000,0.000000,0.000000,0.000000,0.000000,0.000000,85.750000,False
C001582,23.000000,334717.680000,23.000000,32328.460000,0.293481,0.215051,0.000000,3.577500,55.560000,False
C001583,41.000000,490015.260000,41.000000,43733.990000,0.472064,0.109945,0.010131,0.944237,70.830000,False
C001584,24.000000,19847.950000,24.000000,2781.770000,0.403320,0.244466,0.000000,3.330711,46.720000,False
C001585,28.000000,10019.850000,28.000000,1121.390000,0.417494,0.076006,0.000000,0.473793,28.670000,False
C001586,29.000000,320182.260000,29.000000,148168.160000,1.085212,0.076396,0.000000,7.044225,89.000000,False
C001587,28.000000,184064.840000,28.000000,41354.520000,0.404811,0.190696,0.000000,3.402184,53.610000,False
C001588,45.000000,18176.000000,45.000000,1819.510000,0.565240,0.102722,0.000000,0.970745,63.940000,False
C001589,17.000000,8581.620000,17.000000,1284.230000,0.357567,0.108577,0.026793,0.556923,58.560000,False
C001590,16.000000,69718.440000,16.000000,15110.500000,0.240437,0.125547,0.000000,0.500859,37.780000,False
C001591,58.000000,992387.200000,57.000000,81255.000000,0.961280,0.200723,0.000000,0.691980,89.610000,False
C001592,16.000000,19147.630000,16.000000,3498.260000,0.189386,0.195451,0.000000,1.154455,45.170000,False
C001593,15.000000,51863.570000,15.000000,8582.500000,0.226827,0.057459,0.000000,0.534948,44.330000,False
C001594,20.000000,628506.500000,20.000000,105658.790000,0.511244,0.015994,0.039012,0.718159,79.780000,False
C001595,8.000000,766657.780000,8.000000,349995.940000,5.746840,0.000000,0.000000,0.840000,98.220000,True
C001596,38.000000,24335.750000,38.000000,3659.220000,0.505180,0.086153,0.150364,1.580805,89.280000,False
C001597,48.000000,1046978.870000,48.000000,138841.310000,1.091041,0.086591,0.293734,1.295542,95.330000,True
C001598,53.000000,241235.920000,53.000000,14282.560000,0.844471,0.223974,0.000000,1.186761,72.940000,False
C001599,47.000000,20270.520000,47.000000,2021.650000,0.844605,0.113733,0.000000,1.031792,66.170000,False
C001600,20.000000,114012.890000,20.000000,26918.160000,0.417079,0.145125,0.000000,2.347106,24.720000,False
C001601,20.000000,52854.060000,20.000000,9481.520000,0.218298,0.304322,0.000000,0.600651,40.720000,False
C001602,44.000000,576924.840000,44.000000,46423.620000,0.783907,0.113287,0.000000,0.799766,71.560000,False
C001603,28.000000,24583.560000,28.000000,3650.360000,0.429086,0.125178,0.000000,1.194250,14.830000,False
C001604,33.000000,133636.550000,33.000000,12169.850000,0.502360,0.133603,0.000000,1.635905,30.280000,False
C001605,0.000000,0.000000,0.000000,0.000000,0.000000,0.000000,0.000000,0.000000,85.750000,False
C001606,22.000000,158983.810000,22.000000,42916.210000,0.404313,0.173900,0.000000,0.322540,17.170000,False
C001607,21.000000,42196.760000,19.000000,9561.790000,0.315172,0.000000,0.000000,0.595109,36.940000,False
C001608,27.000000,82791.970000,27.000000,14396.390000,0.515926,0.348164,0.000000,0.634916,39.780000,False
C001609,29.000000,214515.230000,29.000000,37749.610000,0.414813,0.081574,0.000000,1.489763,35.440000,False
C001610,50.000000,113617.330000,50.000000,8451.050000,0.843166,0.260299,0.000000,1.007597,72.440000,False
C001611,24.000000,76580.170000,24.000000,13202.320000,0.369071,0.029401,0.000000,0.926967,13.890000,False
C001612,18.000000,38207.370000,17.000000,5342.190000,0.524311,0.100323,0.000000,0.705420,34.110000,False
C001613,0.000000,0.000000,0.000000,0.000000,0.000000,0.000000,0.000000,0.000000,85.750000,False
C001614,32.000000,22269.620000,32.000000,2377.160000,0.362619,0.223371,0.000000,1.038743,38.000000,False
C001615,55.000000,411676.930000,54.000000,41328.970000,0.897591,0.271297,0.003381,1.753571,82.440000,False
C001616,30.000000,116555.020000,29.000000,11881.110000,0.504914,0.234429,0.000000,1.500377,22.830000,False
C001617,21.000000,107012.660000,21.000000,19141.760000,0.419106,0.162109,0.000000,0.732679,1.060000,False
C001618,26.000000,364181.400000,26.000000,54246.270000,0.335835,0.178128,0.000000,0.475699,35.560000,False
C001619,41.000000,361755.040000,41.000000,42750.090000,0.687167,0.260880,0.000000,2.158606,70.440000,False
C001620,26.000000,32001.850000,26.000000,5199.910000,0.370554,0.208962,0.000000,1.162759,4.110000,False
C001621,28.000000,31459.290000,28.000000,3483.460000,0.385228,0.211435,0.000000,0.671603,15.940000,False
C001622,22.000000,57281.580000,22.000000,9992.770000,0.421426,0.109231,0.000000,1.626706,2.500000,False
C001623,0.000000,0.000000,0.000000,0.000000,0.000000,0.000000,0.000000,0.000000,85.750000,False
C001624,21.000000,28093.230000,21.000000,6835.370000,0.317697,0.126890,0.000000,0.838817,2.280000,False
C001625,52.000000,185506.080000,52.000000,20198.840000,0.674785,0.283441,0.000000,1.940564,79.390000,False
C001626,22.000000,75532.420000,22.000000,7718.680000,0.288366,0.251488,0.000000,0.609522,16.390000,False
C001627,15.000000,110137.860000,15.000000,24979.960000,0.309332,0.113356,0.000000,0.200113,41.560000,False
C001628,17.000000,119929.680000,17.000000,14005.830000,0.370869,0.092821,0.030529,1.774585,57.220000,False
C001629,47.000000,229708.210000,47.000000,17348.600000,0.934369,0.192234,0.010257,1.200984,70.060000,False
C001630,16.000000,88563.600000,16.000000,26643.670000,0.442382,0.076846,0.000000,0.509428,37.280000,False
C001631,23.000000,55482.030000,23.000000,6243.020000,0.235646,0.076723,0.000000,0.459888,11.830000,False
C001632,22.000000,31331.880000,22.000000,15128.880000,0.626526,0.104266,0.000000,1.503542,9.720000,False
C001633,17.000000,7355.720000,17.000000,985.710000,0.306488,0.278617,0.000000,2.436177,57.280000,False
C001634,24.000000,69355.120000,24.000000,8939.050000,0.383808,0.140412,0.000000,1.729620,2.000000,False
C001635,29.000000,363661.320000,29.000000,70527.830000,0.699146,0.184946,0.000000,1.235426,50.330000,False
C001636,24.000000,47568.880000,24.000000,11622.060000,0.434363,0.142321,0.000000,1.340818,0.780000,False
C001637,38.000000,832362.910000,38.000000,83530.310000,0.979439,0.136985,0.000000,1.051473,75.170000,False
C001638,28.000000,108661.340000,28.000000,20704.960000,0.745313,0.121629,0.000000,3.497047,55.220000,False
C001639,29.000000,53527.320000,29.000000,11525.840000,0.305302,0.237130,0.000000,1.320121,27.500000,False
C001640,16.000000,17488.190000,16.000000,3469.570000,0.172667,0.252080,0.000000,4.139368,74.000000,False
C001641,19.000000,102817.660000,19.000000,12731.110000,0.454079,0.155478,0.000000,1.229593,11.280000,False
C001642,25.000000,38866.340000,25.000000,5794.980000,0.638654,0.211681,0.000000,2.487247,34.060000,False
C001643,21.000000,219557.740000,21.000000,30945.140000,0.367423,0.194157,0.091452,1.261198,71.830000,False
C001644,66.000000,336256.830000,66.000000,28412.940000,1.458036,0.068190,0.000000,1.770547,92.110000,False
C001645,16.000000,97784.850000,16.000000,28972.140000,0.242224,0.296285,0.000000,0.735323,53.720000,False
C001646,19.000000,17845.210000,19.000000,3182.130000,0.345274,0.064162,0.000000,0.478753,17.720000,False
C001647,27.000000,31873.440000,27.000000,3294.000000,0.346801,0.151909,0.000000,0.963979,11.890000,False
C001648,51.000000,80224.590000,50.000000,6857.020000,1.145597,0.095071,0.026761,1.678709,83.110000,False
C001649,21.000000,12694.220000,21.000000,1696.140000,0.332764,0.410203,0.000000,1.318427,55.110000,False
C001650,44.000000,768630.390000,44.000000,261875.050000,1.480196,0.052111,0.000000,2.694775,93.110000,False
C001651,22.000000,202905.820000,22.000000,23666.690000,0.505369,0.082834,0.000000,0.906861,5.940000,False
C001652,24.000000,188727.950000,24.000000,27132.160000,0.304247,0.161061,0.017816,1.593917,40.560000,False
C001653,25.000000,126935.080000,25.000000,27305.790000,0.719923,0.216221,0.000000,0.362336,21.670000,False
C001654,20.000000,34953.730000,20.000000,4622.920000,0.366408,0.163906,0.000000,0.708211,10.170000,False
C001655,41.000000,629675.070000,41.000000,85246.260000,0.503052,0.084207,0.000000,0.925214,74.560000,False
C001656,56.000000,410746.570000,56.000000,30234.620000,0.812155,0.206415,0.016017,1.182015,80.720000,False
C001657,19.000000,225870.640000,19.000000,53709.880000,0.305773,0.308101,0.000000,4.257816,76.780000,False
C001658,45.000000,90622.640000,45.000000,11365.600000,0.768713,0.102573,0.000000,1.534594,59.500000,False
C001659,28.000000,411535.220000,28.000000,62535.420000,0.455636,0.170486,0.011840,1.900341,55.720000,False
C001660,19.000000,156312.390000,19.000000,34185.940000,0.332373,0.114779,0.000000,0.446604,15.280000,False
C001661,24.000000,226043.570000,24.000000,61037.390000,0.851647,0.032742,0.000000,0.222412,55.830000,False
C001662,31.000000,344131.180000,31.000000,43501.940000,0.465501,0.052406,0.000000,0.564018,44.500000,False
C001663,23.000000,1113569.390000,23.000000,152766.920000,0.395236,0.449031,0.036347,1.486706,92.000000,False
C001664,0.000000,0.000000,0.000000,0.000000,0.000000,0.000000,0.000000,0.000000,85.750000,False
C001665,78.000000,513708.780000,78.000000,380533.380000,4.874034,0.045990,0.001998,0.130180,99.780000,True
C001666,23.000000,155090.950000,23.000000,18724.860000,0.449084,0.337012,0.000000,0.809325,29.330000,False
C001667,22.000000,75579.380000,22.000000,11895.710000,0.302975,0.124782,0.000000,0.454990,2.440000,False
C001668,25.000000,252699.460000,25.000000,32725.420000,0.425428,0.185966,0.000000,1.068480,11.560000,False
C001669,28.000000,76338.410000,28.000000,14294.960000,0.400263,0.110541,0.000000,1.086237,7.610000,False
C001670,32.000000,94801.170000,32.000000,7571.360000,0.881151,0.052031,0.000000,0.539831,52.670000,False
C001671,29.000000,252466.090000,29.000000,26983.060000,0.324843,0.012944,0.000000,0.902946,42.890000,False
C001672,0.000000,0.000000,0.000000,0.000000,0.000000,0.000000,0.000000,0.000000,85.750000,False
C001673,24.000000,367299.620000,24.000000,80676.580000,0.345928,0.188324,0.000000,0.475828,43.780000,False
C001674,21.000000,147609.840000,21.000000,37275.720000,0.642650,0.363933,0.000000,0.556883,45.830000,False
C001675,21.000000,513662.530000,21.000000,63934.660000,0.272202,0.144358,0.000000,1.444509,48.000000,False
C001676,19.000000,6147.100000,19.000000,801.110000,0.196841,0.026917,0.036736,0.520412,62.720000,False
C001677,50.000000,642809.480000,50.000000,62328.840000,0.696388,0.209478,0.000000,1.003295,78.170000,False
C001678,24.000000,74788.890000,24.000000,13655.310000,0.357687,0.089035,0.056815,1.970029,63.110000,False
C001679,29.000000,35663.800000,28.000000,3650.770000,0.525506,0.230001,0.000000,0.880364,20.500000,False
C001680,44.000000,48926.920000,44.000000,7537.190000,0.791352,0.056356,0.009886,1.196664,71.780000,False
C001681,27.000000,197841.050000,27.000000,19605.230000,0.307310,0.149396,0.000000,0.564585,20.440000,False
C001682,23.000000,18157.520000,23.000000,4689.070000,0.441634,0.073398,0.000000,0.324866,19.330000,False
C001683,42.000000,1885178.330000,42.000000,170323.330000,1.060597,0.044807,0.000000,0.810565,92.220000,False
C001684,53.000000,50838.370000,53.000000,3842.680000,0.946200,0.192574,0.000000,0.697687,74.280000,False
C001685,27.000000,378269.440000,26.000000,100172.080000,0.510518,0.208160,0.000000,0.716601,51.000000,False
C001686,47.000000,206119.670000,47.000000,17581.460000,0.540986,0.084966,0.000000,1.178832,63.000000,False
C001687,19.000000,162701.140000,19.000000,31921.020000,0.302804,0.163624,0.000000,0.861020,20.670000,False
C001688,22.000000,17849.560000,22.000000,2362.530000,0.312646,0.037984,0.000000,0.477079,14.280000,False
C001689,22.000000,14221.700000,22.000000,2279.240000,0.350863,0.251286,0.000000,0.488038,15.830000,False
C001690,18.000000,92083.260000,18.000000,12889.810000,0.228706,0.000000,0.000000,2.224905,52.330000,False
C001691,51.000000,47269.350000,51.000000,4880.570000,0.717198,0.129929,0.000000,1.557104,72.610000,False
C001692,21.000000,146319.810000,21.000000,30613.560000,0.464829,0.062053,0.000000,1.449639,7.220000,False
C001693,33.000000,102525.200000,32.000000,10772.020000,0.444690,0.184986,0.000000,2.014005,37.330000,False
C001694,49.000000,69841.980000,49.000000,8523.600000,0.764237,0.094169,0.000000,1.174705,65.890000,False
C001695,20.000000,43768.240000,20.000000,10496.680000,0.459885,0.090232,0.000000,3.011240,41.780000,False
C001696,14.000000,58291.490000,14.000000,20524.560000,0.185844,0.039784,0.000000,0.596028,59.110000,False
C001697,0.000000,0.000000,0.000000,0.000000,0.000000,0.000000,0.000000,0.000000,85.750000,False
C001698,26.000000,133758.470000,26.000000,21624.980000,0.394154,0.359581,0.000000,1.198088,38.170000,False
C001699,40.000000,621854.040000,40.000000,71967.650000,0.504712,0.028611,0.038044,1.090647,83.330000,False
C001700,33.000000,1544643.920000,33.000000,425586.270000,1.280585,0.084430,0.000000,0.926852,95.390000,True
C001701,22.000000,287244.780000,22.000000,129755.130000,0.466770,0.557164,0.043687,5.339500,93.500000,False
C001702,20.000000,147305.660000,20.000000,34908.810000,0.247623,0.256865,0.000000,3.299060,58.060000,False
C001703,31.000000,136855.750000,31.000000,16872.420000,0.305608,0.143557,0.000000,0.574036,26.390000,False
C001704,32.000000,686385.290000,32.000000,406846.580000,1.522905,0.097001,0.000000,0.303545,94.220000,False
C001705,26.000000,169130.160000,26.000000,20571.360000,0.278803,0.013527,0.000000,1.450110,37.890000,False
C001706,23.000000,281723.240000,23.000000,206770.870000,1.445811,0.007122,0.000000,5.149110,89.670000,False
C001707,26.000000,761559.690000,26.000000,177611.700000,0.496618,0.123688,0.000000,0.541380,76.110000,False
C001708,20.000000,52635.230000,20.000000,16740.050000,0.293725,0.043701,0.000000,0.462604,20.890000,False
C001709,19.000000,131445.130000,19.000000,28656.380000,0.453775,0.148957,0.000000,3.062256,46.000000,False
C001710,20.000000,218663.570000,20.000000,87835.980000,0.742015,0.205595,0.000000,0.231838,60.060000,False
C001711,45.000000,3429703.490000,45.000000,349387.450000,0.925492,0.177683,0.053047,0.447266,98.610000,True
C001712,34.000000,309517.010000,34.000000,47944.060000,3.174307,0.930043,0.000000,0.052357,95.940000,True
C001713,27.000000,61666.660000,27.000000,9327.120000,0.383895,0.135106,0.000000,1.962419,13.440000,False
C001714,25.000000,5937.660000,25.000000,983.130000,0.247402,0.055665,0.000000,1.581030,28.060000,False
C001715,24.000000,11914.040000,24.000000,1117.370000,0.316769,0.058245,0.000000,1.205128,14.220000,False
C001716,20.000000,32421.190000,20.000000,4685.500000,0.334569,0.080617,0.000000,0.861716,11.110000,False
C001717,21.000000,50715.120000,21.000000,7009.120000,0.285310,0.264425,0.000000,1.333432,21.110000,False
C001718,23.000000,171710.740000,23.000000,18711.700000,0.355983,0.072139,0.000000,0.914536,3.390000,False
C001719,21.000000,23769.010000,21.000000,3693.310000,0.328415,0.148655,0.000000,0.319857,10.830000,False
C001720,42.000000,191094.650000,42.000000,12358.830000,0.628051,0.108220,0.000000,1.216779,55.610000,False
C001721,21.000000,9892.250000,21.000000,1152.710000,0.412177,0.135046,0.000000,0.530339,14.720000,False
C001722,34.000000,149972.790000,34.000000,12172.950000,0.546076,0.178809,0.006931,0.839367,44.060000,False
C001723,16.000000,30313.180000,16.000000,5341.710000,0.371179,0.111505,0.107673,0.257861,81.280000,False
C001724,45.000000,456833.230000,45.000000,45993.820000,0.779584,0.014091,0.014091,1.812336,81.330000,False
C001725,31.000000,829283.090000,31.000000,283077.880000,0.941199,0.079074,0.000000,1.121099,88.780000,False
C001726,51.000000,118364.510000,51.000000,15342.120000,0.894685,0.244217,0.000000,0.515635,76.670000,False
C001727,15.000000,30266.230000,15.000000,9298.270000,0.320490,0.232785,0.000000,1.193505,45.560000,False
C001728,21.000000,40788.050000,21.000000,9269.960000,0.415151,0.070502,0.000000,1.329796,5.670000,False
C001729,27.000000,1234009.580000,27.000000,308348.530000,0.814528,0.022941,0.056431,0.991100,93.220000,False
C001730,19.000000,23188.640000,19.000000,4272.740000,0.313278,0.218198,0.000000,0.672144,16.780000,False
C001731,35.000000,262858.790000,35.000000,21881.890000,0.523034,0.176044,0.000000,0.651143,39.170000,False
C001732,20.000000,102453.850000,20.000000,15000.620000,0.247475,0.195958,0.000000,0.482394,13.330000,False
C001733,21.000000,127542.420000,21.000000,24240.660000,0.363669,0.061982,0.000000,4.864742,60.220000,False
C001734,17.000000,4809.090000,17.000000,719.160000,0.187582,0.135154,0.000000,0.446486,41.060000,False
C001735,27.000000,741392.790000,27.000000,118079.500000,0.381815,0.099650,0.000000,1.258350,66.890000,False
C001736,20.000000,19911.720000,20.000000,4752.170000,0.226707,0.167138,0.000000,2.640408,39.280000,False
C001737,19.000000,29893.480000,19.000000,5965.540000,0.374589,0.111934,0.000000,1.889060,20.110000,False
C001738,31.000000,13813.700000,30.000000,1240.840000,0.487315,0.103108,0.000000,2.521935,48.440000,False
C001739,48.000000,873076.760000,48.000000,86777.160000,0.927441,0.093129,0.011281,1.229802,82.500000,False
C001740,32.000000,76233.570000,32.000000,13761.470000,0.752248,0.073463,0.008312,0.814683,51.560000,False
C001741,16.000000,159172.420000,16.000000,153173.060000,6.091405,0.004179,0.000000,47.640584,98.330000,True
C001742,11.000000,39401.010000,11.000000,8416.350000,0.152341,0.264075,0.000000,0.636851,75.560000,False
C001743,44.000000,400638.570000,42.000000,92091.170000,3.002192,0.053348,0.615848,0.917377,97.670000,True
C001744,52.000000,1184959.290000,52.000000,598571.690000,19.813647,0.005372,0.000000,0.895900,99.890000,True
C001745,58.000000,97650.000000,58.000000,9483.820000,0.881869,0.099207,0.000000,1.196077,79.500000,False
C001746,19.000000,268569.040000,19.000000,44359.390000,0.332694,0.043238,0.000000,1.496606,35.390000,False
C001747,20.000000,1513192.480000,20.000000,303011.160000,0.610456,0.113814,0.000000,0.711373,91.390000,False
C001748,29.000000,841589.870000,29.000000,150209.920000,0.519931,0.101681,0.000000,1.323124,74.110000,False
C001749,59.000000,204273.850000,59.000000,18870.790000,0.893775,0.180462,0.021687,1.859296,89.060000,False
C001750,18.000000,18271.650000,18.000000,3073.260000,0.224888,0.080092,0.000000,0.274162,36.830000,False
C001751,23.000000,154265.320000,23.000000,28023.450000,0.383225,0.044835,0.000000,2.559714,38.280000,False
C001752,21.000000,28927.990000,21.000000,2743.100000,0.292214,0.188683,0.000000,0.955031,7.780000,False
C001753,34.000000,266201.610000,34.000000,24902.870000,0.485452,0.114999,0.041387,1.740167,65.330000,False
C001754,16.000000,86068.480000,16.000000,15845.600000,0.210939,0.005633,0.000000,0.820246,54.830000,False
C001755,20.000000,71601.560000,20.000000,17246.610000,0.382125,0.017736,0.000000,1.494839,28.220000,False
C001756,22.000000,5702.210000,22.000000,823.060000,0.237592,0.156125,0.000000,1.109219,18.780000,False
C001757,26.000000,38576.820000,26.000000,3855.240000,0.246742,0.113866,0.000000,0.721342,11.060000,False
C001758,28.000000,65722.740000,28.000000,12348.000000,0.411232,0.111892,0.000000,0.976979,5.390000,False
C001759,33.000000,17334.780000,33.000000,2224.310000,0.514738,0.285255,0.000000,0.454989,57.560000,False
C001760,26.000000,116079.190000,26.000000,14985.780000,0.405688,0.137047,0.000000,0.966310,0.280000,False
C001761,76.000000,320826.700000,75.000000,48261.790000,3.392060,0.723596,0.000000,0.144807,98.440000,True
C001762,22.000000,267586.790000,22.000000,27873.440000,0.605286,0.244258,0.000000,0.729990,20.060000,False
C001763,29.000000,52260.980000,29.000000,5955.570000,0.448420,0.159411,0.000000,2.579828,40.170000,False
C001764,15.000000,57757.320000,14.000000,8498.920000,0.125522,0.117864,0.000000,2.083176,56.440000,False
C001765,24.000000,37347.580000,24.000000,4204.420000,0.293769,0.000000,0.000000,1.161157,39.890000,False
C001766,19.000000,119298.160000,19.000000,16449.610000,0.378867,0.059831,0.000000,1.174347,9.000000,False
C001767,29.000000,134306.680000,29.000000,16186.630000,0.447415,0.134912,0.000000,1.966558,19.500000,False
C001768,21.000000,235583.330000,21.000000,35357.200000,0.434668,0.078313,0.023498,1.348612,46.170000,False
C001769,24.000000,705984.450000,24.000000,238247.550000,1.243814,0.006853,0.000000,1.205377,88.000000,False
C001770,0.000000,0.000000,0.000000,0.000000,0.000000,0.000000,0.000000,0.000000,85.750000,False
C001771,29.000000,20931.000000,29.000000,2493.540000,0.680431,0.016735,0.005797,0.559163,56.390000,False
C001772,17.000000,135274.390000,17.000000,25416.530000,0.239302,0.011063,0.000000,0.424643,49.780000,False
C001773,19.000000,283646.050000,19.000000,40289.000000,0.421255,0.135349,0.095276,6.424434,90.610000,False
C001774,22.000000,802048.750000,22.000000,103556.080000,0.439971,0.288320,0.000000,0.246015,76.280000,False
C001775,30.000000,64854.630000,30.000000,8293.590000,0.488503,0.209991,0.000000,1.393393,20.940000,False
C001776,23.000000,61838.870000,23.000000,11173.990000,0.555028,0.197257,0.000000,1.373786,8.610000,False
C001777,18.000000,121989.070000,18.000000,28372.050000,0.302759,0.112195,0.000000,3.651175,59.280000,False
C001778,54.000000,91308.860000,53.000000,5453.300000,0.914919,0.079304,0.017214,1.130817,78.440000,False
C001779,0.000000,0.000000,0.000000,0.000000,0.000000,0.000000,0.000000,0.000000,85.750000,False
C001780,15.000000,74074.750000,15.000000,10520.040000,0.289770,0.000000,0.000000,0.641832,57.440000,False
C001781,20.000000,98060.450000,20.000000,18220.140000,0.304595,0.025755,0.080227,1.352524,71.610000,False
C001782,20.000000,26121.100000,19.000000,4800.530000,0.290221,0.000000,0.000000,0.847231,42.330000,False
C001783,26.000000,242289.310000,26.000000,40857.230000,0.655268,0.080354,0.032037,0.776913,55.060000,False
C001784,22.000000,222872.790000,22.000000,40600.480000,0.410095,0.153775,0.000000,1.039374,12.830000,False
C001785,23.000000,43786.110000,23.000000,24767.150000,0.691168,0.005536,0.000000,5.883569,76.940000,False
C001786,26.000000,290088.300000,26.000000,223725.440000,1.480291,0.049780,0.000000,6.443387,90.280000,False
C001787,28.000000,37354.240000,28.000000,8627.720000,0.271433,0.037423,0.000000,0.808228,30.560000,False
C001788,26.000000,908776.580000,26.000000,156082.070000,0.423553,0.211214,0.000000,2.394101,80.610000,False
C001789,25.000000,19117.580000,25.000000,1614.570000,0.259221,0.132918,0.000000,2.094691,22.170000,False
C001790,24.000000,12549.080000,24.000000,1977.980000,0.262533,0.216768,0.000000,0.404043,21.890000,False
C001791,0.000000,0.000000,0.000000,0.000000,0.000000,0.000000,0.000000,0.000000,85.750000,False
C001792,20.000000,52386.520000,20.000000,9168.250000,0.361160,0.599173,0.000000,0.802806,73.060000,False
C001793,22.000000,18367.200000,22.000000,3965.460000,0.506963,0.045731,0.000000,0.276067,23.280000,False
C001794,17.000000,16973.130000,17.000000,2926.290000,0.311227,0.068372,0.000000,0.656389,31.720000,False
C001795,23.000000,17676.850000,23.000000,4462.470000,0.376210,0.019264,0.000000,1.609861,31.780000,False
C001796,23.000000,529801.550000,23.000000,78763.480000,0.586830,0.078585,0.000000,0.632804,52.940000,False
C001797,56.000000,187717.610000,56.000000,16620.650000,1.140885,0.203938,0.013516,1.893789,88.060000,False
C001798,23.000000,192607.630000,23.000000,25003.690000,0.247112,0.198969,0.000000,1.146011,18.060000,False
C001799,20.000000,98033.940000,20.000000,23412.190000,0.330113,0.174042,0.000000,0.296259,16.060000,False
C001800,18.000000,130727.480000,18.000000,13654.970000,0.259500,0.373375,0.000000,0.418908,55.440000,False
