customer_id,in_degree,out_degree,total_degree,pagerank,component_size,short_cycle_member,degree_percentile,pagerank_percentile,component_percentile,graph_risk_score
C000001,9,16,25,0.000259,1800,False,27.694444,1.666667,50.027778,15.280000
C000002,13,24,37,0.000605,1800,False,81.527778,68.666667,50.027778,57.570000
C000003,17,12,29,0.000526,1800,False,49.861111,50.722222,50.027778,40.210000
C000004,11,18,29,0.000436,1800,False,49.861111,28.055556,50.027778,32.270000
C000005,21,24,45,0.000737,1800,False,93.277778,86.500000,50.027778,67.920000
C000006,7,12,19,0.000286,1800,False,6.166667,3.222222,50.027778,8.290000
C000007,7,9,16,0.000210,1800,False,2.722222,0.111111,50.027778,5.990000
C000008,10,29,39,0.000358,1800,False,85.972222,11.277778,50.027778,39.040000
C000009,21,9,30,0.000630,1800,False,55.527778,73.166667,50.027778,50.050000
C000010,11,18,29,0.000380,1800,False,49.861111,16.111111,50.027778,28.090000
C000011,14,15,29,0.000376,1800,False,49.861111,15.000000,50.027778,27.700000
C000012,15,15,30,0.000718,1800,False,55.527778,84.833333,50.027778,54.130000
C000013,18,8,26,0.000454,1800,False,32.611111,32.333333,50.027778,27.730000
C000014,12,12,24,0.000544,1800,False,22.416667,55.055556,50.027778,32.120000
C000015,15,17,32,0.000619,1800,False,65.777778,71.500000,50.027778,53.050000
C000016,15,29,44,0.000590,1800,False,92.500000,65.333333,50.027778,60.240000
C000017,6,13,19,0.000289,1800,False,6.166667,3.611111,50.027778,8.430000
C000018,18,8,26,0.000645,1800,False,32.611111,76.000000,50.027778,43.020000
C000019,21,16,37,0.000614,1800,False,81.527778,70.444444,50.027778,58.190000
C000020,13,12,25,0.000423,1800,False,27.694444,25.000000,50.027778,23.450000
C000021,17,20,37,0.000503,1800,False,81.527778,45.888889,50.027778,49.600000
C000022,14,21,35,0.000406,1800,False,76.305556,21.555556,50.027778,39.250000
C000023,11,12,23,0.000434,1800,False,17.750000,27.388889,50.027778,20.800000
C000024,23,14,37,0.000773,1800,False,81.527778,90.000000,50.027778,65.040000
C000025,23,17,40,0.000707,1800,False,87.722222,83.833333,50.027778,65.050000
C000026,19,29,48,0.000488,1800,False,95.861111,41.611111,50.027778,53.120000
C000027,15,26,41,0.000557,1800,False,89.222222,57.944444,50.027778,56.510000
C000028,8,18,26,0.000249,1800,False,32.611111,1.333333,50.027778,16.880000
C000029,15,13,28,0.000569,1800,False,43.750000,60.722222,50.027778,41.570000
C000030,16,22,38,0.000399,1800,False,83.888889,19.500000,50.027778,41.190000
C000031,10,9,19,0.000351,1800,False,6.166667,10.277778,50.027778,10.760000
C000032,18,11,29,0.000589,1800,False,49.861111,65.000000,50.027778,45.200000
C000033,13,7,20,0.000568,1800,False,8.277778,60.611111,50.027778,29.110000
C000034,13,16,29,0.000422,1800,False,49.861111,24.722222,50.027778,31.110000
C000035,8,14,22,0.000402,1800,False,13.944444,20.611111,50.027778,17.100000
C000036,17,13,30,0.000492,1800,False,55.527778,42.666667,50.027778,39.370000
C000037,20,8,28,0.000636,1800,False,43.750000,74.500000,50.027778,46.390000
C000038,9,0,9,0.000442,1800,False,0.277778,29.111111,50.027778,15.290000
C000039,17,0,17,0.000471,1800,False,3.583333,37.555556,50.027778,19.400000
C000040,15,16,31,0.000616,1800,False,60.888889,71.000000,50.027778,51.160000
C000041,8,17,25,0.000503,1800,False,27.694444,45.944444,50.027778,30.780000
C000042,17,10,27,0.000425,1800,False,37.722222,25.555556,50.027778,27.150000
C000043,15,18,33,0.000488,1800,False,69.666667,41.666667,50.027778,43.970000
C000044,20,8,28,0.000588,1800,False,43.750000,64.611111,50.027778,42.930000
C000045,21,41,62,0.000744,1800,False,99.444444,87.222222,50.027778,70.340000
C000046,13,18,31,0.000638,1800,False,60.888889,74.722222,50.027778,52.470000
C000047,17,16,33,0.000503,1800,False,69.666667,45.777778,50.027778,45.410000
C000048,19,11,30,0.000564,1800,False,55.527778,59.500000,50.027778,45.260000
C000049,12,31,43,0.000302,1800,False,91.777778,5.111111,50.027778,38.910000
C000050,17,16,33,0.001620,1800,True,69.666667,99.166667,50.027778,84.090000
C000051,17,8,25,0.000461,1800,False,27.694444,34.111111,50.027778,26.630000
C000052,12,29,41,0.001797,1800,True,89.222222,99.444444,50.027778,91.040000
C000053,12,23,35,0.000525,1800,False,76.305556,50.500000,50.027778,49.380000
C000054,17,12,29,0.001329,1800,True,49.861111,98.722222,50.027778,77.010000
C000055,10,20,30,0.000435,1800,False,55.527778,27.777778,50.027778,34.160000
C000056,18,15,33,0.000692,1800,False,69.666667,82.055556,50.027778,58.110000
C000057,13,7,20,0.000399,1800,False,8.277778,19.833333,50.027778,14.840000
C000058,22,10,32,0.000880,1800,False,65.777778,95.055556,50.027778,61.290000
C000059,11,18,29,0.000503,1800,False,49.861111,45.833333,50.027778,38.500000
C000060,10,11,21,0.000453,1800,False,10.777778,32.222222,50.027778,20.050000
C000061,14,13,27,0.000583,1800,False,37.722222,63.666667,50.027778,40.490000
C000062,18,18,36,0.000487,1800,False,79.055556,41.388889,50.027778,47.160000
C000063,15,11,26,0.000525,1800,False,32.611111,50.611111,50.027778,34.130000
C000064,15,23,38,0.000790,1800,False,83.888889,91.444444,50.027778,66.370000
C000065,16,13,29,0.000471,1800,False,49.861111,37.166667,50.027778,35.460000
C000066,13,20,33,0.000565,1800,False,69.666667,59.777778,50.027778,50.310000
C000067,17,19,36,0.000648,1800,False,79.055556,76.444444,50.027778,59.430000
C000068,19,35,54,0.000643,1800,False,98.472222,75.611111,50.027778,65.930000
C000069,13,16,29,0.000352,1800,False,49.861111,10.444444,50.027778,26.110000
C000070,16,43,59,0.000649,1800,False,99.138889,76.500000,50.027778,66.480000
C000071,11,16,27,0.000457,1800,False,37.722222,33.055556,50.027778,29.780000
C000072,14,14,28,0.000467,1800,False,43.750000,36.055556,50.027778,32.930000
C000073,17,11,28,0.000561,1800,False,43.750000,58.944444,50.027778,40.950000
C000074,12,15,27,0.000410,1800,False,37.722222,22.333333,50.027778,26.020000
C000075,15,7,22,0.000676,1800,False,13.944444,80.222222,50.027778,37.960000
C000076,16,24,40,0.000454,1800,False,87.722222,32.277778,50.027778,47.000000
C000077,13,17,30,0.000440,1800,False,55.527778,28.833333,50.027778,34.530000
C000078,14,13,27,0.000466,1800,False,37.722222,35.777778,50.027778,30.730000
C000079,18,15,33,0.000605,1800,False,69.666667,68.500000,50.027778,53.360000
C000080,17,25,42,0.000502,1800,False,90.694444,45.500000,50.027778,52.670000
C000081,17,15,32,0.000524,1800,False,65.777778,50.166667,50.027778,45.580000
C000082,12,16,28,0.000523,1800,False,43.750000,49.944444,50.027778,37.800000
C000083,21,15,36,0.000729,1800,False,79.055556,85.777778,50.027778,62.690000
C000084,11,19,30,0.000737,1800,True,55.527778,86.555556,50.027778,74.730000
C000085,13,13,26,0.000332,1800,False,32.611111,7.666667,50.027778,19.100000
C000086,18,13,31,0.000507,1800,False,60.888889,46.388889,50.027778,42.550000
C000087,14,14,28,0.002237,1800,True,43.750000,99.833333,50.027778,75.260000
C000088,15,32,47,0.000464,1800,False,95.055556,34.944444,50.027778,50.500000
C000089,14,13,27,0.000790,1800,False,37.722222,91.500000,50.027778,50.230000
C000090,14,14,28,0.000622,1800,False,43.750000,72.333333,50.027778,45.630000
C000091,9,15,24,0.000418,1800,False,22.416667,23.500000,50.027778,21.070000
C000092,23,9,32,0.000664,1800,False,65.777778,78.888889,50.027778,55.640000
C000093,13,17,30,0.000480,1800,False,55.527778,39.888889,50.027778,38.400000
C000094,14,8,22,0.000476,1800,False,13.944444,38.944444,50.027778,23.510000
C000095,13,7,20,0.000779,1800,False,8.277778,90.722222,50.027778,39.650000
C000096,12,14,26,0.000354,1800,False,32.611111,10.777778,50.027778,20.190000
C000097,10,12,22,0.000373,1800,False,13.944444,14.555556,50.027778,14.980000
C000098,15,26,41,0.000643,1800,False,89.222222,75.388889,50.027778,62.620000
C000099,13,11,24,0.000393,1800,False,22.416667,18.611111,50.027778,19.360000
C000100,15,0,15,0.000626,1800,False,2.194444,72.944444,50.027778,31.300000
C000101,17,11,28,0.000570,1800,False,43.750000,61.111111,50.027778,41.700000
C000102,15,12,27,0.000599,1800,False,37.722222,67.555556,50.027778,41.850000
C000103,14,16,30,0.000498,1800,False,55.527778,44.277778,50.027778,39.930000
C000104,15,19,34,0.000463,1800,False,73.000000,34.500000,50.027778,42.630000
C000105,13,17,30,0.000570,1800,False,55.527778,60.944444,50.027778,45.770000
C000106,15,0,15,0.000328,1800,False,2.194444,7.277778,50.027778,8.320000
C000107,15,14,29,0.000574,1800,False,49.861111,62.277778,50.027778,44.250000
C000108,12,12,24,0.000482,1800,False,22.416667,40.333333,50.027778,26.970000
C000109,9,13,22,0.000436,1800,False,13.944444,27.833333,50.027778,19.620000
C000110,11,11,22,0.000360,1800,False,13.944444,12.000000,50.027778,14.080000
C000111,13,14,27,0.000439,1800,False,37.722222,28.333333,50.027778,28.120000
C000112,16,10,26,0.000451,1800,False,32.611111,31.500000,50.027778,27.440000
C000113,13,19,32,0.000652,1800,False,65.777778,77.111111,50.027778,55.010000
C000114,16,11,27,0.000559,1800,False,37.722222,58.444444,50.027778,38.660000
C000115,23,18,41,0.000605,1800,False,89.222222,68.444444,50.027778,60.190000
C000116,7,13,20,0.000227,1800,False,8.277778,0.500000,50.027778,8.080000
C000117,19,17,36,0.000595,1800,False,79.055556,66.611111,50.027778,55.990000
C000118,12,7,19,0.000532,1800,False,6.166667,52.055556,50.027778,25.380000
C000119,16,16,32,0.000491,1800,False,65.777778,42.500000,50.027778,42.900000
C000120,18,0,18,0.000524,1800,False,4.666667,50.111111,50.027778,24.180000
C000121,17,11,28,0.000644,1800,False,43.750000,75.666667,50.027778,46.800000
C000122,20,0,20,0.000711,1800,False,8.277778,84.166667,50.027778,37.360000
C000123,12,6,18,0.000327,1800,False,4.666667,7.111111,50.027778,9.120000
C000124,11,11,22,0.000859,1800,False,13.944444,94.500000,50.027778,42.960000
C000125,18,31,49,0.000543,1800,False,96.527778,54.888889,50.027778,58.000000
C000126,13,12,25,0.000420,1800,False,27.694444,24.277778,50.027778,23.190000
C000127,12,16,28,0.000520,1800,False,43.750000,49.111111,50.027778,37.500000
C000128,10,15,25,0.000453,1800,False,27.694444,32.055556,50.027778,25.920000
C000129,15,7,22,0.000481,1800,False,13.944444,40.166667,50.027778,23.940000
C000130,16,11,27,0.000465,1800,False,37.722222,35.666667,50.027778,30.690000
C000131,12,14,26,0.000377,1800,False,32.611111,15.222222,50.027778,21.740000
C000132,21,11,32,0.000782,1800,False,65.777778,91.000000,50.027778,59.880000
C000133,13,16,29,0.000376,1800,False,49.861111,14.944444,50.027778,27.680000
C000134,13,13,26,0.000420,1800,False,32.611111,24.444444,50.027778,24.970000
C000135,14,11,25,0.000561,1800,False,27.694444,58.888889,50.027778,35.310000
C000136,15,12,27,0.000556,1800,False,37.722222,57.666667,50.027778,38.390000
C000137,10,12,22,0.000358,1800,False,13.944444,11.500000,50.027778,13.910000
C000138,18,11,29,0.000612,1800,False,49.861111,69.833333,50.027778,46.900000
C000139,15,22,37,0.000763,1800,False,81.527778,89.000000,50.027778,64.690000
C000140,13,14,27,0.000359,1800,False,37.722222,11.722222,50.027778,22.310000
C000141,14,10,24,0.000499,1800,False,22.416667,44.722222,50.027778,28.500000
C000142,18,32,50,0.000746,1800,False,97.194444,87.555556,50.027778,69.670000
C000143,13,36,49,0.000709,1800,False,96.527778,84.000000,50.027778,68.190000
C000144,17,31,48,0.000416,1800,False,95.861111,23.111111,50.027778,46.640000
C000145,24,15,39,0.000625,1800,False,85.972222,72.666667,50.027778,60.530000
C000146,12,7,19,0.000384,1800,False,6.166667,17.000000,50.027778,13.110000
C000147,10,16,26,0.000570,1800,False,32.611111,60.888889,50.027778,37.730000
C000148,17,0,17,0.000618,1800,False,3.583333,71.222222,50.027778,31.180000
C000149,17,20,37,0.000799,1800,False,81.527778,92.055556,50.027778,65.760000
C000150,13,14,27,0.000356,1800,False,37.722222,11.055556,50.027778,22.080000
C000151,14,26,40,0.000499,1800,False,87.722222,44.611111,50.027778,51.320000
C000152,17,14,31,0.000537,1800,False,60.888889,53.055556,50.027778,44.880000
C000153,10,0,10,0.000325,1800,False,0.416667,6.944444,50.027778,7.580000
C000154,19,12,31,0.000755,1800,False,60.888889,88.166667,50.027778,57.170000
C000155,17,0,17,0.000928,1800,False,3.583333,96.888889,50.027778,40.170000
C000156,12,22,34,0.000436,1800,False,73.000000,27.944444,50.027778,40.330000
C000157,18,15,33,0.000663,1800,False,69.666667,78.611111,50.027778,56.900000
C000158,23,0,23,0.000800,1800,False,17.750000,92.111111,50.027778,43.450000
C000159,13,8,21,0.000496,1800,False,10.777778,43.944444,50.027778,24.160000
C000160,20,11,31,0.000553,1800,False,60.888889,57.277778,50.027778,46.360000
C000161,12,28,40,0.000402,1800,False,87.722222,20.555556,50.027778,42.900000
C000162,16,13,29,0.000641,1800,False,49.861111,75.166667,50.027778,48.760000
C000163,18,21,39,0.000858,1800,False,85.972222,94.444444,50.027778,68.150000
C000164,19,26,45,0.000904,1800,False,93.277778,96.000000,50.027778,71.250000
C000165,10,17,27,0.000431,1800,False,37.722222,26.777778,50.027778,27.580000
C000166,20,0,20,0.000690,1800,False,8.277778,81.777778,50.027778,36.520000
C000167,16,12,28,0.000671,1800,False,43.750000,79.666667,50.027778,48.200000
C000168,13,25,38,0.000427,1800,False,83.888889,25.833333,50.027778,43.410000
C000169,18,19,37,0.000694,1800,False,81.527778,82.333333,50.027778,62.350000
C000170,17,12,29,0.000739,1800,False,49.861111,86.611111,50.027778,52.770000
C000171,22,11,33,0.000770,1800,False,69.666667,89.666667,50.027778,60.770000
C000172,17,10,27,0.000507,1800,False,37.722222,46.333333,50.027778,34.420000
C000173,13,9,22,0.000345,1800,False,13.944444,9.333333,50.027778,13.150000
C000174,9,15,24,0.000483,1800,False,22.416667,40.500000,50.027778,27.020000
C000175,12,11,23,0.000786,1800,False,17.750000,91.222222,50.027778,43.140000
C000176,17,24,41,0.000440,1800,False,89.222222,28.888889,50.027778,46.340000
C000177,13,24,37,0.000553,1800,False,81.527778,57.388889,50.027778,53.620000
C000178,20,11,31,0.000801,1800,False,60.888889,92.277778,50.027778,58.610000
C000179,14,18,32,0.000403,1800,False,65.777778,20.777778,50.027778,35.300000
C000180,15,8,23,0.000419,1800,False,17.750000,24.055556,50.027778,19.630000
C000181,16,11,27,0.000379,1800,False,37.722222,15.777778,50.027778,23.730000
C000182,23,17,40,0.000816,1800,False,87.722222,92.777778,50.027778,68.180000
C000183,27,11,38,0.000702,1800,False,83.888889,83.111111,50.027778,63.450000
C000184,12,12,24,0.000594,1800,False,22.416667,66.222222,50.027778,36.030000
C000185,13,12,25,0.000384,1800,False,27.694444,16.944444,50.027778,20.630000
C000186,13,14,27,0.000502,1800,False,37.722222,45.444444,50.027778,34.110000
C000187,12,12,24,0.000371,1800,False,22.416667,14.166667,50.027778,17.810000
C000188,16,14,30,0.000575,1800,False,55.527778,62.388889,50.027778,46.270000
C000189,12,13,25,0.000450,1800,False,27.694444,31.388889,50.027778,25.680000
C000190,16,15,31,0.000565,1800,False,60.888889,59.666667,50.027778,47.200000
C000191,13,18,31,0.000393,1800,False,60.888889,18.500000,50.027778,32.790000
C000192,14,15,29,0.000449,1800,False,49.861111,31.000000,50.027778,33.300000
C000193,13,15,28,0.000595,1800,False,43.750000,66.666667,50.027778,43.650000
C000194,17,24,41,0.000604,1800,False,89.222222,68.166667,50.027778,60.090000
C000195,17,17,34,0.000757,1800,False,73.000000,88.500000,50.027778,61.530000
C000196,11,9,20,0.000539,1800,False,8.277778,53.833333,50.027778,26.740000
C000197,19,24,43,0.000673,1800,False,91.777778,79.888889,50.027778,65.090000
C000198,8,29,37,0.000422,1800,False,81.527778,24.888889,50.027778,42.250000
C000199,19,8,27,0.000850,1800,False,37.722222,94.166667,50.027778,51.160000
C000200,14,12,26,0.000493,1800,False,32.611111,43.055556,50.027778,31.490000
C000201,13,26,39,0.000763,1800,False,85.972222,88.944444,50.027778,66.220000
C000202,14,39,53,0.000406,1800,False,98.194444,21.611111,50.027778,46.930000
C000203,12,8,20,0.000427,1800,False,8.277778,26.055556,50.027778,17.020000
C000204,15,12,27,0.000446,1800,False,37.722222,30.055556,50.027778,28.720000
C000205,8,26,34,0.000507,1800,False,73.000000,46.500000,50.027778,46.830000
C000206,8,16,24,0.000312,1800,False,22.416667,5.833333,50.027778,14.890000
C000207,16,16,32,0.000433,1800,False,65.777778,27.222222,50.027778,37.550000
C000208,15,13,28,0.000584,1800,False,43.750000,63.888889,50.027778,42.680000
C000209,19,0,19,0.000757,1800,False,6.166667,88.444444,50.027778,38.120000
C000210,13,33,46,0.000366,1800,False,94.138889,13.111111,50.027778,42.540000
C000211,16,28,44,0.000487,1800,False,92.500000,41.333333,50.027778,51.840000
C000212,16,9,25,0.000442,1800,False,27.694444,29.444444,50.027778,25.000000
C000213,16,17,33,0.000571,1800,False,69.666667,61.444444,50.027778,50.890000
C000214,10,34,44,0.000287,1800,False,92.500000,3.500000,50.027778,38.600000
C000215,12,11,23,0.000340,1800,False,17.750000,8.666667,50.027778,14.250000
C000216,15,16,31,0.000486,1800,False,60.888889,41.111111,50.027778,40.700000
C000217,15,25,40,0.000546,1800,False,87.722222,55.722222,50.027778,55.210000
C000218,23,12,35,0.000894,1800,False,76.305556,95.500000,50.027778,65.130000
C000219,16,12,28,0.000541,1800,False,43.750000,54.333333,50.027778,39.330000
C000220,20,30,50,0.000705,1800,False,97.194444,83.500000,50.027778,68.250000
C000221,12,21,33,0.000475,1800,False,69.666667,38.777778,50.027778,42.960000
C000222,19,13,32,0.000560,1800,False,65.777778,58.555556,50.027778,48.520000
C000223,23,19,42,0.000706,1800,False,90.694444,83.555556,50.027778,65.990000
C000224,15,9,24,0.000455,1800,False,22.416667,32.777778,50.027778,24.320000
C000225,11,13,24,0.000619,1800,False,22.416667,71.555556,50.027778,37.890000
C000226,10,7,17,0.000290,1800,False,3.583333,3.833333,50.027778,7.600000
C000227,14,8,22,0.000583,1800,False,13.944444,63.722222,50.027778,32.190000
C000228,15,7,22,0.000365,1800,False,13.944444,12.777778,50.027778,14.360000
C000229,11,17,28,0.000576,1800,False,43.750000,62.611111,50.027778,42.230000
C000230,14,11,25,0.000654,1800,False,27.694444,77.444444,50.027778,41.800000
C000231,18,14,32,0.000559,1800,False,65.777778,58.500000,50.027778,48.500000
C000232,6,33,39,0.000238,1800,False,85.972222,0.888889,50.027778,35.400000
C000233,17,13,30,0.000552,1800,False,55.527778,57.000000,50.027778,44.390000
C000234,11,0,11,0.000380,1800,False,0.722222,16.277778,50.027778,10.950000
C000235,14,14,28,0.000424,1800,False,43.750000,25.222222,50.027778,29.140000
C000236,8,35,43,0.000333,1800,False,91.777778,7.722222,50.027778,39.830000
C000237,16,11,27,0.000410,1800,False,37.722222,22.388889,50.027778,26.040000
C000238,14,11,25,0.000683,1800,False,27.694444,80.888889,50.027778,43.010000
C000239,18,14,32,0.000909,1800,False,65.777778,96.333333,50.027778,61.740000
C000240,16,12,28,0.000465,1800,False,43.750000,35.166667,50.027778,32.620000
C000241,16,14,30,0.000338,1800,False,55.527778,8.333333,50.027778,27.350000
C000242,18,12,30,0.000559,1800,False,55.527778,58.277778,50.027778,44.830000
C000243,18,12,30,0.000570,1800,False,55.527778,61.222222,50.027778,45.870000
C000244,17,0,17,0.000919,1800,False,3.583333,96.555556,50.027778,40.050000
C000245,15,12,27,0.000471,1800,False,37.722222,37.388889,50.027778,31.290000
C000246,12,17,29,0.000549,1800,False,49.861111,56.277778,50.027778,42.150000
C000247,16,14,30,0.000500,1800,False,55.527778,45.000000,50.027778,40.190000
C000248,18,14,32,0.000523,1800,False,65.777778,49.722222,50.027778,45.430000
C000249,17,7,24,0.000750,1800,False,22.416667,87.888889,50.027778,43.610000
C000250,11,0,11,0.000366,1800,False,0.722222,13.222222,50.027778,9.880000
C000251,18,11,29,0.000775,1800,False,49.861111,90.166667,50.027778,54.010000
C000252,17,17,34,0.000445,1800,False,73.000000,29.833333,50.027778,40.990000
C000253,11,31,42,0.000590,1800,False,90.694444,65.611111,50.027778,59.710000
C000254,15,12,27,0.000915,1800,False,37.722222,96.388889,50.027778,51.940000
C000255,13,14,27,0.000318,1800,False,37.722222,6.222222,50.027778,20.380000
C000256,23,14,37,0.000784,1800,False,81.527778,91.111111,50.027778,65.430000
C000257,9,30,39,0.000231,1800,False,85.972222,0.555556,50.027778,35.290000
C000258,19,13,32,0.001131,1800,False,65.777778,98.500000,50.027778,62.500000
C000259,14,0,14,0.000571,1800,False,1.777778,61.277778,50.027778,27.070000
C000260,17,14,31,0.000608,1800,False,60.888889,69.111111,50.027778,50.500000
C000261,17,13,30,0.000487,1800,False,55.527778,41.277778,50.027778,38.880000
C000262,16,12,28,0.000729,1800,False,43.750000,85.722222,50.027778,50.320000
C000263,16,7,23,0.000588,1800,False,17.750000,64.722222,50.027778,33.870000
C000264,12,17,29,0.000567,1800,False,49.861111,60.111111,50.027778,43.490000
C000265,10,15,25,0.000463,1800,False,27.694444,34.444444,50.027778,26.750000
C000266,18,17,35,0.000558,1800,False,76.305556,58.055556,50.027778,52.030000
C000267,13,17,30,0.000510,1800,False,55.527778,47.055556,50.027778,40.910000
C000268,11,12,23,0.000370,1800,False,17.750000,13.833333,50.027778,16.060000
C000269,13,8,21,0.000755,1800,False,10.777778,88.277778,50.027778,39.670000
C000270,14,0,14,0.000432,1800,False,1.777778,26.833333,50.027778,15.020000
C000271,18,10,28,0.000671,1800,False,43.750000,79.611111,50.027778,48.180000
C000272,16,23,39,0.000677,1800,False,85.972222,80.333333,50.027778,63.210000
C000273,15,10,25,0.000548,1800,False,27.694444,56.000000,50.027778,34.300000
C000274,19,12,31,0.000614,1800,False,60.888889,70.500000,50.027778,50.990000
C000275,16,23,39,0.000486,1800,False,85.972222,41.000000,50.027778,49.440000
C000276,11,13,24,0.000656,1800,False,22.416667,77.666667,50.027778,40.030000
C000277,9,11,20,0.000315,1800,False,8.277778,6.055556,50.027778,10.020000
C000278,11,30,41,0.000567,1800,False,89.222222,60.277778,50.027778,57.330000
C000279,16,8,24,0.000496,1800,False,22.416667,44.000000,50.027778,28.250000
C000280,9,15,24,0.000288,1800,False,22.416667,3.555556,50.027778,14.090000
C000281,21,14,35,0.000718,1800,False,76.305556,84.722222,50.027778,61.360000
C000282,11,28,39,0.000441,1800,False,85.972222,28.944444,50.027778,45.220000
C000283,16,12,28,0.000422,1800,False,43.750000,24.611111,50.027778,28.930000
C000284,22,8,30,0.000610,1800,False,55.527778,69.444444,50.027778,48.740000
C000285,18,22,40,0.000701,1800,False,87.722222,83.000000,50.027778,64.760000
C000286,16,18,34,0.000468,1800,False,73.000000,36.444444,50.027778,43.310000
C000287,14,25,39,0.000612,1800,False,85.972222,70.111111,50.027778,59.630000
C000288,15,15,30,0.000435,1800,False,55.527778,27.722222,50.027778,34.140000
C000289,11,0,11,0.000447,1800,False,0.722222,30.500000,50.027778,15.930000
C000290,12,7,19,0.000513,1800,False,6.166667,48.000000,50.027778,23.960000
C000291,14,10,24,0.000775,1800,False,22.416667,90.222222,50.027778,44.430000
C000292,12,15,27,0.000501,1800,False,37.722222,45.055556,50.027778,33.980000
C000293,17,18,35,0.000496,1800,False,76.305556,43.888889,50.027778,47.070000
C000294,12,13,25,0.000538,1800,False,27.694444,53.500000,50.027778,33.420000
C000295,12,6,18,0.000894,1800,False,4.666667,95.555556,50.027778,40.080000
C000296,12,25,37,0.000816,1800,False,81.527778,92.833333,50.027778,66.030000
C000297,13,9,22,0.000335,1800,False,13.944444,7.888889,50.027778,12.640000
C000298,7,45,52,0.000217,1800,False,97.861111,0.222222,50.027778,39.330000
C000299,17,12,29,0.000684,1800,False,49.861111,81.055556,50.027778,50.820000
C000300,13,30,43,0.000627,1800,False,91.777778,73.055556,50.027778,62.690000
C000301,14,12,26,0.000381,1800,False,32.611111,16.388889,50.027778,22.150000
C000302,15,11,26,0.000403,1800,False,32.611111,20.888889,50.027778,23.730000
C000303,14,16,30,0.000469,1800,False,55.527778,36.833333,50.027778,37.330000
C000304,17,13,30,0.000849,1800,False,55.527778,94.111111,50.027778,57.380000
C000305,16,16,32,0.000639,1800,False,65.777778,74.944444,50.027778,54.260000
C000306,9,11,20,0.000300,1800,False,8.277778,4.888889,50.027778,9.610000
C000307,17,18,35,0.000471,1800,False,76.305556,37.222222,50.027778,44.740000
C000308,16,21,37,0.000482,1800,False,81.527778,40.277778,50.027778,47.630000
C000309,9,7,16,0.000388,1800,False,2.722222,17.666667,50.027778,12.140000
C000310,15,9,24,0.000496,1800,False,22.416667,43.777778,50.027778,28.170000
C000311,8,11,19,0.000284,1800,False,6.166667,3.166667,50.027778,8.270000
C000312,15,12,27,0.000471,1800,False,37.722222,37.444444,50.027778,31.310000
C000313,13,15,28,0.000418,1800,False,43.750000,23.666667,50.027778,28.600000
C000314,15,14,29,0.000537,1800,False,49.861111,53.166667,50.027778,41.060000
C000315,13,11,24,0.000891,1800,False,22.416667,95.277778,50.027778,46.200000
C000316,20,14,34,0.000514,1800,False,73.000000,48.166667,50.027778,47.410000
C000317,10,28,38,0.000415,1800,False,83.888889,23.055556,50.027778,42.430000
C000318,13,11,24,0.000508,1800,False,22.416667,46.722222,50.027778,29.200000
C000319,18,6,24,0.000508,1800,False,22.416667,46.777778,50.027778,29.220000
C000320,18,8,26,0.000494,1800,False,32.611111,43.388889,50.027778,31.600000
C000321,14,21,35,0.000527,1800,False,76.305556,51.000000,50.027778,49.560000
C000322,10,12,22,0.000385,1800,False,13.944444,17.055556,50.027778,15.850000
C000323,17,12,29,0.000487,1800,False,49.861111,41.444444,50.027778,36.960000
C000324,12,25,37,0.000595,1800,False,81.527778,66.555556,50.027778,56.830000
C000325,16,24,40,0.000462,1800,False,87.722222,34.388889,50.027778,47.740000
C000326,14,17,31,0.000472,1800,False,60.888889,38.000000,50.027778,39.610000
C000327,15,8,23,0.000442,1800,False,17.750000,29.166667,50.027778,21.420000
C000328,19,28,47,0.000611,1800,False,95.055556,69.777778,50.027778,62.690000
C000329,16,12,28,0.000451,1800,False,43.750000,31.722222,50.027778,31.420000
C000330,13,9,22,0.000317,1800,False,13.944444,6.166667,50.027778,12.040000
C000331,13,9,22,0.000350,1800,False,13.944444,9.944444,50.027778,13.360000
C000332,10,12,22,0.000435,1800,False,13.944444,27.555556,50.027778,19.530000
C000333,15,16,31,0.000608,1800,False,60.888889,69.000000,50.027778,50.460000
C000334,13,11,24,0.000484,1800,False,22.416667,40.611111,50.027778,27.060000
C000335,14,7,21,0.000329,1800,False,10.777778,7.444444,50.027778,11.380000
C000336,11,7,18,0.000351,1800,False,4.666667,10.222222,50.027778,10.210000
C000337,17,11,28,0.000645,1800,False,43.750000,75.888889,50.027778,46.880000
C000338,21,15,36,0.000851,1800,False,79.055556,94.222222,50.027778,65.650000
C000339,18,33,51,0.000630,1800,False,97.611111,73.222222,50.027778,64.790000
C000340,11,13,24,0.000390,1800,False,22.416667,18.000000,50.027778,19.150000
C000341,11,33,44,0.000330,1800,False,92.500000,7.500000,50.027778,40.000000
C000342,13,26,39,0.000532,1800,False,85.972222,51.833333,50.027778,53.230000
C000343,21,16,37,0.001001,1800,False,81.527778,97.611111,50.027778,67.700000
C000344,12,14,26,0.000531,1800,False,32.611111,51.666667,50.027778,34.500000
C000345,19,10,29,0.000533,1800,False,49.861111,52.444444,50.027778,40.810000
C000346,16,10,26,0.000398,1800,False,32.611111,19.388889,50.027778,23.200000
C000347,17,11,28,0.000534,1800,False,43.750000,52.500000,50.027778,38.690000
C000348,17,27,44,0.000535,1800,False,92.500000,52.666667,50.027778,55.810000
C000349,18,11,29,0.000564,1800,False,49.861111,59.555556,50.027778,43.300000
C000350,15,13,28,0.000526,1800,False,43.750000,50.888889,50.027778,38.130000
C000351,16,20,36,0.000668,1800,False,79.055556,79.333333,50.027778,60.440000
C000352,7,12,19,0.000305,1800,False,6.166667,5.277778,50.027778,9.010000
C000353,10,24,34,0.000474,1800,False,73.000000,38.555556,50.027778,44.050000
C000354,8,16,24,0.000314,1800,False,22.416667,5.944444,50.027778,14.930000
C000355,12,13,25,0.000359,1800,False,27.694444,11.777778,50.027778,18.820000
C000356,9,10,19,0.000287,1800,False,6.166667,3.444444,50.027778,8.370000
C000357,18,10,28,0.000591,1800,False,43.750000,65.944444,50.027778,43.400000
C000358,15,10,25,0.000589,1800,False,27.694444,64.888889,50.027778,37.410000
C000359,21,14,35,0.000776,1800,False,76.305556,90.444444,50.027778,63.370000
C000360,15,12,27,0.000657,1800,False,37.722222,77.777778,50.027778,45.430000
C000361,17,11,28,0.000488,1800,False,43.750000,41.500000,50.027778,34.840000
C000362,11,10,21,0.000411,1800,False,10.777778,22.500000,50.027778,16.650000
C000363,16,33,49,0.000711,1800,False,96.527778,84.277778,50.027778,68.280000
C000364,18,13,31,0.000644,1800,False,60.888889,75.722222,50.027778,52.820000
C000365,12,14,26,0.000543,1800,False,32.611111,55.000000,50.027778,35.670000
C000366,17,8,25,0.000684,1800,False,27.694444,81.111111,50.027778,43.080000
C000367,20,15,35,0.000586,1800,False,76.305556,64.277778,50.027778,54.210000
C000368,20,27,47,0.000965,1800,False,95.055556,97.388889,50.027778,72.360000
C000369,13,22,35,0.000377,1800,False,76.305556,15.388889,50.027778,37.100000
C000370,9,14,23,0.000476,1800,False,17.750000,39.111111,50.027778,24.900000
C000371,11,24,35,0.000509,1800,False,76.305556,46.833333,50.027778,48.100000
C000372,15,19,34,0.000632,1800,False,73.000000,73.555556,50.027778,56.300000
C000373,23,11,34,0.000733,1800,False,73.000000,86.166667,50.027778,60.710000
C000374,14,33,47,0.000524,1800,False,95.055556,50.333333,50.027778,55.890000
C000375,20,14,34,0.000773,1800,False,73.000000,89.833333,50.027778,61.990000
C000376,15,17,32,0.000808,1800,False,65.777778,92.500000,50.027778,60.400000
C000377,18,16,34,0.000600,1800,False,73.000000,67.611111,50.027778,54.220000
C000378,16,18,34,0.000565,1800,False,73.000000,59.722222,50.027778,51.460000
C000379,18,14,32,0.001054,1800,False,65.777778,98.000000,50.027778,62.320000
C000380,12,29,41,0.000321,1800,False,89.222222,6.500000,50.027778,38.510000
C000381,13,17,30,0.000401,1800,False,55.527778,20.444444,50.027778,31.590000
C000382,19,0,19,0.000453,1800,False,6.166667,31.944444,50.027778,18.340000
C000383,8,14,22,0.000319,1800,False,13.944444,6.277778,50.027778,12.080000
C000384,15,20,35,0.000410,1800,False,76.305556,22.277778,50.027778,39.510000
C000385,18,17,35,0.000502,1800,False,76.305556,45.388889,50.027778,47.600000
C000386,15,15,30,0.000520,1800,False,55.527778,49.222222,50.027778,41.670000
C000387,14,28,42,0.000420,1800,False,90.694444,24.166667,50.027778,45.200000
C000388,9,17,26,0.000320,1800,False,32.611111,6.333333,50.027778,18.630000
C000389,16,1,17,0.002251,1800,True,3.583333,99.888889,50.027778,61.220000
C000390,15,12,27,0.000583,1800,False,37.722222,63.555556,50.027778,40.450000
C000391,18,16,34,0.000411,1800,False,73.000000,22.555556,50.027778,38.450000
C000392,17,14,31,0.000648,1800,False,60.888889,76.277778,50.027778,53.010000
C000393,21,10,31,0.000697,1800,False,60.888889,82.722222,50.027778,55.270000
C000394,20,17,37,0.000650,1800,False,81.527778,76.777778,50.027778,60.410000
C000395,14,16,30,0.000492,1800,False,55.527778,42.555556,50.027778,39.330000
C000396,19,13,32,0.000579,1800,False,65.777778,63.111111,50.027778,50.110000
C000397,12,8,20,0.000559,1800,False,8.277778,58.333333,50.027778,28.320000
C000398,18,9,27,0.000750,1800,False,37.722222,88.000000,50.027778,49.010000
C000399,12,14,26,0.000299,1800,False,32.611111,4.777778,50.027778,18.090000
C000400,16,33,49,0.000465,1800,False,96.527778,35.444444,50.027778,51.190000
C000401,12,27,39,0.000465,1800,False,85.972222,35.388889,50.027778,47.480000
C000402,18,0,18,0.000633,1800,False,4.666667,73.722222,50.027778,32.440000
C000403,12,9,21,0.000548,1800,False,10.777778,56.111111,50.027778,28.410000
C000404,20,9,29,0.000653,1800,False,49.861111,77.277778,50.027778,49.500000
C000405,13,17,30,0.000430,1800,False,55.527778,26.611111,50.027778,33.750000
C000406,11,11,22,0.000500,1800,False,13.944444,44.944444,50.027778,25.610000
C000407,17,13,30,0.000634,1800,False,55.527778,74.000000,50.027778,50.340000
C000408,8,16,24,0.000266,1800,False,22.416667,2.111111,50.027778,13.590000
C000409,23,36,59,0.000968,1800,False,99.138889,97.444444,50.027778,73.810000
C000410,9,13,22,0.000603,1800,False,13.944444,68.111111,50.027778,33.720000
C000411,10,28,38,0.000348,1800,False,83.888889,9.611111,50.027778,37.730000
C000412,22,8,30,0.000555,1800,False,55.527778,57.611111,50.027778,44.600000
C000413,15,13,28,0.000633,1800,False,43.750000,73.666667,50.027778,46.100000
C000414,13,0,13,0.000552,1800,False,1.416667,56.944444,50.027778,25.430000
C000415,21,11,32,0.000744,1800,False,65.777778,87.388889,50.027778,58.610000
C000416,3,11,14,0.000265,1800,False,1.777778,2.000000,50.027778,6.330000
C000417,14,10,24,0.000403,1800,False,22.416667,20.833333,50.027778,20.140000
C000418,14,11,25,0.000617,1800,False,27.694444,71.166667,50.027778,39.600000
C000419,13,13,26,0.000274,1800,False,32.611111,2.666667,50.027778,17.350000
C000420,16,22,38,0.000631,1800,False,83.888889,73.388889,50.027778,60.050000
C000421,15,25,40,0.000342,1800,False,87.722222,9.000000,50.027778,38.860000
C000422,13,14,27,0.000601,1800,False,37.722222,67.777778,50.027778,41.930000
C000423,22,16,38,0.000695,1800,False,83.888889,82.444444,50.027778,63.220000
C000424,16,27,43,0.000473,1800,False,91.777778,38.166667,50.027778,50.480000
C000425,7,10,17,0.000365,1800,False,3.583333,12.666667,50.027778,10.690000
C000426,11,6,17,0.000454,1800,False,3.583333,32.611111,50.027778,17.670000
C000427,9,19,28,0.000324,1800,False,43.750000,6.777778,50.027778,22.690000
C000428,9,12,21,0.000472,1800,False,10.777778,37.833333,50.027778,22.020000
C000429,14,9,23,0.000338,1800,False,17.750000,8.500000,50.027778,14.190000
C000430,14,13,27,0.000365,1800,False,37.722222,12.833333,50.027778,22.700000
C000431,16,14,30,0.000502,1800,False,55.527778,45.611111,50.027778,40.400000
C000432,11,25,36,0.000399,1800,False,79.055556,19.722222,50.027778,39.580000
C000433,15,34,49,0.000824,1800,False,96.527778,92.888889,50.027778,71.300000
C000434,15,0,15,0.000418,1800,False,2.194444,23.555556,50.027778,14.020000
C000435,14,11,25,0.000741,1800,False,27.694444,86.833333,50.027778,45.090000
C000436,9,13,22,0.000343,1800,False,13.944444,9.055556,50.027778,13.050000
C000437,12,11,23,0.000376,1800,False,17.750000,14.833333,50.027778,16.410000
C000438,20,15,35,0.000768,1800,False,76.305556,89.555556,50.027778,63.050000
C000439,8,18,26,0.000251,1800,False,32.611111,1.388889,50.027778,16.900000
C000440,12,8,20,0.000282,1800,False,8.277778,3.000000,50.027778,8.950000
C000441,11,10,21,0.000272,1800,False,10.777778,2.555556,50.027778,9.670000
C000442,19,26,45,0.000746,1800,False,93.277778,87.500000,50.027778,68.280000
C000443,11,11,22,0.000450,1800,False,13.944444,31.166667,50.027778,20.790000
C000444,13,10,23,0.000419,1800,False,17.750000,24.000000,50.027778,19.620000
C000445,15,9,24,0.000542,1800,False,22.416667,54.555556,50.027778,31.940000
C000446,23,15,38,0.000862,1800,False,83.888889,94.555556,50.027778,67.460000
C000447,16,26,42,0.000540,1800,False,90.694444,54.222222,50.027778,55.720000
C000448,18,14,32,0.001970,1800,True,65.777778,99.722222,50.027778,82.930000
C000449,10,13,23,0.000449,1800,False,17.750000,31.055556,50.027778,22.080000
C000450,15,10,25,0.000406,1800,False,27.694444,21.666667,50.027778,22.280000
C000451,20,18,38,0.000702,1800,False,83.888889,83.055556,50.027778,63.430000
C000452,11,28,39,0.000300,1800,False,85.972222,4.833333,50.027778,36.780000
C000453,12,13,25,0.000520,1800,False,27.694444,49.055556,50.027778,31.870000
C000454,11,25,36,0.000296,1800,False,79.055556,4.555556,50.027778,34.270000
C000455,21,35,56,0.000685,1800,False,98.750000,81.277778,50.027778,68.010000
C000456,15,14,29,0.000590,1800,False,49.861111,65.444444,50.027778,45.360000
C000457,13,11,24,0.000461,1800,False,22.416667,34.166667,50.027778,24.810000
C000458,16,19,35,0.000523,1800,False,76.305556,49.888889,50.027778,49.170000
C000459,20,19,39,0.000700,1800,False,85.972222,82.888889,50.027778,64.100000
C000460,13,12,25,0.000511,1800,False,27.694444,47.388889,50.027778,31.280000
C000461,12,37,49,0.000335,1800,False,96.527778,7.944444,50.027778,41.570000
C000462,14,16,30,0.000433,1800,False,55.527778,27.277778,50.027778,33.980000
C000463,12,0,12,0.000489,1800,False,1.111111,41.944444,50.027778,20.070000
C000464,18,15,33,0.000512,1800,False,69.666667,47.611111,50.027778,46.050000
C000465,14,11,25,0.000427,1800,False,27.694444,26.000000,50.027778,23.800000
C000466,7,53,60,0.000241,1800,False,99.277778,1.000000,50.027778,40.100000
C000467,12,30,42,0.000669,1800,False,90.694444,79.500000,50.027778,64.570000
C000468,15,26,41,0.000532,1800,False,89.222222,51.777778,50.027778,54.350000
C000469,15,22,37,0.000352,1800,False,81.527778,10.388889,50.027778,37.170000
C000470,14,23,37,0.000453,1800,False,81.527778,32.111111,50.027778,44.780000
C000471,21,9,30,0.000923,1800,False,55.527778,96.777778,50.027778,58.310000
C000472,17,15,32,0.000515,1800,False,65.777778,48.555556,50.027778,45.020000
C000473,13,13,26,0.000727,1800,False,32.611111,85.611111,50.027778,46.380000
C000474,18,10,28,0.000594,1800,False,43.750000,66.388889,50.027778,43.550000
C000475,17,13,30,0.000681,1800,False,55.527778,80.777778,50.027778,52.710000
C000476,21,11,32,0.000662,1800,False,65.777778,78.277778,50.027778,55.420000
C000477,17,24,41,0.000640,1800,False,89.222222,75.000000,50.027778,62.480000
C000478,10,9,19,0.000778,1800,False,6.166667,90.666667,50.027778,38.890000
C000479,18,15,33,0.000506,1800,False,69.666667,46.222222,50.027778,45.560000
C000480,12,8,20,0.000526,1800,False,8.277778,50.833333,50.027778,25.690000
C000481,9,15,24,0.000419,1800,False,22.416667,24.111111,50.027778,21.290000
C000482,19,0,19,0.000597,1800,False,6.166667,67.055556,50.027778,30.630000
C000483,20,20,40,0.000579,1800,False,87.722222,63.055556,50.027778,57.780000
C000484,15,10,25,0.000635,1800,False,27.694444,74.388889,50.027778,40.730000
C000485,16,16,32,0.000502,1800,False,65.777778,45.555556,50.027778,43.970000
C000486,19,11,30,0.000690,1800,False,55.527778,81.833333,50.027778,53.080000
C000487,17,11,28,0.000591,1800,False,43.750000,65.888889,50.027778,43.380000
C000488,16,11,27,0.000604,1800,False,37.722222,68.222222,50.027778,42.080000
C000489,24,29,53,0.000810,1800,False,98.194444,92.611111,50.027778,71.780000
C000490,11,11,22,0.000368,1800,False,13.944444,13.555556,50.027778,14.630000
C000491,10,16,26,0.000246,1800,False,32.611111,1.166667,50.027778,16.830000
C000492,16,10,26,0.000513,1800,False,32.611111,47.833333,50.027778,33.160000
C000493,14,13,27,0.000469,1800,False,37.722222,36.777778,50.027778,31.080000
C000494,19,28,47,0.000622,1800,False,95.055556,72.388889,50.027778,63.610000
C000495,20,8,28,0.000845,1800,False,43.750000,93.722222,50.027778,53.120000
C000496,12,42,54,0.000439,1800,False,98.472222,28.500000,50.027778,49.440000
C000497,18,29,47,0.000504,1800,False,95.055556,46.055556,50.027778,54.390000
C000498,18,15,33,0.000789,1800,False,69.666667,91.388889,50.027778,61.370000
C000499,17,11,28,0.000574,1800,False,43.750000,62.166667,50.027778,42.070000
C000500,22,11,33,0.000562,1800,False,69.666667,59.277778,50.027778,50.130000
C000501,13,11,24,0.000539,1800,False,22.416667,53.777778,50.027778,31.670000
C000502,12,7,19,0.000571,1800,False,6.166667,61.611111,50.027778,28.720000
C000503,15,29,44,0.000704,1800,False,92.500000,83.277778,50.027778,66.520000
C000504,20,15,35,0.001066,1800,False,76.305556,98.222222,50.027778,66.090000
C000505,22,16,38,0.000501,1800,False,83.888889,45.222222,50.027778,50.190000
C000506,18,14,32,0.000665,1800,False,65.777778,79.000000,50.027778,55.680000
C000507,14,15,29,0.000538,1800,False,49.861111,53.555556,50.027778,41.200000
C000508,12,0,12,0.000472,1800,False,1.111111,37.944444,50.027778,18.670000
C000509,12,11,23,0.000292,1800,False,17.750000,4.055556,50.027778,12.630000
C000510,16,11,27,0.000545,1800,False,37.722222,55.444444,50.027778,37.610000
C000511,15,11,26,0.000511,1800,False,32.611111,47.277778,50.027778,32.960000
C000512,21,28,49,0.000739,1800,False,96.527778,86.666667,50.027778,69.120000
C000513,16,4,20,0.000495,1800,False,8.277778,43.555556,50.027778,23.140000
C000514,16,0,16,0.000778,1800,False,2.722222,90.611111,50.027778,37.670000
C000515,16,20,36,0.000651,1800,False,79.055556,76.944444,50.027778,59.600000
C000516,17,12,29,0.000362,1800,False,49.861111,12.222222,50.027778,26.730000
C000517,23,0,23,0.000951,1800,False,17.750000,97.166667,50.027778,45.220000
C000518,18,11,29,0.000777,1800,False,49.861111,90.500000,50.027778,54.130000
C000519,20,10,30,0.000611,1800,False,55.527778,69.666667,50.027778,48.820000
C000520,18,17,35,0.000491,1800,False,76.305556,42.444444,50.027778,46.570000
C000521,16,16,32,0.000523,1800,False,65.777778,49.777778,50.027778,45.450000
C000522,12,13,25,0.000401,1800,False,27.694444,20.500000,50.027778,21.870000
C000523,9,8,17,0.000345,1800,False,3.583333,9.388889,50.027778,9.540000
C000524,18,16,34,0.000596,1800,False,73.000000,66.777778,50.027778,53.920000
C000525,22,27,49,0.000629,1800,False,96.527778,73.111111,50.027778,64.380000
C000526,13,15,28,0.000368,1800,False,43.750000,13.611111,50.027778,25.080000
C000527,23,22,45,0.000960,1800,False,93.277778,97.277778,50.027778,71.700000
C000528,11,11,22,0.000276,1800,False,13.944444,2.888889,50.027778,10.890000
C000529,15,9,24,0.000468,1800,False,22.416667,36.277778,50.027778,25.550000
C000530,16,13,29,0.000550,1800,False,49.861111,56.666667,50.027778,42.290000
C000531,8,21,29,0.000358,1800,False,49.861111,11.388889,50.027778,26.440000
C000532,13,11,24,0.000275,1800,False,22.416667,2.777778,50.027778,13.820000
C000533,14,10,24,0.000403,1800,False,22.416667,20.944444,50.027778,20.180000
C000534,19,8,27,0.000458,1800,False,37.722222,33.388889,50.027778,29.890000
C000535,15,11,26,0.000614,1800,False,32.611111,70.666667,50.027778,41.150000
C000536,17,17,34,0.001598,1800,True,73.000000,99.055556,50.027778,85.220000
C000537,13,11,24,0.000479,1800,False,22.416667,39.666667,50.027778,26.730000
C000538,14,19,33,0.000362,1800,False,69.666667,12.166667,50.027778,33.640000
C000539,18,21,39,0.000761,1800,False,85.972222,88.722222,50.027778,66.150000
C000540,18,15,33,0.000577,1800,False,69.666667,62.722222,50.027778,51.340000
C000541,11,10,21,0.000561,1800,False,10.777778,59.000000,50.027778,29.420000
C000542,12,11,23,0.000398,1800,False,17.750000,19.444444,50.027778,18.020000
C000543,16,14,30,0.000458,1800,False,55.527778,33.666667,50.027778,36.220000
C000544,21,16,37,0.000420,1800,False,81.527778,24.500000,50.027778,42.110000
C000545,12,15,27,0.000592,1800,False,37.722222,66.000000,50.027778,41.310000
C000546,11,30,41,0.000508,1800,False,89.222222,46.666667,50.027778,52.560000
C000547,10,22,32,0.000412,1800,False,65.777778,22.666667,50.027778,35.960000
C000548,10,20,30,0.000548,1800,False,55.527778,55.833333,50.027778,43.980000
C000549,15,31,46,0.000619,1800,False,94.138889,71.666667,50.027778,63.030000
C000550,20,20,40,0.001603,1800,True,87.722222,99.111111,50.027778,90.390000
C000551,22,14,36,0.000750,1800,False,79.055556,87.944444,50.027778,63.450000
C000552,12,15,27,0.000476,1800,False,37.722222,39.055556,50.027778,31.880000
C000553,16,5,21,0.000791,1800,False,10.777778,91.555556,50.027778,40.820000
C000554,19,9,28,0.000686,1800,False,43.750000,81.388889,50.027778,48.800000
C000555,15,12,27,0.000767,1800,False,37.722222,89.444444,50.027778,49.510000
C000556,15,15,30,0.000462,1800,False,55.527778,34.333333,50.027778,36.450000
C000557,16,34,50,0.000433,1800,False,97.194444,27.166667,50.027778,48.530000
C000558,22,10,32,0.000764,1800,False,65.777778,89.055556,50.027778,59.190000
C000559,14,0,14,0.000502,1800,False,1.777778,45.333333,50.027778,21.490000
C000560,15,11,26,0.000648,1800,False,32.611111,76.333333,50.027778,43.130000
C000561,19,21,40,0.000605,1800,False,87.722222,68.388889,50.027778,59.640000
C000562,11,10,21,0.000338,1800,False,10.777778,8.611111,50.027778,11.790000
C000563,20,32,52,0.000777,1800,False,97.861111,90.555556,50.027778,70.950000
C000564,21,21,42,0.000647,1800,False,90.694444,76.222222,50.027778,63.420000
C000565,12,20,32,0.000430,1800,False,65.777778,26.666667,50.027778,37.360000
C000566,15,19,34,0.000898,1800,False,73.000000,95.722222,50.027778,64.060000
C000567,15,37,52,0.000479,1800,False,97.861111,39.611111,50.027778,53.120000
C000568,17,11,28,0.000541,1800,False,43.750000,54.388889,50.027778,39.350000
C000569,15,21,36,0.000512,1800,False,79.055556,47.666667,50.027778,49.360000
C000570,12,21,33,0.000391,1800,False,69.666667,18.111111,50.027778,35.720000
C000571,12,11,23,0.000489,1800,False,17.750000,41.888889,50.027778,25.880000
C000572,13,20,33,0.000489,1800,False,69.666667,41.833333,50.027778,44.030000
C000573,11,12,23,0.000364,1800,False,17.750000,12.388889,50.027778,15.550000
C000574,12,18,30,0.000350,1800,False,55.527778,10.111111,50.027778,27.980000
C000575,17,13,30,0.000467,1800,False,55.527778,36.000000,50.027778,37.040000
C000576,16,14,30,0.000598,1800,False,55.527778,67.388889,50.027778,48.020000
C000577,18,9,27,0.000518,1800,False,37.722222,48.777778,50.027778,35.280000
C000578,17,16,33,0.000491,1800,False,69.666667,42.388889,50.027778,44.220000
C000579,10,9,19,0.000490,1800,False,6.166667,42.000000,50.027778,21.860000
C000580,14,28,42,0.000385,1800,False,90.694444,17.111111,50.027778,42.730000
C000581,13,9,22,0.000832,1800,False,13.944444,93.388889,50.027778,42.570000
C000582,14,19,33,0.000511,1800,False,69.666667,47.333333,50.027778,45.950000
C000583,18,10,28,0.000570,1800,False,43.750000,61.166667,50.027778,41.720000
C000584,12,15,27,0.000459,1800,False,37.722222,34.000000,50.027778,30.110000
C000585,15,17,32,0.000700,1800,False,65.777778,82.944444,50.027778,57.060000
C000586,14,23,37,0.000542,1800,False,81.527778,54.611111,50.027778,52.650000
C000587,10,18,28,0.000303,1800,False,43.750000,5.166667,50.027778,22.120000
C000588,15,15,30,0.000787,1800,False,55.527778,91.277778,50.027778,56.380000
C000589,18,10,28,0.000689,1800,False,43.750000,81.666667,50.027778,48.900000
C000590,13,14,27,0.000389,1800,False,37.722222,17.722222,50.027778,24.410000
C000591,13,9,22,0.000367,1800,False,13.944444,13.388889,50.027778,14.570000
C000592,15,14,29,0.000424,1800,False,49.861111,25.333333,50.027778,31.320000
C000593,13,10,23,0.000536,1800,False,17.750000,52.944444,50.027778,29.750000
C000594,18,12,30,0.000651,1800,False,55.527778,77.000000,50.027778,51.390000
C000595,23,7,30,0.000903,1800,False,55.527778,95.888889,50.027778,58.000000
C000596,16,12,28,0.000580,1800,False,43.750000,63.166667,50.027778,42.420000
C000597,20,16,36,0.000616,1800,False,79.055556,70.944444,50.027778,57.500000
C000598,16,17,33,0.000526,1800,False,69.666667,50.777778,50.027778,47.160000
C000599,12,17,29,0.000472,1800,False,49.861111,37.888889,50.027778,35.720000
C000600,18,8,26,0.000619,1800,False,32.611111,71.777778,50.027778,41.540000
C000601,24,8,32,0.000661,1800,False,65.777778,78.166667,50.027778,55.380000
C000602,11,17,28,0.000444,1800,False,43.750000,29.777778,50.027778,30.740000
C000603,19,16,35,0.000711,1800,False,76.305556,84.333333,50.027778,61.230000
C000604,12,10,22,0.000284,1800,False,13.944444,3.111111,50.027778,10.970000
C000605,8,14,22,0.000358,1800,False,13.944444,11.444444,50.027778,13.890000
C000606,10,10,20,0.000400,1800,False,8.277778,20.222222,50.027778,14.980000
C000607,12,13,25,0.000560,1800,False,27.694444,58.722222,50.027778,35.250000
C000608,15,0,15,0.000612,1800,False,2.194444,69.888889,50.027778,30.230000
C000609,16,10,26,0.000533,1800,False,32.611111,52.277778,50.027778,34.710000
C000610,17,12,29,0.000741,1800,False,49.861111,86.944444,50.027778,52.880000
C000611,14,9,23,0.000467,1800,False,17.750000,35.888889,50.027778,23.780000
C000612,15,7,22,0.000524,1800,False,13.944444,50.277778,50.027778,27.480000
C000613,10,12,22,0.000307,1800,False,13.944444,5.444444,50.027778,11.790000
C000614,16,20,36,0.000638,1800,False,79.055556,74.777778,50.027778,58.840000
C000615,14,39,53,0.000529,1800,False,98.194444,51.444444,50.027778,57.380000
C000616,25,17,42,0.001035,1800,False,90.694444,97.833333,50.027778,70.990000
C000617,15,27,42,0.000513,1800,False,90.694444,47.888889,50.027778,53.510000
C000618,15,14,29,0.000715,1800,False,49.861111,84.500000,50.027778,52.030000
C000619,15,0,15,0.000419,1800,False,2.194444,23.833333,50.027778,14.110000
C000620,11,12,23,0.000267,1800,False,17.750000,2.222222,50.027778,11.990000
C000621,17,9,26,0.000485,1800,False,32.611111,40.777778,50.027778,30.690000
C000622,13,7,20,0.000393,1800,False,8.277778,18.722222,50.027778,14.450000
C000623,13,30,43,0.000731,1800,False,91.777778,85.944444,50.027778,67.210000
C000624,11,14,25,0.000369,1800,False,27.694444,13.666667,50.027778,19.480000
C000625,12,11,23,0.000444,1800,False,17.750000,29.666667,50.027778,21.600000
C000626,15,15,30,0.001363,1800,True,55.527778,98.777778,50.027778,79.010000
C000627,12,10,22,0.000361,1800,False,13.944444,12.111111,50.027778,14.120000
C000628,16,29,45,0.000753,1800,False,93.277778,88.111111,50.027778,68.490000
C000629,13,9,22,0.000601,1800,False,13.944444,67.833333,50.027778,33.620000
C000630,7,15,22,0.000269,1800,False,13.944444,2.444444,50.027778,10.740000
C000631,20,16,36,0.000657,1800,False,79.055556,77.833333,50.027778,59.910000
C000632,13,12,25,0.000329,1800,False,27.694444,7.388889,50.027778,17.280000
C000633,19,24,43,0.000407,1800,False,91.777778,21.944444,50.027778,44.810000
C000634,19,51,70,0.000590,1800,False,99.944444,65.166667,50.027778,62.790000
C000635,16,14,30,0.000434,1800,False,55.527778,27.444444,50.027778,34.040000
C000636,17,19,36,0.000591,1800,False,79.055556,65.777778,50.027778,55.690000
C000637,14,11,25,0.000412,1800,False,27.694444,22.611111,50.027778,22.610000
C000638,16,17,33,0.000458,1800,False,69.666667,33.777778,50.027778,41.210000
C000639,15,23,38,0.000544,1800,False,83.888889,55.222222,50.027778,53.690000
C000640,14,9,23,0.000387,1800,False,17.750000,17.388889,50.027778,17.300000
C000641,16,0,16,0.000609,1800,False,2.722222,69.388889,50.027778,30.240000
C000642,14,10,24,0.000640,1800,False,22.416667,75.055556,50.027778,39.120000
C000643,18,32,50,0.000658,1800,False,97.194444,77.888889,50.027778,66.280000
C000644,14,13,27,0.000904,1800,False,37.722222,96.055556,50.027778,51.820000
C000645,17,15,32,0.000550,1800,False,65.777778,56.500000,50.027778,47.800000
C000646,14,14,28,0.001680,1800,True,43.750000,99.277778,50.027778,75.060000
C000647,20,11,31,0.000552,1800,False,60.888889,57.222222,50.027778,46.340000
C000648,16,11,27,0.000574,1800,False,37.722222,62.111111,50.027778,39.940000
C000649,17,14,31,0.000645,1800,False,60.888889,75.833333,50.027778,52.860000
C000650,13,16,29,0.000365,1800,False,49.861111,12.722222,50.027778,26.910000
C000651,12,24,36,0.000453,1800,False,79.055556,32.000000,50.027778,43.870000
C000652,17,11,28,0.000410,1800,False,43.750000,22.444444,50.027778,28.170000
C000653,12,12,24,0.000368,1800,False,22.416667,13.444444,50.027778,17.550000
C000654,13,14,27,0.000439,1800,False,37.722222,28.722222,50.027778,28.260000
C000655,17,14,31,0.000633,1800,False,60.888889,73.833333,50.027778,52.160000
C000656,14,11,25,0.000393,1800,False,27.694444,18.555556,50.027778,21.190000
C000657,17,6,23,0.000604,1800,False,17.750000,68.277778,50.027778,35.110000
C000658,17,15,32,0.000496,1800,False,65.777778,43.722222,50.027778,43.330000
C000659,12,35,47,0.000533,1800,False,95.055556,52.388889,50.027778,56.610000
C000660,10,11,21,0.000239,1800,False,10.777778,0.944444,50.027778,9.110000
C000661,11,8,19,0.000293,1800,False,6.166667,4.222222,50.027778,8.640000
C000662,6,39,45,0.000265,1800,False,93.277778,1.888889,50.027778,38.310000
C000663,25,15,40,0.000829,1800,False,87.722222,93.166667,50.027778,68.310000
C000664,18,21,39,0.000419,1800,False,85.972222,23.888889,50.027778,43.450000
C000665,20,11,31,0.000846,1800,False,60.888889,93.833333,50.027778,59.160000
C000666,15,10,25,0.000429,1800,False,27.694444,26.388889,50.027778,23.930000
C000667,12,14,26,0.000399,1800,False,32.611111,19.888889,50.027778,23.380000
C000668,7,11,18,0.000454,1800,False,4.666667,32.444444,50.027778,17.990000
C000669,10,11,21,0.000378,1800,False,10.777778,15.444444,50.027778,14.180000
C000670,15,25,40,0.000447,1800,False,87.722222,30.277778,50.027778,46.300000
C000671,14,10,24,0.000427,1800,False,22.416667,25.888889,50.027778,21.910000
C000672,16,14,30,0.000647,1800,False,55.527778,76.166667,50.027778,51.100000
C000673,11,18,29,0.000426,1800,False,49.861111,25.666667,50.027778,31.440000
C000674,16,13,29,0.000613,1800,False,49.861111,70.277778,50.027778,47.050000
C000675,24,32,56,0.000724,1800,False,98.750000,85.333333,50.027778,69.430000
C000676,27,12,39,0.000792,1800,False,85.972222,91.666667,50.027778,67.180000
C000677,14,15,29,0.000494,1800,False,49.861111,43.222222,50.027778,37.580000
C000678,15,15,30,0.000495,1800,False,55.527778,43.500000,50.027778,39.660000
C000679,20,13,33,0.000774,1800,False,69.666667,90.111111,50.027778,60.920000
C000680,14,8,22,0.000423,1800,False,13.944444,25.111111,50.027778,18.670000
C000681,17,11,28,0.001055,1800,False,43.750000,98.055556,50.027778,54.630000
C000682,8,19,27,0.000296,1800,False,37.722222,4.500000,50.027778,19.780000
C000683,20,14,34,0.000773,1800,False,73.000000,89.888889,50.027778,62.010000
C000684,21,14,35,0.000591,1800,False,76.305556,65.833333,50.027778,54.750000
C000685,17,6,23,0.000542,1800,False,17.750000,54.666667,50.027778,30.350000
C000686,16,16,32,0.000396,1800,False,65.777778,19.166667,50.027778,34.730000
C000687,17,8,25,0.000765,1800,False,27.694444,89.166667,50.027778,45.900000
C000688,21,17,38,0.000559,1800,False,83.888889,58.166667,50.027778,54.720000
C000689,12,14,26,0.000378,1800,False,32.611111,15.555556,50.027778,21.860000
C000690,17,11,28,0.000898,1800,False,43.750000,95.666667,50.027778,53.800000
C000691,10,17,27,0.000307,1800,False,37.722222,5.388889,50.027778,20.090000
C000692,14,12,26,0.000384,1800,False,32.611111,16.777778,50.027778,22.290000
C000693,18,29,47,0.000619,1800,False,95.055556,71.611111,50.027778,63.340000
C000694,15,5,20,0.000804,1800,False,8.277778,92.333333,50.027778,40.220000
C000695,16,11,27,0.000328,1800,False,37.722222,7.333333,50.027778,20.770000
C000696,20,20,40,0.000468,1800,False,87.722222,36.500000,50.027778,48.480000
C000697,13,6,19,0.000494,1800,False,6.166667,43.166667,50.027778,22.270000
C000698,20,10,30,0.000590,1800,False,55.527778,65.111111,50.027778,47.230000
C000699,16,12,28,0.000551,1800,False,43.750000,56.888889,50.027778,40.230000
C000700,15,11,26,0.000567,1800,False,32.611111,60.222222,50.027778,37.490000
C000701,17,27,44,0.000570,1800,False,92.500000,61.000000,50.027778,58.730000
C000702,23,19,42,0.000876,1800,False,90.694444,94.944444,50.027778,69.980000
C000703,15,10,25,0.000481,1800,False,27.694444,40.111111,50.027778,28.730000
C000704,14,33,47,0.000423,1800,False,95.055556,24.944444,50.027778,47.000000
C000705,7,10,17,0.000323,1800,False,3.583333,6.611111,50.027778,8.570000
C000706,17,12,29,0.000631,1800,False,49.861111,73.277778,50.027778,48.100000
C000707,14,25,39,0.000408,1800,False,85.972222,22.000000,50.027778,42.790000
C000708,13,25,38,0.000419,1800,False,83.888889,23.777778,50.027778,42.690000
C000709,20,16,36,0.000604,1800,False,79.055556,68.333333,50.027778,56.590000
C000710,17,13,30,0.000748,1800,False,55.527778,87.722222,50.027778,55.140000
C000711,20,20,40,0.000920,1800,False,87.722222,96.666667,50.027778,69.540000
C000712,19,14,33,0.000654,1800,False,69.666667,77.500000,50.027778,56.510000
C000713,17,12,29,0.000439,1800,False,49.861111,28.666667,50.027778,32.490000
C000714,15,20,35,0.000515,1800,False,76.305556,48.500000,50.027778,48.680000
C000715,19,7,26,0.000828,1800,False,32.611111,93.111111,50.027778,49.010000
C000716,16,10,26,0.000470,1800,False,32.611111,37.000000,50.027778,29.370000
C000717,17,6,23,0.000454,1800,False,17.750000,32.388889,50.027778,22.550000
C000718,13,8,21,0.000439,1800,False,10.777778,28.555556,50.027778,18.770000
C000719,23,4,27,0.000548,1800,False,37.722222,56.055556,50.027778,37.830000
C000720,12,11,23,0.000468,1800,False,17.750000,36.388889,50.027778,23.950000
C000721,12,11,23,0.000390,1800,False,17.750000,17.833333,50.027778,17.460000
C000722,20,12,32,0.000660,1800,False,65.777778,78.111111,50.027778,55.360000
C000723,12,7,19,0.000493,1800,False,6.166667,42.888889,50.027778,22.170000
C000724,16,10,26,0.000649,1800,False,32.611111,76.611111,50.027778,43.230000
C000725,9,13,22,0.000425,1800,False,13.944444,25.500000,50.027778,18.810000
C000726,15,16,31,0.000516,1800,False,60.888889,48.666667,50.027778,43.350000
C000727,14,17,31,0.000287,1800,False,60.888889,3.333333,50.027778,27.480000
C000728,14,17,31,0.000440,1800,False,60.888889,28.777778,50.027778,36.390000
C000729,17,8,25,0.000581,1800,False,27.694444,63.277778,50.027778,36.840000
C000730,26,41,67,0.000770,1800,False,99.861111,89.611111,50.027778,71.320000
C000731,19,13,32,0.000953,1800,False,65.777778,97.222222,50.027778,62.050000
C000732,13,11,24,0.000452,1800,False,22.416667,31.888889,50.027778,24.010000
C000733,15,20,35,0.000371,1800,False,76.305556,14.055556,50.027778,36.630000
C000734,24,12,36,0.000826,1800,False,79.055556,93.000000,50.027778,65.220000
C000735,16,14,30,0.000498,1800,False,55.527778,44.166667,50.027778,39.900000
C000736,19,13,32,0.000618,1800,False,65.777778,71.333333,50.027778,52.990000
C000737,17,24,41,0.000647,1800,False,89.222222,76.111111,50.027778,62.870000
C000738,16,8,24,0.000439,1800,False,22.416667,28.388889,50.027778,22.780000
C000739,19,11,30,0.000678,1800,False,55.527778,80.388889,50.027778,52.570000
C000740,16,13,29,0.000601,1800,False,49.861111,67.888889,50.027778,46.220000
C000741,20,7,27,0.000842,1800,False,37.722222,93.611111,50.027778,50.970000
C000742,13,15,28,0.000407,1800,False,43.750000,21.888889,50.027778,27.980000
C000743,16,8,24,0.000686,1800,False,22.416667,81.333333,50.027778,41.320000
C000744,10,12,22,0.000538,1800,False,13.944444,53.333333,50.027778,28.550000
C000745,10,10,20,0.000287,1800,False,8.277778,3.388889,50.027778,9.090000
C000746,14,11,25,0.000355,1800,False,27.694444,10.888889,50.027778,18.510000
C000747,6,12,18,0.000249,1800,False,4.666667,1.277778,50.027778,7.080000
C000748,14,0,14,0.000536,1800,False,1.777778,52.722222,50.027778,24.080000
C000749,16,15,31,0.000459,1800,False,60.888889,33.944444,50.027778,38.190000
C000750,16,12,28,0.000724,1800,False,43.750000,85.388889,50.027778,50.200000
C000751,8,0,8,0.000235,1800,False,0.138889,0.722222,50.027778,5.300000
C000752,14,11,25,0.000652,1800,False,27.694444,77.166667,50.027778,41.700000
C000753,13,9,22,0.000337,1800,False,13.944444,8.277778,50.027778,12.780000
C000754,14,15,29,0.000590,1800,False,49.861111,65.388889,50.027778,45.340000
C000755,15,23,38,0.001060,1800,False,83.888889,98.111111,50.027778,68.700000
C000756,16,13,29,0.000666,1800,False,49.861111,79.111111,50.027778,50.140000
C000757,11,12,23,0.000414,1800,False,17.750000,23.000000,50.027778,19.270000
C000758,12,9,21,0.000581,1800,False,10.777778,63.388889,50.027778,30.960000
C000759,11,10,21,0.000293,1800,False,10.777778,4.277778,50.027778,10.270000
C000760,22,28,50,0.001148,1800,False,97.194444,98.555556,50.027778,73.520000
C000761,20,10,30,0.000607,1800,False,55.527778,68.888889,50.027778,48.550000
C000762,11,12,23,0.000357,1800,False,17.750000,11.166667,50.027778,15.120000
C000763,11,8,19,0.000343,1800,False,6.166667,9.111111,50.027778,10.350000
C000764,10,7,17,0.000376,1800,False,3.583333,15.055556,50.027778,11.530000
C000765,14,21,35,0.000353,1800,False,76.305556,10.500000,50.027778,35.380000
C000766,18,20,38,0.000396,1800,False,83.888889,19.111111,50.027778,41.050000
C000767,15,9,24,0.000663,1800,False,22.416667,78.666667,50.027778,40.380000
C000768,17,13,30,0.000481,1800,False,55.527778,40.055556,50.027778,38.460000
C000769,12,28,40,0.000355,1800,False,87.722222,10.944444,50.027778,39.540000
C000770,11,36,47,0.000352,1800,False,95.055556,10.333333,50.027778,41.890000
C000771,15,24,39,0.000577,1800,False,85.972222,62.777778,50.027778,57.070000
C000772,13,10,23,0.000373,1800,False,17.750000,14.500000,50.027778,16.290000
C000773,15,9,24,0.000449,1800,False,22.416667,30.722222,50.027778,23.600000
C000774,12,9,21,0.000546,1800,False,10.777778,55.500000,50.027778,28.200000
C000775,17,11,28,0.000573,1800,False,43.750000,61.888889,50.027778,41.980000
C000776,11,14,25,0.000376,1800,False,27.694444,15.111111,50.027778,19.980000
C000777,14,15,29,0.000350,1800,False,49.861111,10.000000,50.027778,25.950000
C000778,17,17,34,0.000405,1800,False,73.000000,21.333333,50.027778,38.020000
C000779,10,12,22,0.000265,1800,False,13.944444,1.944444,50.027778,10.560000
C000780,12,14,26,0.000420,1800,False,32.611111,24.222222,50.027778,24.890000
C000781,21,14,35,0.000687,1800,False,76.305556,81.444444,50.027778,60.220000
C000782,20,20,40,0.000740,1800,False,87.722222,86.722222,50.027778,66.060000
C000783,16,17,33,0.000715,1800,False,69.666667,84.611111,50.027778,59.000000
C000784,13,13,26,0.000309,1800,False,32.611111,5.722222,50.027778,18.420000
C000785,12,20,32,0.000405,1800,False,65.777778,21.388889,50.027778,35.510000
C000786,19,20,39,0.000463,1800,False,85.972222,34.777778,50.027778,47.270000
C000787,17,15,32,0.000510,1800,False,65.777778,47.000000,50.027778,44.480000
C000788,19,9,28,0.000806,1800,False,43.750000,92.444444,50.027778,52.670000
C000789,16,8,24,0.000503,1800,False,22.416667,45.722222,50.027778,28.850000
C000790,17,20,37,0.000572,1800,False,81.527778,61.666667,50.027778,55.120000
C000791,17,17,34,0.000692,1800,False,73.000000,82.000000,50.027778,59.250000
C000792,20,15,35,0.000676,1800,False,76.305556,80.166667,50.027778,59.770000
C000793,13,19,32,0.000432,1800,False,65.777778,27.055556,50.027778,37.490000
C000794,9,8,17,0.000248,1800,False,3.583333,1.222222,50.027778,6.680000
C000795,16,24,40,0.000500,1800,False,87.722222,44.833333,50.027778,51.400000
C000796,13,14,27,0.000377,1800,False,37.722222,15.333333,50.027778,23.570000
C000797,16,24,40,0.000421,1800,False,87.722222,24.555556,50.027778,44.300000
C000798,17,0,17,0.000784,1800,False,3.583333,91.166667,50.027778,38.170000
C000799,16,14,30,0.000693,1800,False,55.527778,82.222222,50.027778,53.220000
C000800,10,26,36,0.000252,1800,False,79.055556,1.444444,50.027778,33.180000
C000801,13,13,26,0.000551,1800,False,32.611111,56.833333,50.027778,36.310000
C000802,17,13,30,0.000575,1800,False,55.527778,62.444444,50.027778,46.290000
C000803,15,11,26,0.000639,1800,False,32.611111,74.888889,50.027778,42.630000
C000804,14,26,40,0.000559,1800,False,87.722222,58.222222,50.027778,56.080000
C000805,12,36,48,0.000397,1800,False,95.861111,19.277778,50.027778,45.300000
C000806,16,20,36,0.000364,1800,False,79.055556,12.444444,50.027778,37.030000
C000807,14,17,31,0.000632,1800,False,60.888889,73.611111,50.027778,52.080000
C000808,23,12,35,0.000858,1800,False,76.305556,94.388889,50.027778,64.750000
C000809,14,23,37,0.000360,1800,False,81.527778,11.944444,50.027778,37.720000
C000810,16,12,28,0.000768,1800,False,43.750000,89.500000,50.027778,51.640000
C000811,10,9,19,0.000254,1800,False,6.166667,1.555556,50.027778,7.710000
C000812,17,27,44,0.000596,1800,False,92.500000,66.888889,50.027778,60.790000
C000813,20,0,20,0.000842,1800,False,8.277778,93.555556,50.027778,40.640000
C000814,12,0,12,0.000404,1800,False,1.111111,21.166667,50.027778,12.800000
C000815,15,19,34,0.000370,1800,False,73.000000,13.888889,50.027778,35.410000
C000816,8,17,25,0.000258,1800,False,27.694444,1.611111,50.027778,15.260000
C000817,25,25,50,0.000651,1800,False,97.194444,76.888889,50.027778,65.930000
C000818,19,16,35,0.000725,1800,False,76.305556,85.444444,50.027778,61.620000
C000819,21,14,35,0.000617,1800,False,76.305556,71.111111,50.027778,56.600000
C000820,25,15,40,0.000847,1800,False,87.722222,93.888889,50.027778,68.570000
C000821,13,10,23,0.000575,1800,False,17.750000,62.333333,50.027778,33.030000
C000822,16,0,16,0.000477,1800,False,2.722222,39.277778,50.027778,19.700000
C000823,13,16,29,0.000475,1800,False,49.861111,38.888889,50.027778,36.070000
C000824,16,6,22,0.000907,1800,False,13.944444,96.277778,50.027778,43.580000
C000825,15,13,28,0.000446,1800,False,43.750000,30.000000,50.027778,30.820000
C000826,12,17,29,0.000295,1800,False,49.861111,4.388889,50.027778,23.990000
C000827,18,10,28,0.000622,1800,False,43.750000,72.277778,50.027778,45.610000
C000828,12,11,23,0.000439,1800,False,17.750000,28.444444,50.027778,21.170000
C000829,15,16,31,0.000425,1800,False,60.888889,25.388889,50.027778,35.200000
C000830,14,17,31,0.000573,1800,False,60.888889,61.944444,50.027778,47.990000
C000831,18,15,33,0.000614,1800,False,69.666667,70.388889,50.027778,54.020000
C000832,13,18,31,0.000379,1800,False,60.888889,15.722222,50.027778,31.820000
C000833,18,0,18,0.000541,1800,False,4.666667,54.277778,50.027778,25.630000
C000834,19,33,52,0.000673,1800,False,97.861111,79.777778,50.027778,67.180000
C000835,8,9,17,0.000325,1800,False,3.583333,7.000000,50.027778,8.710000
C000836,17,14,31,0.000505,1800,False,60.888889,46.111111,50.027778,42.450000
C000837,20,18,38,0.000662,1800,False,83.888889,78.333333,50.027778,61.780000
C000838,17,10,27,0.000632,1800,False,37.722222,73.500000,50.027778,43.930000
C000839,9,0,9,0.000528,1800,False,0.277778,51.111111,50.027778,22.990000
C000840,12,11,23,0.000344,1800,False,17.750000,9.166667,50.027778,14.420000
C000841,19,10,29,0.000587,1800,False,49.861111,64.500000,50.027778,45.030000
C000842,14,8,22,0.000529,1800,False,13.944444,51.388889,50.027778,27.870000
C000843,15,10,25,0.000368,1800,False,27.694444,13.500000,50.027778,19.420000
C000844,13,18,31,0.000458,1800,False,60.888889,33.555556,50.027778,38.060000
C000845,17,21,38,0.000620,1800,False,83.888889,71.833333,50.027778,59.510000
C000846,19,17,36,0.000473,1800,False,79.055556,38.388889,50.027778,46.110000
C000847,14,35,49,0.000796,1800,False,96.527778,91.888889,50.027778,70.950000
C000848,15,8,23,0.000552,1800,False,17.750000,57.055556,50.027778,31.180000
C000849,16,13,29,0.000722,1800,False,49.861111,85.166667,50.027778,52.260000
C000850,14,10,24,0.000550,1800,False,22.416667,56.444444,50.027778,32.600000
C000851,20,33,53,0.000725,1800,False,98.194444,85.500000,50.027778,69.300000
C000852,17,18,35,0.000544,1800,False,76.305556,55.166667,50.027778,51.020000
C000853,20,12,32,0.000509,1800,False,65.777778,46.888889,50.027778,44.440000
C000854,18,14,32,0.000621,1800,False,65.777778,72.000000,50.027778,53.220000
C000855,10,12,22,0.000405,1800,False,13.944444,21.444444,50.027778,17.390000
C000856,18,11,29,0.000624,1800,False,49.861111,72.555556,50.027778,47.850000
C000857,11,23,34,0.000576,1800,False,73.000000,62.666667,50.027778,52.490000
C000858,15,9,24,0.000576,1800,False,22.416667,62.555556,50.027778,34.740000
C000859,15,37,52,0.000498,1800,False,97.861111,44.333333,50.027778,54.770000
C000860,11,13,24,0.000373,1800,False,22.416667,14.388889,50.027778,17.880000
C000861,19,16,35,0.000499,1800,False,76.305556,44.444444,50.027778,47.270000
C000862,18,14,32,0.000472,1800,False,65.777778,38.055556,50.027778,41.340000
C000863,14,10,24,0.000510,1800,False,22.416667,47.111111,50.027778,29.340000
C000864,8,14,22,0.000482,1800,False,13.944444,40.444444,50.027778,24.040000
C000865,17,13,30,0.000933,1800,False,55.527778,97.000000,50.027778,58.390000
C000866,11,17,28,0.000474,1800,False,43.750000,38.500000,50.027778,33.790000
C000867,13,8,21,0.000395,1800,False,10.777778,18.833333,50.027778,15.370000
C000868,10,10,20,0.000488,1800,False,8.277778,41.722222,50.027778,22.500000
C000869,18,15,33,0.000634,1800,False,69.666667,74.222222,50.027778,55.360000
C000870,9,12,21,0.000371,1800,False,10.777778,14.000000,50.027778,13.680000
C000871,17,24,41,0.000815,1800,False,89.222222,92.722222,50.027778,68.680000
C000872,10,10,20,0.000568,1800,False,8.277778,60.388889,50.027778,29.040000
C000873,16,15,31,0.000836,1800,True,60.888889,93.500000,50.027778,79.040000
C000874,15,11,26,0.000591,1800,False,32.611111,65.666667,50.027778,39.400000
C000875,14,14,28,0.000538,1800,False,43.750000,53.444444,50.027778,39.020000
C000876,20,0,20,0.000693,1800,False,8.277778,82.166667,50.027778,36.660000
C000877,14,9,23,0.000389,1800,False,17.750000,17.777778,50.027778,17.440000
C000878,15,31,46,0.000781,1800,False,94.138889,90.944444,50.027778,69.780000
C000879,13,17,30,0.000598,1800,False,55.527778,67.166667,50.027778,47.950000
C000880,15,19,34,0.000457,1800,False,73.000000,33.222222,50.027778,42.180000
C000881,8,12,20,0.000227,1800,False,8.277778,0.444444,50.027778,8.060000
C000882,23,25,48,0.000599,1800,False,95.861111,67.500000,50.027778,62.180000
C000883,15,21,36,0.000454,1800,False,79.055556,32.500000,50.027778,44.050000
C000884,18,14,32,0.000585,1800,False,65.777778,64.111111,50.027778,50.460000
C000885,16,7,23,0.001035,1800,False,17.750000,97.777778,50.027778,45.440000
C000886,12,14,26,0.000641,1800,False,32.611111,75.277778,50.027778,42.760000
C000887,25,9,34,0.000883,1800,False,73.000000,95.166667,50.027778,63.860000
C000888,9,16,25,0.000321,1800,False,27.694444,6.555556,50.027778,16.990000
C000889,20,28,48,0.000676,1800,False,95.861111,80.277778,50.027778,66.650000
C000890,17,12,29,0.000658,1800,False,49.861111,77.944444,50.027778,49.730000
C000891,15,24,39,0.000566,1800,False,85.972222,60.055556,50.027778,56.110000
C000892,18,15,33,0.000579,1800,False,69.666667,63.000000,50.027778,51.440000
C000893,14,18,32,0.000546,1800,False,65.777778,55.611111,50.027778,47.490000
C000894,16,13,29,0.002135,1800,True,49.861111,99.777778,50.027778,77.380000
C000895,13,15,28,0.000727,1800,False,43.750000,85.666667,50.027778,50.300000
C000896,12,10,22,0.000490,1800,False,13.944444,42.166667,50.027778,24.640000
C000897,13,12,25,0.000513,1800,False,27.694444,47.944444,50.027778,31.480000
C000898,17,12,29,0.000743,1800,False,49.861111,87.055556,50.027778,52.920000
C000899,18,13,31,0.000716,1800,False,60.888889,84.666667,50.027778,55.950000
C000900,21,27,48,0.000638,1800,False,95.861111,74.666667,50.027778,64.690000
C000901,14,7,21,0.000528,1800,False,10.777778,51.277778,50.027778,26.720000
C000902,24,13,37,0.000981,1800,False,81.527778,97.500000,50.027778,67.660000
C000903,9,12,21,0.000399,1800,False,10.777778,19.611111,50.027778,15.640000
C000904,11,0,11,0.000531,1800,False,0.722222,51.722222,50.027778,23.360000
C000905,21,12,33,0.000723,1800,False,69.666667,85.277778,50.027778,59.230000
C000906,12,34,46,0.000485,1800,False,94.138889,40.888889,50.027778,52.260000
C000907,12,15,27,0.000565,1800,False,37.722222,59.833333,50.027778,39.150000
C000908,15,14,29,0.000730,1800,False,49.861111,85.888889,50.027778,52.520000
C000909,13,8,21,0.000527,1800,False,10.777778,51.055556,50.027778,26.640000
C000910,13,21,34,0.000367,1800,False,73.000000,13.333333,50.027778,35.220000
C000911,18,13,31,0.000804,1800,False,60.888889,92.388889,50.027778,58.650000
C000912,21,15,36,0.000774,1800,False,79.055556,90.055556,50.027778,64.190000
C000913,19,13,32,0.000478,1800,False,65.777778,39.444444,50.027778,41.830000
C000914,10,15,25,0.000480,1800,False,27.694444,40.000000,50.027778,28.700000
C000915,24,11,35,0.001084,1800,False,76.305556,98.444444,50.027778,66.170000
C000916,18,12,30,0.000719,1800,False,55.527778,84.888889,50.027778,54.150000
C000917,15,11,26,0.000879,1800,False,32.611111,95.000000,50.027778,49.670000
C000918,11,9,20,0.000392,1800,False,8.277778,18.333333,50.027778,14.320000
C000919,22,15,37,0.000696,1800,False,81.527778,82.555556,50.027778,62.430000
C000920,14,10,24,0.000404,1800,False,22.416667,21.000000,50.027778,20.200000
C000921,10,9,19,0.000307,1800,False,6.166667,5.500000,50.027778,9.090000
C000922,9,11,20,0.000383,1800,False,8.277778,16.555556,50.027778,13.690000
C000923,9,20,29,0.000273,1800,False,49.861111,2.611111,50.027778,23.370000
C000924,13,17,30,0.000442,1800,False,55.527778,29.222222,50.027778,34.670000
C000925,17,12,29,0.000494,1800,False,49.861111,43.333333,50.027778,37.620000
C000926,12,30,42,0.000372,1800,False,90.694444,14.222222,50.027778,41.720000
C000927,17,14,31,0.000773,1800,False,60.888889,89.944444,50.027778,57.790000
C000928,13,14,27,0.000353,1800,False,37.722222,10.611111,50.027778,21.920000
C000929,12,6,18,0.000336,1800,False,4.666667,8.111111,50.027778,9.480000
C000930,13,19,32,0.000359,1800,False,65.777778,11.666667,50.027778,32.110000
C000931,11,26,37,0.000334,1800,False,81.527778,7.833333,50.027778,36.280000
C000932,14,20,34,0.000680,1800,False,73.000000,80.555556,50.027778,58.750000
C000933,22,11,33,0.000699,1800,False,69.666667,82.777778,50.027778,58.360000
C000934,17,31,48,0.000446,1800,False,95.861111,30.111111,50.027778,49.090000
C000935,21,17,38,0.000775,1800,False,83.888889,90.333333,50.027778,65.980000
C000936,18,24,42,0.000568,1800,False,90.694444,60.555556,50.027778,57.940000
C000937,13,24,37,0.000471,1800,False,81.527778,37.333333,50.027778,46.600000
C000938,14,18,32,0.000561,1800,False,65.777778,59.055556,50.027778,48.690000
C000939,18,13,31,0.000735,1800,False,60.888889,86.388889,50.027778,56.550000
C000940,16,17,33,0.000570,1800,False,69.666667,61.055556,50.027778,50.760000
C000941,21,23,44,0.000613,1800,False,92.500000,70.166667,50.027778,61.940000
C000942,12,21,33,0.000700,1800,False,69.666667,82.833333,50.027778,58.380000
C000943,14,11,25,0.000487,1800,False,27.694444,41.222222,50.027778,29.120000
C000944,17,21,38,0.000549,1800,False,83.888889,56.222222,50.027778,54.040000
C000945,22,11,33,0.000848,1800,False,69.666667,94.000000,50.027778,62.290000
C000946,9,28,37,0.000266,1800,False,81.527778,2.166667,50.027778,34.300000
C000947,9,16,25,0.000354,1800,False,27.694444,10.833333,50.027778,18.490000
C000948,15,12,27,0.000458,1800,False,37.722222,33.833333,50.027778,30.050000
C000949,15,15,30,0.000588,1800,False,55.527778,64.666667,50.027778,47.070000
C000950,15,12,27,0.000449,1800,False,37.722222,31.111111,50.027778,29.090000
C000951,15,11,26,0.000525,1800,False,32.611111,50.555556,50.027778,34.110000
C000952,11,19,30,0.000500,1800,False,55.527778,44.777778,50.027778,40.110000
C000953,14,11,25,0.000355,1800,False,27.694444,11.000000,50.027778,18.550000
C000954,17,18,35,0.000550,1800,False,76.305556,56.555556,50.027778,51.500000
C000955,14,10,24,0.000401,1800,False,22.416667,20.388889,50.027778,19.980000
C000956,18,0,18,0.000873,1800,False,4.666667,94.722222,50.027778,39.790000
C000957,15,17,32,0.000611,1800,False,65.777778,69.555556,50.027778,52.370000
C000958,19,17,36,0.000744,1800,False,79.055556,87.333333,50.027778,63.240000
C000959,8,18,26,0.000367,1800,False,32.611111,13.277778,50.027778,21.060000
C000960,18,19,37,0.000472,1800,False,81.527778,37.777778,50.027778,46.760000
C000961,20,26,46,0.000534,1800,False,94.138889,52.555556,50.027778,56.350000
C000962,14,29,43,0.000517,1800,False,91.777778,48.722222,50.027778,54.180000
C000963,16,14,30,0.000390,1800,False,55.527778,17.888889,50.027778,30.700000
C000964,12,17,29,0.000404,1800,False,49.861111,21.222222,50.027778,29.880000
C000965,16,13,29,0.001307,1800,True,49.861111,98.611111,50.027778,76.970000
C000966,18,14,32,0.000521,1800,False,65.777778,49.277778,50.027778,45.270000
C000967,15,18,33,0.000386,1800,False,69.666667,17.222222,50.027778,35.410000
C000968,10,13,23,0.000353,1800,False,17.750000,10.555556,50.027778,14.910000
C000969,12,15,27,0.000401,1800,False,37.722222,20.277778,50.027778,25.300000
C000970,21,14,35,0.001041,1800,False,76.305556,97.944444,50.027778,65.990000
C000971,18,10,28,0.000445,1800,False,43.750000,29.944444,50.027778,30.800000
C000972,16,8,24,0.000554,1800,False,22.416667,57.500000,50.027778,32.970000
C000973,12,22,34,0.000474,1800,False,73.000000,38.666667,50.027778,44.090000
C000974,19,0,19,0.000538,1800,False,6.166667,53.277778,50.027778,25.810000
C000975,13,17,30,0.000442,1800,False,55.527778,29.388889,50.027778,34.720000
C000976,13,25,38,0.000386,1800,False,83.888889,17.277778,50.027778,40.410000
C000977,23,9,32,0.000634,1800,False,65.777778,74.111111,50.027778,53.960000
C000978,15,33,48,0.000380,1800,False,95.861111,16.222222,50.027778,44.230000
C000979,21,0,21,0.000615,1800,False,10.777778,70.833333,50.027778,33.570000
C000980,17,13,30,0.000569,1800,False,55.527778,60.666667,50.027778,45.670000
C000981,13,8,21,0.000549,1800,False,10.777778,56.333333,50.027778,28.490000
C000982,16,7,23,0.000446,1800,False,17.750000,30.166667,50.027778,21.770000
C000983,15,17,32,0.000452,1800,False,65.777778,31.777778,50.027778,39.150000
C000984,11,20,31,0.000266,1800,False,60.888889,2.055556,50.027778,27.030000
C000985,11,13,24,0.000338,1800,False,22.416667,8.388889,50.027778,15.780000
C000986,16,33,49,0.000480,1800,False,96.527778,39.944444,50.027778,52.770000
C000987,8,0,8,0.000397,1800,False,0.138889,19.222222,50.027778,11.780000
C000988,9,17,26,0.000395,1800,False,32.611111,18.777778,50.027778,22.990000
C000989,18,9,27,0.000633,1800,False,37.722222,73.777778,50.027778,44.030000
C000990,18,15,33,0.001082,1800,False,69.666667,98.388889,50.027778,63.820000
C000991,12,22,34,0.000409,1800,False,73.000000,22.166667,50.027778,38.310000
C000992,17,9,26,0.000569,1800,False,32.611111,60.777778,50.027778,37.690000
C000993,15,18,33,0.000543,1800,False,69.666667,54.833333,50.027778,48.580000
C000994,17,12,29,0.000432,1800,False,49.861111,26.888889,50.027778,31.870000
C000995,16,10,26,0.000407,1800,False,32.611111,21.833333,50.027778,24.060000
C000996,15,0,15,0.000581,1800,False,2.194444,63.333333,50.027778,27.940000
C000997,13,10,23,0.000406,1800,False,17.750000,21.777778,50.027778,18.840000
C000998,11,30,41,0.000392,1800,False,89.222222,18.277778,50.027778,42.630000
C000999,15,15,30,0.000573,1800,False,55.527778,62.000000,50.027778,46.140000
C001000,20,8,28,0.000530,1800,False,43.750000,51.611111,50.027778,38.380000
C001001,25,32,57,0.000713,1800,False,98.916667,84.444444,50.027778,69.180000
C001002,18,0,18,0.000730,1800,False,4.666667,85.833333,50.027778,36.680000
C001003,17,16,33,0.000467,1800,False,69.666667,35.944444,50.027778,41.970000
C001004,16,12,28,0.000465,1800,False,43.750000,35.277778,50.027778,32.660000
C001005,10,13,23,0.000721,1800,False,17.750000,85.111111,50.027778,41.000000
C001006,12,22,34,0.000439,1800,False,73.000000,28.611111,50.027778,40.570000
C001007,16,8,24,0.000436,1800,False,22.416667,28.000000,50.027778,22.650000
C001008,18,13,31,0.000449,1800,False,60.888889,30.833333,50.027778,37.110000
C001009,17,33,50,0.000593,1800,False,97.194444,66.166667,50.027778,62.180000
C001010,18,24,42,0.000779,1800,False,90.694444,90.777778,50.027778,68.520000
C001011,18,13,31,0.000794,1800,False,60.888889,91.777778,50.027778,58.440000
C001012,10,15,25,0.000428,1800,False,27.694444,26.277778,50.027778,23.890000
C001013,10,10,20,0.000514,1800,False,8.277778,48.222222,50.027778,24.780000
C001014,18,11,29,0.000550,1800,False,49.861111,56.777778,50.027778,42.330000
C001015,23,16,39,0.000543,1800,False,85.972222,54.944444,50.027778,54.320000
C001016,16,19,35,0.001832,1800,True,76.305556,99.611111,50.027778,86.570000
C001017,17,14,31,0.000365,1800,False,60.888889,12.555556,50.027778,30.710000
C001018,14,11,25,0.000562,1800,False,27.694444,59.333333,50.027778,35.460000
C001019,12,20,32,0.000416,1800,False,65.777778,23.333333,50.027778,36.190000
C001020,11,9,20,0.000406,1800,False,8.277778,21.722222,50.027778,15.500000
C001021,14,15,29,0.000473,1800,False,49.861111,38.444444,50.027778,35.910000
C001022,16,20,36,0.000520,1800,False,79.055556,49.166667,50.027778,49.880000
C001023,17,7,24,0.000521,1800,False,22.416667,49.333333,50.027778,30.120000
C001024,12,14,26,0.000465,1800,False,32.611111,35.222222,50.027778,28.740000
C001025,15,8,23,0.000706,1800,False,17.750000,83.666667,50.027778,40.500000
C001026,16,0,16,0.000511,1800,False,2.722222,47.222222,50.027778,22.480000
C001027,14,24,38,0.000470,1800,False,83.888889,36.888889,50.027778,47.280000
C001028,20,9,29,0.000529,1800,False,49.861111,51.333333,50.027778,40.420000
C001029,19,11,30,0.000614,1800,False,55.527778,70.555556,50.027778,49.130000
C001030,15,10,25,0.000587,1800,False,27.694444,64.333333,50.027778,37.210000
C001031,17,17,34,0.000424,1800,False,73.000000,25.166667,50.027778,39.360000
C001032,15,14,29,0.000370,1800,False,49.861111,13.777778,50.027778,27.280000
C001033,13,9,22,0.000349,1800,False,13.944444,9.833333,50.027778,13.320000
C001034,16,21,37,0.000734,1800,False,81.527778,86.277778,50.027778,63.730000
C001035,13,21,34,0.000643,1800,False,73.000000,75.500000,50.027778,56.980000
C001036,14,9,23,0.000404,1800,False,17.750000,21.111111,50.027778,18.600000
C001037,15,32,47,0.000921,1800,False,95.055556,96.722222,50.027778,72.120000
C001038,8,31,39,0.000420,1800,False,85.972222,24.333333,50.027778,43.610000
C001039,12,11,23,0.000377,1800,False,17.750000,15.166667,50.027778,16.520000
C001040,11,18,29,0.000392,1800,False,49.861111,18.166667,50.027778,28.810000
C001041,23,11,34,0.000706,1800,False,73.000000,83.611111,50.027778,59.820000
C001042,15,13,28,0.000681,1800,False,43.750000,80.666667,50.027778,48.550000
C001043,18,8,26,0.000432,1800,False,32.611111,27.000000,50.027778,25.870000
C001044,26,40,66,0.000793,1800,False,99.777778,91.722222,50.027778,72.030000
C001045,19,11,30,0.000463,1800,False,55.527778,34.666667,50.027778,36.570000
C001046,13,28,41,0.000673,1800,False,89.222222,79.833333,50.027778,64.170000
C001047,20,11,31,0.000585,1800,False,60.888889,64.166667,50.027778,48.770000
C001048,12,8,20,0.000457,1800,False,8.277778,33.166667,50.027778,19.510000
C001049,17,20,37,0.000540,1800,False,81.527778,54.111111,50.027778,52.480000
C001050,16,8,24,0.000478,1800,False,22.416667,39.333333,50.027778,26.620000
C001051,22,6,28,0.000597,1800,False,43.750000,66.944444,50.027778,43.750000
C001052,15,11,26,0.000386,1800,False,32.611111,17.166667,50.027778,22.430000
C001053,22,9,31,0.000776,1800,False,60.888889,90.388889,50.027778,57.950000
C001054,20,7,27,0.000797,1800,False,37.722222,92.000000,50.027778,50.410000
C001055,16,0,16,0.000471,1800,False,2.722222,37.277778,50.027778,19.000000
C001056,9,10,19,0.000309,1800,False,6.166667,5.611111,50.027778,9.120000
C001057,20,7,27,0.000550,1800,False,37.722222,56.388889,50.027778,37.940000
C001058,22,0,22,0.000772,1800,False,13.944444,89.777778,50.027778,41.310000
C001059,23,14,37,0.000868,1800,False,81.527778,94.611111,50.027778,66.650000
C001060,14,13,27,0.000593,1800,False,37.722222,66.111111,50.027778,41.340000
C001061,13,10,23,0.000477,1800,False,17.750000,39.222222,50.027778,24.940000
C001062,14,10,24,0.000426,1800,False,22.416667,25.611111,50.027778,21.810000
C001063,22,13,35,0.000674,1800,False,76.305556,80.055556,50.027778,59.730000
C001064,15,10,25,0.000496,1800,False,27.694444,43.666667,50.027778,29.980000
C001065,15,16,31,0.000689,1800,False,60.888889,81.722222,50.027778,54.920000
C001066,18,8,26,0.000441,1800,False,32.611111,29.000000,50.027778,26.570000
C001067,10,22,32,0.000234,1800,False,65.777778,0.666667,50.027778,28.260000
C001068,18,10,28,0.000919,1800,False,43.750000,96.611111,50.027778,54.130000
C001069,21,0,21,0.000620,1800,False,10.777778,71.888889,50.027778,33.940000
C001070,21,9,30,0.000572,1800,False,55.527778,61.722222,50.027778,46.040000
C001071,14,10,24,0.000600,1800,False,22.416667,67.666667,50.027778,36.530000
C001072,13,14,27,0.000459,1800,False,37.722222,33.888889,50.027778,30.070000
C001073,14,16,30,0.000492,1800,False,55.527778,42.722222,50.027778,39.390000
C001074,15,16,31,0.000570,1800,False,60.888889,60.833333,50.027778,47.610000
C001075,19,0,19,0.000473,1800,False,6.166667,38.111111,50.027778,20.500000
C001076,22,9,31,0.000735,1800,False,60.888889,86.444444,50.027778,56.570000
C001077,13,12,25,0.000598,1800,False,27.694444,67.277778,50.027778,38.240000
C001078,10,8,18,0.000514,1800,False,4.666667,48.277778,50.027778,23.530000
C001079,13,16,29,0.000640,1800,False,49.861111,75.111111,50.027778,48.740000
C001080,11,11,22,0.000379,1800,False,13.944444,15.666667,50.027778,15.370000
C001081,14,17,31,0.000499,1800,False,60.888889,44.500000,50.027778,41.890000
C001082,19,17,36,0.000545,1800,False,79.055556,55.333333,50.027778,52.040000
C001083,12,24,36,0.000365,1800,False,79.055556,12.611111,50.027778,37.090000
C001084,19,0,19,0.000666,1800,False,6.166667,79.055556,50.027778,34.830000
C001085,9,15,24,0.000380,1800,False,22.416667,16.000000,50.027778,18.450000
C001086,17,16,33,0.000721,1800,False,69.666667,85.055556,50.027778,59.160000
C001087,16,17,33,0.000451,1800,False,69.666667,31.611111,50.027778,40.450000
C001088,13,15,28,0.000364,1800,False,43.750000,12.500000,50.027778,24.690000
C001089,16,11,27,0.000666,1800,False,37.722222,79.166667,50.027778,45.910000
C001090,8,22,30,0.000305,1800,False,55.527778,5.222222,50.027778,26.270000
C001091,17,9,26,0.000527,1800,False,32.611111,50.944444,50.027778,34.250000
C001092,15,13,28,0.000492,1800,False,43.750000,42.777778,50.027778,35.290000
C001093,18,17,35,0.000475,1800,False,76.305556,38.722222,50.027778,45.260000
C001094,10,21,31,0.000399,1800,False,60.888889,19.777778,50.027778,33.240000
C001095,10,24,34,0.000457,1800,False,73.000000,33.333333,50.027778,42.220000
C001096,10,14,24,0.000300,1800,False,22.416667,5.000000,50.027778,14.600000
C001097,8,9,17,0.000350,1800,False,3.583333,9.888889,50.027778,9.720000
C001098,20,15,35,0.000512,1800,False,76.305556,47.555556,50.027778,48.350000
C001099,17,10,27,0.000461,1800,False,37.722222,34.277778,50.027778,30.200000
C001100,10,12,22,0.000399,1800,False,13.944444,19.944444,50.027778,16.860000
C001101,17,26,43,0.000638,1800,False,91.777778,74.611111,50.027778,63.240000
C001102,15,10,25,0.000408,1800,False,27.694444,22.055556,50.027778,22.420000
C001103,16,26,42,0.000590,1800,False,90.694444,65.555556,50.027778,59.690000
C001104,14,14,28,0.000688,1800,False,43.750000,81.555556,50.027778,48.860000
C001105,17,14,31,0.002393,1800,True,60.888889,100.000000,50.027778,81.310000
C001106,13,11,24,0.000418,1800,False,22.416667,23.611111,50.027778,21.110000
C001107,11,13,24,0.000543,1800,False,22.416667,54.722222,50.027778,32.000000
C001108,13,31,44,0.000378,1800,False,92.500000,15.500000,50.027778,42.800000
C001109,18,5,23,0.000744,1800,False,17.750000,87.277778,50.027778,41.760000
C001110,16,14,30,0.000498,1800,False,55.527778,44.111111,50.027778,39.880000
C001111,14,7,21,0.000379,1800,False,10.777778,15.944444,50.027778,14.360000
C001112,10,8,18,0.000226,1800,False,4.666667,0.388889,50.027778,6.770000
C001113,11,0,11,0.000445,1800,False,0.722222,29.888889,50.027778,15.720000
C001114,12,20,32,0.000539,1800,False,65.777778,54.000000,50.027778,46.920000
C001115,21,11,32,0.000779,1800,False,65.777778,90.833333,50.027778,59.820000
C001116,20,0,20,0.000748,1800,False,8.277778,87.666667,50.027778,38.580000
C001117,18,10,28,0.000590,1800,False,43.750000,65.277778,50.027778,43.160000
C001118,14,16,30,0.000606,1800,False,55.527778,68.833333,50.027778,48.530000
C001119,11,24,35,0.000363,1800,False,76.305556,12.333333,50.027778,36.030000
C001120,20,13,33,0.000705,1800,False,69.666667,83.333333,50.027778,58.550000
C001121,16,6,22,0.000408,1800,False,13.944444,22.111111,50.027778,17.620000
C001122,15,27,42,0.000685,1800,False,90.694444,81.222222,50.027778,65.170000
C001123,20,14,34,0.000894,1800,False,73.000000,95.444444,50.027778,63.960000
C001124,20,8,28,0.000918,1800,False,43.750000,96.500000,50.027778,54.090000
C001125,13,18,31,0.000486,1800,False,60.888889,41.166667,50.027778,40.720000
C001126,11,0,11,0.000323,1800,False,0.722222,6.666667,50.027778,7.590000
C001127,19,10,29,0.001065,1800,False,49.861111,98.166667,50.027778,56.810000
C001128,11,16,27,0.000345,1800,False,37.722222,9.444444,50.027778,21.510000
C001129,13,11,24,0.000486,1800,False,22.416667,40.944444,50.027778,27.180000
C001130,13,15,28,0.000742,1800,False,43.750000,87.000000,50.027778,50.770000
C001131,10,23,33,0.000353,1800,False,69.666667,10.666667,50.027778,33.120000
C001132,14,18,32,0.000429,1800,False,65.777778,26.444444,50.027778,37.280000
C001133,19,10,29,0.000715,1800,False,49.861111,84.555556,50.027778,52.050000
C001134,23,13,36,0.000669,1800,False,79.055556,79.444444,50.027778,60.480000
C001135,12,19,31,0.000731,1800,False,60.888889,86.055556,50.027778,56.430000
C001136,19,6,25,0.000488,1800,False,27.694444,41.555556,50.027778,29.240000
C001137,12,15,27,0.000369,1800,False,37.722222,13.722222,50.027778,23.010000
C001138,11,12,23,0.000456,1800,False,17.750000,32.944444,50.027778,22.750000
C001139,20,22,42,0.000585,1800,False,90.694444,64.000000,50.027778,59.150000
C001140,17,10,27,0.000607,1800,False,37.722222,68.944444,50.027778,42.340000
C001141,14,16,30,0.000378,1800,False,55.527778,15.611111,50.027778,29.900000
C001142,11,14,25,0.000396,1800,False,27.694444,19.000000,50.027778,21.350000
C001143,9,25,34,0.000290,1800,False,73.000000,3.722222,50.027778,31.860000
C001144,16,14,30,0.000510,1800,False,55.527778,47.166667,50.027778,40.950000
C001145,12,12,24,0.000338,1800,False,22.416667,8.444444,50.027778,15.800000
C001146,18,0,18,0.000675,1800,False,4.666667,80.111111,50.027778,34.670000
C001147,8,16,24,0.000261,1800,False,22.416667,1.777778,50.027778,13.470000
C001148,14,11,25,0.000654,1800,False,27.694444,77.388889,50.027778,41.780000
C001149,13,12,25,0.000856,1800,False,27.694444,94.277778,50.027778,47.690000
C001150,17,14,31,0.000622,1800,False,60.888889,72.166667,50.027778,51.570000
C001151,22,31,53,0.000601,1800,False,98.194444,67.944444,50.027778,63.150000
C001152,17,22,39,0.001577,1800,True,85.972222,99.000000,50.027778,89.740000
C001153,11,13,24,0.000238,1800,False,22.416667,0.833333,50.027778,13.140000
C001154,19,10,29,0.000605,1800,False,49.861111,68.611111,50.027778,46.470000
C001155,10,17,27,0.000344,1800,False,37.722222,9.277778,50.027778,21.450000
C001156,9,9,18,0.000268,1800,False,4.666667,2.388889,50.027778,7.470000
C001157,19,8,27,0.000523,1800,False,37.722222,49.611111,50.027778,35.570000
C001158,7,30,37,0.000267,1800,False,81.527778,2.333333,50.027778,34.350000
C001159,13,11,24,0.000361,1800,False,22.416667,12.055556,50.027778,17.070000
C001160,13,12,25,0.000324,1800,False,27.694444,6.833333,50.027778,17.090000
C001161,15,6,21,0.000490,1800,False,10.777778,42.055556,50.027778,23.490000
C001162,15,26,41,0.000746,1800,False,89.222222,87.444444,50.027778,66.840000
C001163,17,11,28,0.000514,1800,False,43.750000,48.111111,50.027778,37.150000
C001164,16,29,45,0.000622,1800,False,93.277778,72.055556,50.027778,62.870000
C001165,10,12,22,0.000342,1800,False,13.944444,8.888889,50.027778,12.990000
C001166,15,15,30,0.000337,1800,False,55.527778,8.166667,50.027778,27.300000
C001167,13,12,25,0.000521,1800,False,27.694444,49.388889,50.027778,31.980000
C001168,14,11,25,0.000458,1800,False,27.694444,33.444444,50.027778,26.400000
C001169,18,13,31,0.000656,1800,False,60.888889,77.722222,50.027778,53.520000
C001170,16,9,25,0.000618,1800,False,27.694444,71.388889,50.027778,39.680000
C001171,11,9,20,0.000567,1800,False,8.277778,60.166667,50.027778,28.960000
C001172,20,45,65,0.000422,1800,False,99.694444,24.666667,50.027778,48.530000
C001173,12,19,31,0.000377,1800,False,60.888889,15.277778,50.027778,31.660000
C001174,16,11,27,0.000904,1800,False,37.722222,95.944444,50.027778,51.790000
C001175,17,10,27,0.000617,1800,False,37.722222,71.055556,50.027778,43.080000
C001176,16,0,16,0.000362,1800,False,2.722222,12.277778,50.027778,10.250000
C001177,13,15,28,0.000697,1800,False,43.750000,82.611111,50.027778,49.230000
C001178,10,25,35,0.000371,1800,False,76.305556,13.944444,50.027778,36.590000
C001179,15,12,27,0.000615,1800,False,37.722222,70.777778,50.027778,42.980000
C001180,15,1,16,0.001731,1800,True,2.722222,99.388889,50.027778,60.740000
C001181,10,28,38,0.000616,1800,False,83.888889,70.888889,50.027778,59.180000
C001182,13,11,24,0.000468,1800,False,22.416667,36.166667,50.027778,25.510000
C001183,11,18,29,0.000451,1800,False,49.861111,31.555556,50.027778,33.500000
C001184,9,13,22,0.000295,1800,False,13.944444,4.444444,50.027778,11.440000
C001185,14,16,30,0.000597,1800,False,55.527778,67.000000,50.027778,47.890000
C001186,25,25,50,0.000826,1800,False,97.194444,92.944444,50.027778,71.550000
C001187,19,0,19,0.000906,1800,False,6.166667,96.166667,50.027778,40.820000
C001188,17,31,48,0.000514,1800,False,95.861111,48.055556,50.027778,55.370000
C001189,14,12,26,0.000427,1800,False,32.611111,25.722222,50.027778,25.420000
C001190,9,15,24,0.000295,1800,False,22.416667,4.333333,50.027778,14.370000
C001191,14,9,23,0.000875,1800,False,17.750000,94.833333,50.027778,44.410000
C001192,14,14,28,0.000464,1800,False,43.750000,35.055556,50.027778,32.580000
C001193,15,18,33,0.000594,1800,False,69.666667,66.333333,50.027778,52.600000
C001194,20,17,37,0.000603,1800,False,81.527778,68.000000,50.027778,57.340000
C001195,19,13,32,0.000876,1800,False,65.777778,94.888889,50.027778,61.240000
C001196,7,19,26,0.000690,1800,False,32.611111,81.944444,50.027778,45.100000
C001197,9,15,24,0.000375,1800,False,22.416667,14.777778,50.027778,18.020000
C001198,17,40,57,0.000428,1800,False,98.916667,26.111111,50.027778,48.760000
C001199,14,23,37,0.000560,1800,False,81.527778,58.833333,50.027778,54.130000
C001200,22,13,35,0.000757,1800,False,76.305556,88.555556,50.027778,62.700000
C001201,14,11,25,0.000430,1800,False,27.694444,26.500000,50.027778,23.970000
C001202,17,17,34,0.000800,1800,False,73.000000,92.166667,50.027778,62.810000
C001203,17,15,32,0.000424,1800,False,65.777778,25.277778,50.027778,36.870000
C001204,16,9,25,0.000427,1800,False,27.694444,25.944444,50.027778,23.780000
C001205,16,12,28,0.000682,1800,False,43.750000,80.833333,50.027778,48.610000
C001206,18,10,28,0.000550,1800,False,43.750000,56.722222,50.027778,40.170000
C001207,13,16,29,0.000468,1800,False,49.861111,36.555556,50.027778,35.250000
C001208,17,29,46,0.000651,1800,False,94.138889,76.833333,50.027778,64.840000
C001209,23,0,23,0.000498,1800,False,17.750000,44.388889,50.027778,26.750000
C001210,14,24,38,0.000562,1800,False,83.888889,59.388889,50.027778,55.150000
C001211,10,11,21,0.000290,1800,False,10.777778,3.666667,50.027778,10.060000
C001212,12,11,23,0.000435,1800,False,17.750000,27.611111,50.027778,20.880000
C001213,17,9,26,0.000499,1800,False,32.611111,44.555556,50.027778,32.010000
C001214,17,12,29,0.000644,1800,False,49.861111,75.777778,50.027778,48.980000
C001215,14,31,45,0.000528,1800,False,93.277778,51.166667,50.027778,55.560000
C001216,15,46,61,0.001846,1800,True,99.333333,99.666667,50.027778,94.650000
C001217,19,22,41,0.000744,1800,False,89.222222,87.166667,50.027778,66.740000
C001218,15,13,28,0.001363,1800,True,43.750000,98.833333,50.027778,74.910000
C001219,20,11,31,0.000710,1800,False,60.888889,84.055556,50.027778,55.730000
C001220,20,19,39,0.000578,1800,False,85.972222,62.888889,50.027778,57.100000
C001221,13,37,50,0.000516,1800,False,97.194444,48.611111,50.027778,56.030000
C001222,12,15,27,0.000399,1800,False,37.722222,19.666667,50.027778,25.090000
C001223,15,19,34,0.000525,1800,False,73.000000,50.388889,50.027778,48.190000
C001224,19,21,40,0.000831,1800,False,87.722222,93.333333,50.027778,68.370000
C001225,16,16,32,0.000471,1800,False,65.777778,37.500000,50.027778,41.150000
C001226,15,8,23,0.000654,1800,False,17.750000,77.333333,50.027778,38.280000
C001227,16,9,25,0.000580,1800,False,27.694444,63.222222,50.027778,36.820000
C001228,10,13,23,0.000494,1800,False,17.750000,43.444444,50.027778,26.420000
C001229,16,23,39,0.000705,1800,False,85.972222,83.444444,50.027778,64.300000
C001230,18,20,38,0.000459,1800,False,83.888889,34.055556,50.027778,46.280000
C001231,10,8,18,0.000711,1800,False,4.666667,84.222222,50.027778,36.110000
C001232,20,20,40,0.000828,1800,False,87.722222,93.055556,50.027778,68.280000
C001233,18,15,33,0.000659,1800,False,69.666667,78.055556,50.027778,56.710000
C001234,14,15,29,0.000618,1800,False,49.861111,71.277778,50.027778,47.400000
C001235,14,24,38,0.000472,1800,False,83.888889,37.666667,50.027778,47.550000
C001236,17,16,33,0.000626,1800,False,69.666667,72.888889,50.027778,54.900000
C001237,14,11,25,0.000574,1800,False,27.694444,62.222222,50.027778,36.470000
C001238,10,9,19,0.000267,1800,False,6.166667,2.277778,50.027778,7.960000
C001239,9,11,20,0.000338,1800,False,8.277778,8.555556,50.027778,10.890000
C001240,15,12,27,0.000599,1800,False,37.722222,67.444444,50.027778,41.810000
C001241,17,14,31,0.000662,1800,False,60.888889,78.388889,50.027778,53.750000
C001242,8,11,19,0.000337,1800,False,6.166667,8.222222,50.027778,10.040000
C001243,18,14,32,0.000846,1800,False,65.777778,93.777778,50.027778,60.850000
C001244,16,11,27,0.000663,1800,False,37.722222,78.722222,50.027778,45.760000
C001245,14,28,42,0.000518,1800,False,90.694444,48.833333,50.027778,53.840000
C001246,8,13,21,0.000280,1800,False,10.777778,2.944444,50.027778,9.810000
C001247,11,9,20,0.000427,1800,False,8.277778,25.777778,50.027778,16.920000
C001248,17,12,29,0.000652,1800,False,49.861111,77.055556,50.027778,49.420000
C001249,13,13,26,0.000417,1800,False,32.611111,23.444444,50.027778,24.620000
C001250,14,6,20,0.000530,1800,False,8.277778,51.555556,50.027778,25.940000
C001251,16,18,34,0.000435,1800,False,73.000000,27.666667,50.027778,40.240000
C001252,13,23,36,0.000496,1800,False,79.055556,43.611111,50.027778,47.940000
C001253,25,13,38,0.000895,1800,False,83.888889,95.611111,50.027778,67.830000
C001254,15,11,26,0.000571,1800,False,32.611111,61.500000,50.027778,37.940000
C001255,20,16,36,0.000492,1800,False,79.055556,42.611111,50.027778,47.590000
C001256,22,10,32,0.000891,1800,False,65.777778,95.333333,50.027778,61.390000
C001257,18,12,30,0.000384,1800,False,55.527778,16.833333,50.027778,30.330000
C001258,22,15,37,0.000649,1800,False,81.527778,76.666667,50.027778,60.370000
C001259,19,45,64,0.000608,1800,False,99.611111,69.222222,50.027778,64.090000
C001260,15,15,30,0.000387,1800,False,55.527778,17.500000,50.027778,30.560000
C001261,13,0,13,0.000548,1800,False,1.416667,55.888889,50.027778,25.060000
C001262,19,16,35,0.000734,1800,False,76.305556,86.222222,50.027778,61.890000
C001263,12,10,22,0.000388,1800,False,13.944444,17.555556,50.027778,16.030000
C001264,19,12,31,0.000522,1800,False,60.888889,49.500000,50.027778,43.640000
C001265,19,44,63,0.000614,1800,False,99.555556,70.611111,50.027778,64.560000
C001266,7,25,32,0.000320,1800,False,65.777778,6.444444,50.027778,30.280000
C001267,16,15,31,0.000763,1800,False,60.888889,88.833333,50.027778,57.410000
C001268,16,20,36,0.000559,1800,False,79.055556,58.111111,50.027778,53.010000
C001269,15,9,24,0.000583,1800,False,22.416667,63.611111,50.027778,35.110000
C001270,15,15,30,0.000433,1800,False,55.527778,27.111111,50.027778,33.930000
C001271,13,11,24,0.000525,1800,False,22.416667,50.444444,50.027778,30.500000
C001272,18,11,29,0.000448,1800,False,49.861111,30.555556,50.027778,33.150000
C001273,12,12,24,0.000442,1800,False,22.416667,29.333333,50.027778,23.120000
C001274,22,10,32,0.000755,1800,False,65.777778,88.333333,50.027778,58.940000
C001275,15,11,26,0.000594,1800,False,32.611111,66.444444,50.027778,39.670000
C001276,13,13,26,0.000500,1800,False,32.611111,44.888889,50.027778,32.130000
C001277,17,0,17,0.000484,1800,False,3.583333,40.722222,50.027778,20.510000
C001278,18,7,25,0.000720,1800,False,27.694444,85.000000,50.027778,44.450000
C001279,12,29,41,0.000351,1800,False,89.222222,10.166667,50.027778,39.790000
C001280,13,14,27,0.000541,1800,False,37.722222,54.500000,50.027778,37.280000
C001281,18,14,32,0.000834,1800,False,65.777778,93.444444,50.027778,60.730000
C001282,17,21,38,0.000490,1800,False,83.888889,42.222222,50.027778,49.140000
C001283,9,10,19,0.000455,1800,False,6.166667,32.666667,50.027778,18.590000
C001284,27,1,28,0.001814,1800,True,43.750000,99.555556,50.027778,75.160000
C001285,9,10,19,0.000217,1800,False,6.166667,0.166667,50.027778,7.220000
C001286,14,14,28,0.000320,1800,False,43.750000,6.388889,50.027778,22.550000
C001287,13,18,31,0.000382,1800,False,60.888889,16.444444,50.027778,32.070000
C001288,20,15,35,0.000808,1800,False,76.305556,92.555556,50.027778,64.100000
C001289,14,11,25,0.000430,1800,False,27.694444,26.555556,50.027778,23.990000
C001290,14,39,53,0.000374,1800,False,98.194444,14.722222,50.027778,44.520000
C001291,19,10,29,0.000710,1800,False,49.861111,84.111111,50.027778,51.890000
C001292,17,13,30,0.000586,1800,False,55.527778,64.222222,50.027778,46.920000
C001293,11,10,21,0.000448,1800,False,10.777778,30.666667,50.027778,19.510000
C001294,17,11,28,0.000544,1800,False,43.750000,55.111111,50.027778,39.600000
C001295,13,19,32,0.000420,1800,False,65.777778,24.388889,50.027778,36.560000
C001296,13,11,24,0.000428,1800,False,22.416667,26.166667,50.027778,22.010000
C001297,13,9,22,0.000470,1800,False,13.944444,36.944444,50.027778,22.810000
C001298,15,24,39,0.000476,1800,False,85.972222,39.000000,50.027778,48.740000
C001299,24,13,37,0.000749,1800,False,81.527778,87.833333,50.027778,64.280000
C001300,15,31,46,0.000650,1800,False,94.138889,76.722222,50.027778,64.800000
C001301,11,7,18,0.000373,1800,False,4.666667,14.444444,50.027778,11.690000
C001302,11,0,11,0.000533,1800,False,0.722222,52.166667,50.027778,23.510000
C001303,9,10,19,0.000349,1800,False,6.166667,9.777778,50.027778,10.580000
C001304,12,20,32,0.000473,1800,False,65.777778,38.277778,50.027778,41.420000
C001305,15,10,25,0.000642,1800,False,27.694444,75.333333,50.027778,41.060000
C001306,14,18,32,0.000643,1800,False,65.777778,75.555556,50.027778,54.470000
C001307,9,14,23,0.000380,1800,False,17.750000,16.166667,50.027778,16.870000
C001308,23,35,58,0.000732,1800,False,99.000000,86.111111,50.027778,69.790000
C001309,17,14,31,0.000612,1800,False,60.888889,69.944444,50.027778,50.790000
C001310,13,30,43,0.000565,1800,False,91.777778,59.888889,50.027778,58.090000
C001311,15,6,21,0.000422,1800,False,10.777778,24.777778,50.027778,17.450000
C001312,16,18,34,0.000341,1800,False,73.000000,8.777778,50.027778,33.620000
C001313,9,37,46,0.000395,1800,False,94.138889,18.944444,50.027778,44.580000
C001314,12,11,23,0.000590,1800,False,17.750000,65.500000,50.027778,34.140000
C001315,10,13,23,0.000499,1800,False,17.750000,44.666667,50.027778,26.850000
C001316,15,14,29,0.000452,1800,False,49.861111,31.833333,50.027778,33.600000
C001317,18,14,32,0.000765,1800,False,65.777778,89.111111,50.027778,59.210000
C001318,17,30,47,0.000731,1800,False,95.055556,86.000000,50.027778,68.370000
C001319,17,12,29,0.000554,1800,False,49.861111,57.555556,50.027778,42.600000
C001320,14,12,26,0.000787,1800,False,32.611111,91.333333,50.027778,48.380000
C001321,25,22,47,0.000906,1800,False,95.055556,96.111111,50.027778,71.910000
C001322,18,30,48,0.000693,1800,False,95.861111,82.111111,50.027778,67.290000
C001323,22,0,22,0.000696,1800,False,13.944444,82.500000,50.027778,38.760000
C001324,17,17,34,0.000479,1800,False,73.000000,39.722222,50.027778,44.460000
C001325,15,13,28,0.000681,1800,False,43.750000,80.722222,50.027778,48.570000
C001326,15,6,21,0.000612,1800,False,10.777778,70.055556,50.027778,33.290000
C001327,17,15,32,0.000465,1800,False,65.777778,35.500000,50.027778,40.450000
C001328,13,9,22,0.000493,1800,False,13.944444,43.000000,50.027778,24.930000
C001329,18,18,36,0.001067,1800,False,79.055556,98.277778,50.027778,67.070000
C001330,14,14,28,0.000560,1800,False,43.750000,58.611111,50.027778,40.830000
C001331,11,34,45,0.000449,1800,False,93.277778,30.944444,50.027778,48.480000
C001332,15,23,38,0.000612,1800,False,83.888889,70.000000,50.027778,58.860000
C001333,16,15,31,0.000522,1800,False,60.888889,49.444444,50.027778,43.620000
C001334,14,14,28,0.000588,1800,False,43.750000,64.777778,50.027778,42.990000
C001335,14,14,28,0.000635,1800,False,43.750000,74.333333,50.027778,46.330000
C001336,11,17,28,0.000336,1800,False,43.750000,8.000000,50.027778,23.120000
C001337,16,19,35,0.000627,1800,False,76.305556,73.000000,50.027778,57.260000
C001338,18,24,42,0.000601,1800,False,90.694444,67.722222,50.027778,60.450000
C001339,9,13,22,0.000348,1800,False,13.944444,9.666667,50.027778,13.270000
C001340,12,21,33,0.000659,1800,False,69.666667,78.000000,50.027778,56.690000
C001341,21,17,38,0.000695,1800,False,83.888889,82.388889,50.027778,63.200000
C001342,13,0,13,0.000584,1800,False,1.416667,63.833333,50.027778,27.840000
C001343,14,20,34,0.000512,1800,False,73.000000,47.777778,50.027778,47.280000
C001344,13,17,30,0.001510,1800,True,55.527778,98.944444,50.027778,79.070000
C001345,14,13,27,0.000665,1800,False,37.722222,78.944444,50.027778,45.840000
C001346,11,18,29,0.000592,1800,False,49.861111,66.055556,50.027778,45.570000
C001347,15,9,24,0.000767,1800,False,22.416667,89.388889,50.027778,44.130000
C001348,19,8,27,0.000536,1800,False,37.722222,52.777778,50.027778,36.680000
C001349,20,7,27,0.000680,1800,False,37.722222,80.611111,50.027778,46.420000
C001350,15,10,25,0.000387,1800,False,27.694444,17.444444,50.027778,20.800000
C001351,16,25,41,0.000566,1800,False,89.222222,59.944444,50.027778,57.210000
C001352,14,11,25,0.000512,1800,False,27.694444,47.722222,50.027778,31.400000
C001353,12,0,12,0.000447,1800,False,1.111111,30.388889,50.027778,16.030000
C001354,13,16,29,0.000557,1800,False,49.861111,58.000000,50.027778,42.750000
C001355,19,16,35,0.000605,1800,False,76.305556,68.722222,50.027778,55.760000
C001356,21,12,33,0.000907,1800,False,69.666667,96.222222,50.027778,63.060000
C001357,20,11,31,0.000547,1800,False,60.888889,55.777778,50.027778,45.840000
C001358,16,31,47,0.000463,1800,False,95.055556,34.611111,50.027778,50.390000
C001359,15,9,24,0.000399,1800,False,22.416667,19.555556,50.027778,19.690000
C001360,13,8,21,0.000643,1800,False,10.777778,75.444444,50.027778,35.180000
C001361,14,9,23,0.000478,1800,False,17.750000,39.500000,50.027778,25.040000
C001362,20,15,35,0.000634,1800,False,76.305556,74.277778,50.027778,57.710000
C001363,13,13,26,0.000374,1800,False,32.611111,14.666667,50.027778,21.550000
C001364,13,0,13,0.000232,1800,False,1.416667,0.611111,50.027778,5.710000
C001365,13,12,25,0.000404,1800,False,27.694444,21.055556,50.027778,22.070000
C001366,15,8,23,0.000489,1800,False,17.750000,41.777778,50.027778,25.840000
C001367,23,16,39,0.000625,1800,False,85.972222,72.777778,50.027778,60.570000
C001368,19,26,45,0.000448,1800,False,93.277778,30.611111,50.027778,48.360000
C001369,14,14,28,0.000358,1800,False,43.750000,11.555556,50.027778,24.360000
C001370,21,12,33,0.000536,1800,False,69.666667,52.888889,50.027778,47.900000
C001371,16,13,29,0.000594,1800,False,49.861111,66.277778,50.027778,45.650000
C001372,16,15,31,0.000585,1800,False,60.888889,63.944444,50.027778,48.690000
C001373,13,22,35,0.000451,1800,False,76.305556,31.666667,50.027778,42.790000
C001374,19,15,34,0.000576,1800,False,73.000000,62.500000,50.027778,52.430000
C001375,12,0,12,0.000366,1800,False,1.111111,13.166667,50.027778,10.000000
C001376,22,16,38,0.000631,1800,False,83.888889,73.333333,50.027778,60.030000
C001377,21,8,29,0.000469,1800,False,49.861111,36.722222,50.027778,35.310000
C001378,23,10,33,0.000668,1800,False,69.666667,79.277778,50.027778,57.130000
C001379,9,15,24,0.000434,1800,False,22.416667,27.333333,50.027778,22.420000
C001380,18,23,41,0.000548,1800,False,89.222222,55.944444,50.027778,55.810000
C001381,13,17,30,0.000584,1800,False,55.527778,63.777778,50.027778,46.760000
C001382,18,22,40,0.000702,1800,False,87.722222,83.166667,50.027778,64.810000
C001383,14,28,42,0.000571,1800,False,90.694444,61.333333,50.027778,58.210000
C001384,15,15,30,0.000931,1800,False,55.527778,96.944444,50.027778,58.370000
C001385,14,10,24,0.000514,1800,False,22.416667,48.388889,50.027778,29.780000
C001386,15,19,34,0.000466,1800,False,73.000000,35.833333,50.027778,43.090000
C001387,21,9,30,0.000496,1800,False,55.527778,43.833333,50.027778,39.780000
C001388,16,11,27,0.000705,1800,False,37.722222,83.388889,50.027778,47.390000
C001389,11,26,37,0.000454,1800,False,81.527778,32.555556,50.027778,44.930000
C001390,13,10,23,0.000614,1800,False,17.750000,70.333333,50.027778,35.830000
C001391,16,15,31,0.000537,1800,False,60.888889,53.111111,50.027778,44.900000
C001392,13,28,41,0.000538,1800,False,89.222222,53.611111,50.027778,54.990000
C001393,15,32,47,0.000619,1800,False,95.055556,71.722222,50.027778,63.380000
C001394,21,14,35,0.000494,1800,False,76.305556,43.111111,50.027778,46.800000
C001395,15,16,31,0.000674,1800,False,60.888889,79.944444,50.027778,54.290000
C001396,15,13,28,0.000688,1800,False,43.750000,81.611111,50.027778,48.880000
C001397,16,26,42,0.000533,1800,False,90.694444,52.222222,50.027778,55.020000
C001398,17,14,31,0.000523,1800,False,60.888889,50.000000,50.027778,43.810000
C001399,17,32,49,0.000873,1800,False,96.527778,94.777778,50.027778,71.960000
C001400,15,9,24,0.000447,1800,False,22.416667,30.444444,50.027778,23.500000
C001401,16,16,32,0.000763,1800,False,65.777778,88.888889,50.027778,59.140000
C001402,18,38,56,0.000664,1800,False,98.750000,78.777778,50.027778,67.140000
C001403,11,0,11,0.000323,1800,False,0.722222,6.722222,50.027778,7.610000
C001404,17,25,42,0.000539,1800,False,90.694444,53.888889,50.027778,55.610000
C001405,15,10,25,0.000366,1800,False,27.694444,13.000000,50.027778,19.250000
C001406,13,18,31,0.000413,1800,False,60.888889,22.944444,50.027778,34.340000
C001407,17,19,36,0.000470,1800,False,79.055556,37.111111,50.027778,45.660000
C001408,12,20,32,0.000625,1800,False,65.777778,72.833333,50.027778,53.520000
C001409,20,9,29,0.001799,1800,True,49.861111,99.500000,50.027778,77.280000
C001410,11,9,20,0.000311,1800,False,8.277778,5.777778,50.027778,9.920000
C001411,19,12,31,0.000455,1800,False,60.888889,32.888889,50.027778,37.830000
C001412,18,10,28,0.000366,1800,False,43.750000,13.055556,50.027778,24.880000
C001413,16,14,30,0.001036,1800,False,55.527778,97.888889,50.027778,58.700000
C001414,15,33,48,0.000506,1800,False,95.861111,46.277778,50.027778,54.750000
C001415,15,31,46,0.000315,1800,False,94.138889,6.000000,50.027778,40.050000
C001416,14,53,67,0.000435,1800,False,99.861111,27.500000,50.027778,49.580000
C001417,15,18,33,0.000812,1800,False,69.666667,92.666667,50.027778,61.820000
C001418,13,15,28,0.000383,1800,False,43.750000,16.722222,50.027778,26.170000
C001419,15,13,28,0.000357,1800,False,43.750000,11.222222,50.027778,24.240000
C001420,16,30,46,0.000469,1800,False,94.138889,36.666667,50.027778,50.780000
C001421,10,41,51,0.000383,1800,False,97.611111,16.611111,50.027778,44.980000
C001422,9,12,21,0.000384,1800,False,10.777778,16.888889,50.027778,14.690000
C001423,22,8,30,0.000740,1800,False,55.527778,86.777778,50.027778,54.810000
C001424,8,46,54,0.000392,1800,False,98.472222,18.444444,50.027778,45.920000
C001425,14,18,32,0.000684,1800,False,65.777778,81.000000,50.027778,56.380000
C001426,19,16,35,0.000622,1800,False,76.305556,72.111111,50.027778,56.950000
C001427,15,9,24,0.000480,1800,False,22.416667,39.833333,50.027778,26.790000
C001428,19,0,19,0.000587,1800,False,6.166667,64.555556,50.027778,29.760000
C001429,9,15,24,0.000422,1800,False,22.416667,24.833333,50.027778,21.540000
C001430,20,9,29,0.000664,1800,False,49.861111,78.833333,50.027778,50.050000
C001431,16,11,27,0.000472,1800,False,37.722222,37.722222,50.027778,31.410000
C001432,19,13,32,0.000594,1800,False,65.777778,66.500000,50.027778,51.300000
C001433,13,13,26,0.000413,1800,False,32.611111,22.833333,50.027778,24.410000
C001434,16,14,30,0.000432,1800,False,55.527778,26.944444,50.027778,33.870000
C001435,18,19,37,0.000679,1800,False,81.527778,80.444444,50.027778,61.690000
C001436,11,0,11,0.000587,1800,False,0.722222,64.388889,50.027778,27.790000
C001437,13,28,41,0.000690,1800,False,89.222222,81.888889,50.027778,64.890000
C001438,21,9,30,0.000720,1800,False,55.527778,84.944444,50.027778,54.170000
C001439,12,22,34,0.000621,1800,False,73.000000,71.944444,50.027778,55.730000
C001440,14,12,26,0.000393,1800,False,32.611111,18.666667,50.027778,22.950000
C001441,17,14,31,0.000568,1800,False,60.888889,60.500000,50.027778,47.490000
C001442,14,12,26,0.000900,1800,False,32.611111,95.833333,50.027778,49.960000
C001443,12,12,24,0.000383,1800,False,22.416667,16.666667,50.027778,18.680000
C001444,15,50,65,0.000540,1800,False,99.694444,54.166667,50.027778,58.850000
C001445,13,10,23,0.000443,1800,False,17.750000,29.555556,50.027778,21.560000
C001446,18,19,37,0.000868,1800,False,81.527778,94.666667,50.027778,66.670000
C001447,13,25,38,0.000474,1800,False,83.888889,38.611111,50.027778,47.880000
C001448,14,32,46,0.000379,1800,False,94.138889,15.888889,50.027778,43.510000
C001449,16,10,26,0.000524,1800,False,32.611111,50.055556,50.027778,33.940000
C001450,14,6,20,0.000401,1800,False,8.277778,20.333333,50.027778,15.020000
C001451,16,12,28,0.000585,1800,False,43.750000,64.055556,50.027778,42.730000
C001452,26,11,37,0.000400,1800,False,81.527778,20.000000,50.027778,40.540000
C001453,8,19,27,0.000272,1800,False,37.722222,2.500000,50.027778,19.080000
C001454,26,11,37,0.000939,1800,False,81.527778,97.111111,50.027778,67.530000
C001455,18,17,35,0.000491,1800,False,76.305556,42.333333,50.027778,46.530000
C001456,25,20,45,0.000792,1800,False,93.277778,91.611111,50.027778,69.710000
C001457,12,20,32,0.000345,1800,False,65.777778,9.500000,50.027778,31.350000
C001458,21,10,31,0.000782,1800,False,60.888889,91.055556,50.027778,58.180000
C001459,12,14,26,0.000482,1800,False,32.611111,40.222222,50.027778,30.490000
C001460,13,33,46,0.000291,1800,False,94.138889,3.888889,50.027778,39.310000
C001461,15,7,22,0.000557,1800,False,13.944444,57.888889,50.027778,30.140000
C001462,18,12,30,0.000781,1800,True,55.527778,90.888889,50.027778,76.250000
C001463,13,23,36,0.000464,1800,False,79.055556,35.000000,50.027778,44.920000
C001464,9,13,22,0.000296,1800,False,13.944444,4.611111,50.027778,11.500000
C001465,16,19,35,0.000387,1800,False,76.305556,17.333333,50.027778,37.780000
C001466,20,27,47,0.000667,1800,False,95.055556,79.222222,50.027778,66.000000
C001467,17,12,29,0.000561,1800,False,49.861111,59.111111,50.027778,43.140000
C001468,16,11,27,0.000508,1800,False,37.722222,46.611111,50.027778,34.520000
C001469,11,18,29,0.000331,1800,False,49.861111,7.555556,50.027778,25.100000
C001470,15,17,32,0.000556,1800,False,65.777778,57.777778,50.027778,48.250000
C001471,14,10,24,0.000327,1800,False,22.416667,7.166667,50.027778,15.360000
C001472,18,10,28,0.000535,1800,False,43.750000,52.611111,50.027778,38.730000
C001473,19,23,42,0.000589,1800,False,90.694444,65.055556,50.027778,59.520000
C001474,16,11,27,0.000565,1800,False,37.722222,59.611111,50.027778,39.070000
C001475,18,12,30,0.000536,1800,False,55.527778,52.833333,50.027778,42.930000
C001476,12,9,21,0.000350,1800,False,10.777778,10.055556,50.027778,12.290000
C001477,14,13,27,0.000624,1800,False,37.722222,72.500000,50.027778,43.580000
C001478,12,12,24,0.000568,1800,False,22.416667,60.444444,50.027778,34.000000
C001479,15,16,31,0.000649,1800,False,60.888889,76.555556,50.027778,53.110000
C001480,19,9,28,0.000648,1800,False,43.750000,76.388889,50.027778,47.050000
C001481,21,13,34,0.000523,1800,False,73.000000,49.833333,50.027778,47.990000
C001482,13,11,24,0.000308,1800,False,22.416667,5.555556,50.027778,14.790000
C001483,14,11,25,0.000756,1800,False,27.694444,88.388889,50.027778,45.630000
C001484,15,12,27,0.000451,1800,False,37.722222,31.444444,50.027778,29.210000
C001485,17,21,38,0.000465,1800,False,83.888889,35.333333,50.027778,46.730000
C001486,15,29,44,0.000525,1800,False,92.500000,50.666667,50.027778,55.110000
C001487,10,23,33,0.000506,1800,False,69.666667,46.166667,50.027778,45.540000
C001488,16,26,42,0.000693,1800,False,90.694444,82.277778,50.027778,65.540000
C001489,12,14,26,0.000358,1800,False,32.611111,11.333333,50.027778,20.380000
C001490,15,12,27,0.000464,1800,False,37.722222,34.888889,50.027778,30.420000
C001491,23,27,50,0.000937,1800,False,97.194444,97.055556,50.027778,72.990000
C001492,18,56,74,0.000613,1800,False,100.000000,70.222222,50.027778,64.580000
C001493,22,9,31,0.000747,1800,False,60.888889,87.611111,50.027778,56.980000
C001494,18,11,29,0.000529,1800,False,49.861111,51.500000,50.027778,40.480000
C001495,11,13,24,0.000360,1800,False,22.416667,11.888889,50.027778,17.010000
C001496,13,32,45,0.000749,1800,False,93.277778,87.777778,50.027778,68.370000
C001497,16,15,31,0.000707,1800,False,60.888889,83.777778,50.027778,55.640000
C001498,19,10,29,0.000557,1800,False,49.861111,57.833333,50.027778,42.700000
C001499,10,16,26,0.000292,1800,False,32.611111,4.166667,50.027778,17.880000
C001500,12,8,20,0.000437,1800,False,8.277778,28.222222,50.027778,17.780000
C001501,9,11,20,0.000275,1800,False,8.277778,2.722222,50.027778,8.850000
C001502,9,32,41,0.000390,1800,False,89.222222,17.944444,50.027778,42.510000
C001503,21,12,33,0.000566,1800,False,69.666667,60.000000,50.027778,50.390000
C001504,13,14,27,0.000477,1800,False,37.722222,39.166667,50.027778,31.910000
C001505,11,14,25,0.000468,1800,False,27.694444,36.222222,50.027778,27.370000
C001506,10,11,21,0.000372,1800,False,10.777778,14.277778,50.027778,13.770000
C001507,15,10,25,0.000533,1800,False,27.694444,52.111111,50.027778,32.930000
C001508,20,42,62,0.001070,1800,True,99.444444,98.333333,50.027778,94.220000
C001509,14,14,28,0.000753,1800,False,43.750000,88.055556,50.027778,51.130000
C001510,20,16,36,0.000571,1800,False,79.055556,61.555556,50.027778,54.220000
C001511,15,21,36,0.000598,1800,False,79.055556,67.333333,50.027778,56.240000
C001512,16,23,39,0.000632,1800,False,85.972222,73.444444,50.027778,60.800000
C001513,13,10,23,0.000457,1800,False,17.750000,33.277778,50.027778,22.860000
C001514,16,9,25,0.000609,1800,False,27.694444,69.333333,50.027778,38.960000
C001515,17,10,27,0.000595,1800,False,37.722222,66.722222,50.027778,41.560000
C001516,15,21,36,0.000562,1800,False,79.055556,59.222222,50.027778,53.400000
C001517,14,8,22,0.000848,1800,False,13.944444,94.055556,50.027778,42.800000
C001518,20,10,30,0.000622,1800,False,55.527778,72.222222,50.027778,49.720000
C001519,18,13,31,0.000540,1800,False,60.888889,54.055556,50.027778,45.230000
C001520,16,23,39,0.000501,1800,False,85.972222,45.111111,50.027778,50.880000
C001521,21,18,39,0.000614,1800,False,85.972222,70.722222,50.027778,59.850000
C001522,7,0,7,0.000297,1800,False,0.055556,4.722222,50.027778,6.680000
C001523,9,24,33,0.000307,1800,False,69.666667,5.333333,50.027778,31.250000
C001524,16,18,34,0.000371,1800,False,73.000000,14.111111,50.027778,35.490000
C001525,13,13,26,0.000392,1800,False,32.611111,18.222222,50.027778,22.790000
C001526,18,11,29,0.000512,1800,False,49.861111,47.500000,50.027778,39.080000
C001527,15,18,33,0.000406,1800,False,69.666667,21.500000,50.027778,36.910000
C001528,7,13,20,0.000327,1800,False,8.277778,7.222222,50.027778,10.430000
C001529,14,11,25,0.000573,1800,False,27.694444,62.055556,50.027778,36.420000
C001530,18,9,27,0.000708,1800,False,37.722222,83.944444,50.027778,47.590000
C001531,21,15,36,0.001472,1800,True,79.055556,98.888889,50.027778,87.280000
C001532,13,10,23,0.000473,1800,False,17.750000,38.333333,50.027778,24.630000
C001533,23,36,59,0.000844,1800,False,99.138889,93.666667,50.027778,72.480000
C001534,20,8,28,0.000829,1800,False,43.750000,93.277778,50.027778,52.960000
C001535,17,9,26,0.000444,1800,False,32.611111,29.722222,50.027778,26.820000
C001536,23,0,23,0.000767,1800,False,17.750000,89.333333,50.027778,42.480000
C001537,9,19,28,0.000219,1800,False,43.750000,0.277778,50.027778,20.410000
C001538,8,9,17,0.000336,1800,False,3.583333,8.055556,50.027778,9.080000
C001539,13,12,25,0.000509,1800,False,27.694444,46.944444,50.027778,31.130000
C001540,7,10,17,0.000297,1800,False,3.583333,4.666667,50.027778,7.890000
C001541,19,11,30,0.000590,1800,False,55.527778,65.222222,50.027778,47.270000
C001542,13,16,29,0.000465,1800,False,49.861111,35.555556,50.027778,34.900000
C001543,18,18,36,0.000641,1800,False,79.055556,75.222222,50.027778,59.000000
C001544,6,19,25,0.000244,1800,False,27.694444,1.055556,50.027778,15.070000
C001545,21,13,34,0.000683,1800,False,73.000000,80.944444,50.027778,58.880000
C001546,11,17,28,0.000610,1800,False,43.750000,69.500000,50.027778,44.640000
C001547,19,10,29,0.000571,1800,False,49.861111,61.388889,50.027778,43.940000
C001548,13,25,38,0.000341,1800,False,83.888889,8.722222,50.027778,37.420000
C001549,10,7,17,0.000395,1800,False,3.583333,18.888889,50.027778,12.870000
C001550,16,3,19,0.000486,1800,False,6.166667,41.055556,50.027778,21.530000
C001551,16,14,30,0.000539,1800,False,55.527778,53.722222,50.027778,43.240000
C001552,21,12,33,0.000800,1800,False,69.666667,92.222222,50.027778,61.660000
C001553,13,10,23,0.000332,1800,False,17.750000,7.611111,50.027778,13.880000
C001554,8,14,22,0.000284,1800,False,13.944444,3.055556,50.027778,10.950000
C001555,10,12,22,0.000403,1800,False,13.944444,20.722222,50.027778,17.140000
C001556,11,24,35,0.000358,1800,False,76.305556,11.611111,50.027778,35.770000
C001557,9,12,21,0.000300,1800,False,10.777778,4.944444,50.027778,10.510000
C001558,14,12,26,0.000588,1800,False,32.611111,64.833333,50.027778,39.110000
C001559,15,0,15,0.000532,1800,False,2.194444,52.000000,50.027778,23.970000
C001560,15,9,24,0.000645,1800,False,22.416667,75.944444,50.027778,39.430000
C001561,18,20,38,0.000795,1800,False,83.888889,91.833333,50.027778,66.510000
C001562,13,9,22,0.000556,1800,False,13.944444,57.722222,50.027778,30.090000
C001563,13,12,25,0.000468,1800,False,27.694444,36.333333,50.027778,27.410000
C001564,14,13,27,0.000441,1800,False,37.722222,29.055556,50.027778,28.380000
C001565,14,10,24,0.000455,1800,False,22.416667,32.722222,50.027778,24.300000
C001566,19,15,34,0.000722,1800,False,73.000000,85.222222,50.027778,60.380000
C001567,12,26,38,0.000382,1800,False,83.888889,16.500000,50.027778,40.140000
C001568,20,14,34,0.000502,1800,False,73.000000,45.277778,50.027778,46.400000
C001569,13,25,38,0.000447,1800,False,83.888889,30.333333,50.027778,44.980000
C001570,11,14,25,0.000490,1800,False,27.694444,42.277778,50.027778,29.490000
C001571,19,9,28,0.000926,1800,False,43.750000,96.833333,50.027778,54.210000
C001572,22,29,51,0.000636,1800,False,97.611111,74.555556,50.027778,65.260000
C001573,13,12,25,0.000478,1800,False,27.694444,39.388889,50.027778,28.480000
C001574,15,29,44,0.000549,1800,False,92.500000,56.166667,50.027778,57.040000
C001575,12,16,28,0.000400,1800,False,43.750000,20.055556,50.027778,27.330000
C001576,15,40,55,0.000663,1800,False,98.611111,78.500000,50.027778,66.990000
C001577,13,14,27,0.000493,1800,False,37.722222,42.944444,50.027778,33.240000
C001578,12,8,20,0.000286,1800,False,8.277778,3.277778,50.027778,9.050000
C001579,15,16,31,0.000496,1800,False,60.888889,44.055556,50.027778,41.730000
C001580,11,15,26,0.000341,1800,False,32.611111,8.833333,50.027778,19.510000
C001581,16,0,16,0.000493,1800,False,2.722222,42.833333,50.027778,20.950000
C001582,18,11,29,0.000634,1800,False,49.861111,73.944444,50.027778,48.330000
C001583,13,21,34,0.000436,1800,False,73.000000,27.888889,50.027778,40.310000
C001584,11,14,25,0.000292,1800,False,27.694444,4.000000,50.027778,16.100000
C001585,18,17,35,0.000685,1800,False,76.305556,81.166667,50.027778,60.120000
C001586,12,18,30,0.000472,1800,False,55.527778,37.611111,50.027778,37.600000
C001587,14,10,24,0.000379,1800,False,22.416667,15.833333,50.027778,18.390000
C001588,12,22,34,0.000468,1800,False,73.000000,36.111111,50.027778,43.190000
C001589,14,9,23,0.000400,1800,False,17.750000,20.166667,50.027778,18.270000
C001590,13,8,21,0.000541,1800,False,10.777778,54.444444,50.027778,27.830000
C001591,16,33,49,0.000416,1800,False,96.527778,23.222222,50.027778,46.920000
C001592,15,6,21,0.000423,1800,False,10.777778,25.055556,50.027778,17.540000
C001593,19,6,25,0.000596,1800,False,27.694444,66.833333,50.027778,38.090000
C001594,17,12,29,0.000587,1800,False,49.861111,64.444444,50.027778,45.010000
C001595,21,0,21,0.000981,1800,False,10.777778,97.555556,50.027778,42.920000
C001596,12,20,32,0.000450,1800,False,65.777778,31.333333,50.027778,38.990000
C001597,18,26,44,0.000461,1800,False,92.500000,34.222222,50.027778,49.360000
C001598,17,29,46,0.000573,1800,False,94.138889,61.777778,50.027778,59.570000
C001599,17,29,46,0.000760,1800,False,94.138889,88.666667,50.027778,68.980000
C001600,23,10,33,0.000762,1800,False,69.666667,88.777778,50.027778,60.460000
C001601,14,11,25,0.000313,1800,False,27.694444,5.888889,50.027778,16.760000
C001602,14,25,39,0.000354,1800,False,85.972222,10.722222,50.027778,38.850000
C001603,18,14,32,0.000532,1800,False,65.777778,51.944444,50.027778,46.210000
C001604,13,24,37,0.000653,1800,False,81.527778,77.222222,50.027778,60.570000
C001605,9,0,9,0.000359,1800,False,0.277778,11.833333,50.027778,9.240000
C001606,12,16,28,0.000501,1800,False,43.750000,45.166667,50.027778,36.120000
C001607,19,10,29,0.000775,1800,False,49.861111,90.277778,50.027778,54.050000
C001608,15,16,31,0.000380,1800,False,60.888889,16.055556,50.027778,31.930000
C001609,15,13,28,0.000442,1800,False,43.750000,29.277778,50.027778,30.560000
C001610,13,28,41,0.000309,1800,False,89.222222,5.666667,50.027778,38.210000
C001611,12,13,25,0.000348,1800,False,27.694444,9.555556,50.027778,18.040000
C001612,23,12,35,0.000663,1800,False,76.305556,78.555556,50.027778,59.200000
C001613,10,0,10,0.000400,1800,False,0.416667,20.111111,50.027778,12.190000
C001614,18,19,37,0.000634,1800,False,81.527778,73.888889,50.027778,59.400000
C001615,23,33,56,0.000707,1800,False,98.750000,83.888889,50.027778,68.930000
C001616,11,14,25,0.000519,1800,False,27.694444,48.888889,50.027778,31.810000
C001617,16,13,29,0.000381,1800,False,49.861111,16.333333,50.027778,28.170000
C001618,18,16,34,0.000634,1800,False,73.000000,74.055556,50.027778,56.470000
C001619,14,20,34,0.000425,1800,False,73.000000,25.444444,50.027778,39.460000
C001620,22,13,35,0.000899,1800,False,76.305556,95.777778,50.027778,65.230000
C001621,16,18,34,0.000437,1800,False,73.000000,28.277778,50.027778,40.450000
C001622,17,17,34,0.000589,1800,False,73.000000,64.944444,50.027778,53.280000
C001623,15,0,15,0.000397,1800,False,2.194444,19.333333,50.027778,12.540000
C001624,9,12,21,0.000455,1800,False,10.777778,32.833333,50.027778,20.270000
C001625,18,32,50,0.000568,1800,False,97.194444,60.333333,50.027778,60.140000
C001626,14,11,25,0.000342,1800,False,27.694444,8.944444,50.027778,17.830000
C001627,16,8,24,0.000655,1800,False,22.416667,77.611111,50.027778,40.010000
C001628,12,12,24,0.000465,1800,False,22.416667,35.611111,50.027778,25.310000
C001629,18,28,46,0.000523,1800,False,94.138889,49.666667,50.027778,55.330000
C001630,10,11,21,0.000494,1800,False,10.777778,43.277778,50.027778,23.920000
C001631,7,14,21,0.000254,1800,False,10.777778,1.500000,50.027778,9.300000
C001632,12,9,21,0.000344,1800,False,10.777778,9.222222,50.027778,12.000000
C001633,18,13,31,0.000771,1800,False,60.888889,89.722222,50.027778,57.720000
C001634,13,12,25,0.000450,1800,False,27.694444,31.222222,50.027778,25.620000
C001635,12,17,29,0.000507,1800,False,49.861111,46.555556,50.027778,38.750000
C001636,16,15,31,0.000605,1800,False,60.888889,68.555556,50.027778,50.310000
C001637,16,20,36,0.000582,1800,False,79.055556,63.500000,50.027778,54.900000
C001638,16,17,33,0.000577,1800,False,69.666667,62.833333,50.027778,51.380000
C001639,17,17,34,0.000741,1800,False,73.000000,86.888889,50.027778,60.960000
C001640,19,9,28,0.000573,1800,False,43.750000,61.833333,50.027778,41.960000
C001641,26,12,38,0.001024,1800,False,83.888889,97.722222,50.027778,68.570000
C001642,11,12,23,0.000482,1800,False,17.750000,40.388889,50.027778,25.350000
C001643,18,10,28,0.000672,1800,False,43.750000,79.722222,50.027778,48.220000
C001644,21,38,59,0.000662,1800,False,99.138889,78.444444,50.027778,67.160000
C001645,15,7,22,0.000562,1800,False,13.944444,59.166667,50.027778,30.590000
C001646,21,10,31,0.000893,1800,False,60.888889,95.388889,50.027778,59.700000
C001647,15,19,34,0.000796,1800,False,73.000000,91.944444,50.027778,62.730000
C001648,16,29,45,0.000470,1800,False,93.277778,37.055556,50.027778,50.620000
C001649,12,8,20,0.000484,1800,False,8.277778,40.666667,50.027778,22.130000
C001650,16,27,43,0.001657,1800,True,91.777778,99.222222,50.027778,91.850000
C001651,20,16,36,0.000546,1800,False,79.055556,55.555556,50.027778,52.120000
C001652,16,16,32,0.000539,1800,False,65.777778,53.944444,50.027778,46.910000
C001653,17,16,33,0.000578,1800,False,69.666667,62.944444,50.027778,51.420000
C001654,19,9,28,0.000464,1800,False,43.750000,35.111111,50.027778,32.600000
C001655,19,22,41,0.000669,1800,False,89.222222,79.388889,50.027778,64.020000
C001656,18,30,48,0.000533,1800,False,95.861111,52.333333,50.027778,56.870000
C001657,16,12,28,0.000598,1800,False,43.750000,67.111111,50.027778,43.800000
C001658,15,24,39,0.000458,1800,False,85.972222,33.611111,50.027778,46.860000
C001659,22,17,39,0.000396,1800,False,85.972222,19.055556,50.027778,41.760000
C001660,17,13,30,0.000458,1800,False,55.527778,33.722222,50.027778,36.240000
C001661,14,17,31,0.000357,1800,False,60.888889,11.111111,50.027778,30.200000
C001662,8,20,28,0.000443,1800,False,43.750000,29.611111,50.027778,30.680000
C001663,16,10,26,0.000544,1800,False,32.611111,55.277778,50.027778,35.760000
C001664,16,0,16,0.000538,1800,False,2.722222,53.666667,50.027778,24.740000
C001665,17,37,54,0.000634,1800,False,98.472222,74.166667,50.027778,65.430000
C001666,15,12,27,0.000718,1800,False,37.722222,84.777778,50.027778,47.880000
C001667,15,12,27,0.000713,1800,False,37.722222,84.388889,50.027778,47.740000
C001668,18,14,32,0.000885,1800,False,65.777778,95.222222,50.027778,61.350000
C001669,23,14,37,0.000856,1800,False,81.527778,94.333333,50.027778,66.550000
C001670,22,12,34,0.000917,1800,False,73.000000,96.444444,50.027778,64.310000
C001671,18,19,37,0.000552,1800,False,81.527778,57.166667,50.027778,53.550000
C001672,14,0,14,0.000582,1800,False,1.777778,63.444444,50.027778,27.830000
C001673,13,17,30,0.000591,1800,False,55.527778,65.722222,50.027778,47.440000
C001674,18,13,31,0.000537,1800,False,60.888889,53.222222,50.027778,44.940000
C001675,14,14,28,0.000661,1800,False,43.750000,78.222222,50.027778,47.690000
C001676,18,10,28,0.000766,1800,False,43.750000,89.222222,50.027778,51.540000
C001677,21,25,46,0.000550,1800,False,94.138889,56.611111,50.027778,57.770000
C001678,15,11,26,0.000450,1800,False,32.611111,31.277778,50.027778,27.360000
C001679,14,17,31,0.000372,1800,False,60.888889,14.333333,50.027778,31.330000
C001680,15,25,40,0.000598,1800,False,87.722222,67.222222,50.027778,59.230000
C001681,13,22,35,0.000464,1800,False,76.305556,34.833333,50.027778,43.900000
C001682,15,12,27,0.000366,1800,False,37.722222,12.944444,50.027778,22.740000
C001683,16,23,39,0.000502,1800,False,85.972222,45.666667,50.027778,51.080000
C001684,14,29,43,0.000624,1800,False,91.777778,72.611111,50.027778,62.540000
C001685,7,18,25,0.000244,1800,False,27.694444,1.111111,50.027778,15.080000
C001686,13,24,37,0.000457,1800,False,81.527778,33.111111,50.027778,45.130000
C001687,10,12,22,0.000349,1800,False,13.944444,9.722222,50.027778,13.290000
C001688,8,15,23,0.000453,1800,False,17.750000,32.166667,50.027778,22.470000
C001689,19,13,32,0.000847,1800,False,65.777778,93.944444,50.027778,60.910000
C001690,16,10,26,0.000707,1800,False,32.611111,83.722222,50.027778,45.720000
C001691,13,27,40,0.000507,1800,False,87.722222,46.444444,50.027778,51.960000
C001692,11,10,21,0.000473,1800,False,10.777778,38.222222,50.027778,22.150000
C001693,17,13,30,0.000536,1800,False,55.527778,53.000000,50.027778,42.990000
C001694,18,29,47,0.000605,1800,False,95.055556,68.777778,50.027778,62.340000
C001695,14,12,26,0.000437,1800,False,32.611111,28.166667,50.027778,26.280000
C001696,14,8,22,0.000428,1800,False,13.944444,26.222222,50.027778,19.060000
C001697,19,0,19,0.000603,1800,False,6.166667,68.055556,50.027778,30.980000
C001698,18,16,34,0.000703,1800,False,73.000000,83.222222,50.027778,59.680000
C001699,13,24,37,0.000554,1800,False,81.527778,57.444444,50.027778,53.640000
C001700,6,19,25,0.000188,1800,False,27.694444,0.055556,50.027778,14.720000
C001701,10,13,23,0.000365,1800,False,17.750000,12.888889,50.027778,15.730000
C001702,16,13,29,0.000515,1800,False,49.861111,48.444444,50.027778,39.410000
C001703,10,21,31,0.000412,1800,False,60.888889,22.777778,50.027778,34.290000
C001704,16,18,34,0.000560,1800,False,73.000000,58.666667,50.027778,51.090000
C001705,14,16,30,0.000334,1800,False,55.527778,7.777778,50.027778,27.160000
C001706,19,12,31,0.001308,1800,True,60.888889,98.666667,50.027778,80.850000
C001707,15,16,31,0.000419,1800,False,60.888889,23.944444,50.027778,34.690000
C001708,19,11,30,0.000625,1800,False,55.527778,72.722222,50.027778,49.890000
C001709,18,17,35,0.000759,1800,False,76.305556,88.611111,50.027778,62.720000
C001710,13,16,29,0.000428,1800,False,49.861111,26.333333,50.027778,31.670000
C001711,12,24,36,0.000404,1800,False,79.055556,21.277778,50.027778,40.120000
C001712,10,18,28,0.000276,1800,False,43.750000,2.833333,50.027778,21.310000
C001713,20,11,31,0.000511,1800,False,60.888889,47.444444,50.027778,42.920000
C001714,15,13,28,0.000647,1800,False,43.750000,76.055556,50.027778,46.930000
C001715,11,7,18,0.000443,1800,False,4.666667,29.500000,50.027778,16.960000
C001716,17,9,26,0.000498,1800,False,32.611111,44.222222,50.027778,31.890000
C001717,19,10,29,0.000524,1800,False,49.861111,50.222222,50.027778,40.030000
C001718,15,14,29,0.000961,1800,False,49.861111,97.333333,50.027778,56.520000
C001719,18,10,28,0.000609,1800,False,43.750000,69.277778,50.027778,44.560000
C001720,16,18,34,0.000466,1800,False,73.000000,35.722222,50.027778,43.060000
C001721,18,13,31,0.000767,1800,False,60.888889,89.277778,50.027778,57.560000
C001722,14,20,34,0.000545,1800,False,73.000000,55.388889,50.027778,49.940000
C001723,14,7,21,0.000475,1800,False,10.777778,38.833333,50.027778,22.370000
C001724,15,23,38,0.000608,1800,False,83.888889,69.166667,50.027778,58.570000
C001725,14,13,27,0.000446,1800,False,37.722222,30.222222,50.027778,28.780000
C001726,20,32,52,0.000882,1800,False,97.861111,95.111111,50.027778,72.540000
C001727,16,8,24,0.000697,1800,False,22.416667,82.666667,50.027778,41.780000
C001728,15,10,25,0.000468,1800,False,27.694444,36.611111,50.027778,27.510000
C001729,18,11,29,0.000726,1800,False,49.861111,85.555556,50.027778,52.400000
C001730,17,14,31,0.000374,1800,False,60.888889,14.611111,50.027778,31.430000
C001731,9,19,28,0.000391,1800,False,43.750000,18.055556,50.027778,26.630000
C001732,11,8,19,0.000376,1800,False,6.166667,14.888889,50.027778,12.370000
C001733,15,11,26,0.000449,1800,False,32.611111,30.777778,50.027778,27.190000
C001734,10,11,21,0.000416,1800,False,10.777778,23.166667,50.027778,16.880000
C001735,23,13,36,0.001002,1800,False,79.055556,97.666667,50.027778,66.860000
C001736,16,12,28,0.000543,1800,False,43.750000,54.777778,50.027778,39.490000
C001737,13,9,22,0.000553,1800,False,13.944444,57.333333,50.027778,29.950000
C001738,16,16,32,0.000485,1800,False,65.777778,40.833333,50.027778,42.320000
C001739,21,21,42,0.000639,1800,False,90.694444,74.833333,50.027778,62.940000
C001740,10,14,24,0.000431,1800,False,22.416667,26.722222,50.027778,22.200000
C001741,13,12,25,0.001722,1800,True,27.694444,99.333333,50.027778,69.460000
C001742,13,4,17,0.000679,1800,False,3.583333,80.500000,50.027778,34.430000
C001743,16,26,42,0.000618,1800,False,90.694444,71.444444,50.027778,61.750000
C001744,18,27,45,0.000523,1800,False,93.277778,49.555556,50.027778,54.990000
C001745,23,39,62,0.000532,1800,False,99.444444,51.888889,50.027778,57.970000
C001746,12,11,23,0.000490,1800,False,17.750000,42.111111,50.027778,25.950000
C001747,17,11,28,0.000635,1800,False,43.750000,74.444444,50.027778,46.370000
C001748,14,14,28,0.000458,1800,False,43.750000,33.500000,50.027778,32.040000
C001749,9,32,41,0.000292,1800,False,89.222222,3.944444,50.027778,37.610000
C001750,18,8,26,0.000611,1800,False,32.611111,69.611111,50.027778,40.780000
C001751,20,11,31,0.000829,1800,False,60.888889,93.222222,50.027778,58.940000
C001752,19,12,31,0.000563,1800,False,60.888889,59.444444,50.027778,47.120000
C001753,21,20,41,0.000670,1800,False,89.222222,79.555556,50.027778,64.080000
C001754,16,11,27,0.000755,1800,False,37.722222,88.222222,50.027778,49.080000
C001755,12,11,23,0.000392,1800,False,17.750000,18.388889,50.027778,17.650000
C001756,14,14,28,0.000463,1800,False,43.750000,34.722222,50.027778,32.470000
C001757,13,15,28,0.000503,1800,False,43.750000,46.000000,50.027778,36.420000
C001758,14,18,32,0.000416,1800,False,65.777778,23.277778,50.027778,36.170000
C001759,13,16,29,0.000260,1800,False,49.861111,1.722222,50.027778,23.060000
C001760,17,14,31,0.000478,1800,False,60.888889,39.555556,50.027778,40.160000
C001761,11,34,45,0.000302,1800,False,93.277778,5.055556,50.027778,39.420000
C001762,16,11,27,0.000480,1800,False,37.722222,39.777778,50.027778,32.130000
C001763,10,17,27,0.000237,1800,False,37.722222,0.777778,50.027778,18.480000
C001764,13,8,21,0.000410,1800,False,10.777778,22.222222,50.027778,16.550000
C001765,15,11,26,0.000402,1800,False,32.611111,20.666667,50.027778,23.650000
C001766,13,14,27,0.000388,1800,False,37.722222,17.611111,50.027778,24.370000
C001767,17,14,31,0.000734,1800,False,60.888889,86.333333,50.027778,56.530000
C001768,12,12,24,0.000290,1800,False,22.416667,3.777778,50.027778,14.170000
C001769,11,14,25,0.000484,1800,False,27.694444,40.555556,50.027778,28.890000
C001770,14,0,14,0.000655,1800,False,1.777778,77.555556,50.027778,32.770000
C001771,9,15,24,0.000326,1800,False,22.416667,7.055556,50.027778,15.320000
C001772,15,9,24,0.000417,1800,False,22.416667,23.388889,50.027778,21.030000
C001773,20,9,29,0.000559,1800,False,49.861111,58.388889,50.027778,42.890000
C001774,18,6,24,0.000611,1800,False,22.416667,69.722222,50.027778,37.250000
C001775,14,18,32,0.000418,1800,False,65.777778,23.722222,50.027778,36.330000
C001776,16,13,29,0.000456,1800,False,49.861111,33.000000,50.027778,34.000000
C001777,14,10,24,0.000538,1800,False,22.416667,53.388889,50.027778,31.530000
C001778,14,29,43,0.000449,1800,False,91.777778,30.888889,50.027778,47.940000
C001779,13,0,13,0.000528,1800,False,1.416667,51.222222,50.027778,23.430000
C001780,11,12,23,0.000413,1800,False,17.750000,22.888889,50.027778,19.230000
C001781,14,14,28,0.000412,1800,False,43.750000,22.722222,50.027778,28.270000
C001782,10,13,23,0.000324,1800,False,17.750000,6.888889,50.027778,13.630000
C001783,13,16,29,0.000519,1800,False,49.861111,48.944444,50.027778,39.580000
C001784,15,12,27,0.000623,1800,False,37.722222,72.444444,50.027778,43.560000
C001785,19,8,27,0.000608,1800,False,37.722222,69.055556,50.027778,42.380000
C001786,23,16,39,0.002330,1800,True,85.972222,99.944444,50.027778,90.070000
C001787,16,11,27,0.000514,1800,False,37.722222,48.333333,50.027778,35.120000
C001788,11,12,23,0.000463,1800,False,17.750000,34.555556,50.027778,23.310000
C001789,12,14,26,0.000292,1800,False,32.611111,4.111111,50.027778,17.860000
C001790,13,17,30,0.000560,1800,False,55.527778,58.777778,50.027778,45.010000
C001791,13,0,13,0.000546,1800,False,1.416667,55.666667,50.027778,24.980000
C001792,18,13,31,0.000688,1800,False,60.888889,81.500000,50.027778,54.840000
C001793,18,6,24,0.000552,1800,False,22.416667,57.111111,50.027778,32.840000
C001794,10,10,20,0.000437,1800,False,8.277778,28.111111,50.027778,17.740000
C001795,4,14,18,0.000221,1800,False,4.666667,0.333333,50.027778,6.750000
C001796,18,16,34,0.000674,1800,False,73.000000,80.000000,50.027778,58.550000
C001797,17,33,50,0.000519,1800,False,97.194444,49.000000,50.027778,56.170000
C001798,21,10,31,0.000743,1800,False,60.888889,87.111111,50.027778,56.800000
C001799,12,13,25,0.000262,1800,False,27.694444,1.833333,50.027778,15.340000
C001800,14,7,21,0.000317,1800,False,10.777778,6.111111,50.027778,10.910000
