customer_id,geography_score,pep_score,watchlist_score,occupation_score,channel_score,control_gap_score,kyc_risk_score,kyc_risk_band,kyc_overdue_flag,risk_reason
C000001,5.000000,0.000000,0.000000,10.000000,8.000000,0.000000,23.000000,LOW,False,occupation=10; channel=8; geography=5
C000002,5.000000,0.000000,0.000000,2.000000,8.000000,0.000000,15.000000,LOW,False,channel=8; geography=5; occupation=2
C000003,5.000000,0.000000,0.000000,2.000000,5.000000,0.000000,12.000000,LOW,False,geography=5; channel=5; occupation=2
C000004,5.000000,0.000000,0.000000,2.000000,8.000000,0.000000,15.000000,LOW,False,channel=8; geography=5; occupation=2
C000005,5.000000,0.000000,0.000000,2.000000,2.000000,0.000000,9.000000,LOW,True,geography=5; occupation=2; channel=2
C000006,5.000000,22.000000,0.000000,2.000000,2.000000,0.000000,31.000000,MEDIUM,True,PEP=22; geography=5; occupation=2
C000007,30.000000,0.000000,0.000000,2.000000,2.000000,0.000000,34.000000,MEDIUM,False,geography=30; occupation=2; channel=2
C000008,5.000000,0.000000,0.000000,2.000000,2.000000,0.000000,9.000000,LOW,True,geography=5; occupation=2; channel=2
C000009,5.000000,0.000000,0.000000,2.000000,8.000000,12.000000,27.000000,LOW,True,KYC control gap=12; channel=8; geography=5
C000010,5.000000,0.000000,0.000000,2.000000,5.000000,0.000000,12.000000,LOW,True,geography=5; channel=5; occupation=2
C000011,5.000000,0.000000,0.000000,2.000000,8.000000,12.000000,27.000000,LOW,False,KYC control gap=12; channel=8; geography=5
C000012,5.000000,0.000000,0.000000,2.000000,8.000000,0.000000,15.000000,LOW,False,channel=8; geography=5; occupation=2
C000013,5.000000,0.000000,0.000000,2.000000,8.000000,0.000000,15.000000,LOW,True,channel=8; geography=5; occupation=2
C000014,5.000000,0.000000,0.000000,2.000000,8.000000,0.000000,15.000000,LOW,False,channel=8; geography=5; occupation=2
C000015,5.000000,0.000000,0.000000,2.000000,8.000000,0.000000,15.000000,LOW,False,channel=8; geography=5; occupation=2
C000016,5.000000,0.000000,0.000000,2.000000,8.000000,0.000000,15.000000,LOW,True,channel=8; geography=5; occupation=2
C000017,5.000000,0.000000,0.000000,10.000000,8.000000,0.000000,23.000000,LOW,False,occupation=10; channel=8; geography=5
C000018,5.000000,0.000000,0.000000,20.000000,2.000000,0.000000,27.000000,LOW,False,occupation=20; geography=5; channel=2
C000019,5.000000,0.000000,0.000000,2.000000,5.000000,0.000000,12.000000,LOW,True,geography=5; channel=5; occupation=2
C000020,5.000000,0.000000,0.000000,10.000000,2.000000,0.000000,17.000000,LOW,True,occupation=10; geography=5; channel=2
C000021,5.000000,0.000000,0.000000,2.000000,2.000000,0.000000,9.000000,LOW,True,geography=5; occupation=2; channel=2
C000022,18.000000,0.000000,0.000000,20.000000,2.000000,0.000000,40.000000,MEDIUM,False,occupation=20; geography=18; channel=2
C000023,5.000000,0.000000,0.000000,2.000000,5.000000,12.000000,24.000000,LOW,True,KYC control gap=12; geography=5; channel=5
C000024,5.000000,0.000000,0.000000,2.000000,2.000000,0.000000,9.000000,LOW,False,geography=5; occupation=2; channel=2
C000025,18.000000,0.000000,0.000000,2.000000,2.000000,0.000000,22.000000,LOW,True,geography=18; occupation=2; channel=2
C000026,5.000000,0.000000,0.000000,10.000000,2.000000,0.000000,17.000000,LOW,True,occupation=10; geography=5; channel=2
C000027,5.000000,0.000000,0.000000,10.000000,8.000000,0.000000,23.000000,LOW,False,occupation=10; channel=8; geography=5
C000028,6.000000,0.000000,0.000000,2.000000,8.000000,0.000000,16.000000,LOW,True,channel=8; geography=6; occupation=2
C000029,5.000000,0.000000,0.000000,2.000000,2.000000,0.000000,9.000000,LOW,False,geography=5; occupation=2; channel=2
C000030,5.000000,0.000000,0.000000,2.000000,8.000000,0.000000,15.000000,LOW,True,channel=8; geography=5; occupation=2
C000031,16.000000,0.000000,0.000000,20.000000,8.000000,0.000000,44.000000,MEDIUM,False,occupation=20; geography=16; channel=8
C000032,6.000000,0.000000,0.000000,10.000000,8.000000,12.000000,36.000000,MEDIUM,False,KYC control gap=12; occupation=10; channel=8
C000033,5.000000,0.000000,0.000000,2.000000,8.000000,0.000000,15.000000,LOW,True,channel=8; geography=5; occupation=2
C000034,5.000000,0.000000,0.000000,2.000000,8.000000,12.000000,27.000000,LOW,False,KYC control gap=12; channel=8; geography=5
C000035,5.000000,0.000000,0.000000,2.000000,5.000000,0.000000,12.000000,LOW,False,geography=5; channel=5; occupation=2
C000036,5.000000,0.000000,0.000000,20.000000,2.000000,0.000000,27.000000,LOW,False,occupation=20; geography=5; channel=2
C000037,6.000000,0.000000,0.000000,2.000000,8.000000,0.000000,16.000000,LOW,True,channel=8; geography=6; occupation=2
C000038,5.000000,0.000000,0.000000,2.000000,2.000000,0.000000,9.000000,LOW,False,geography=5; occupation=2; channel=2
C000039,5.000000,0.000000,0.000000,2.000000,2.000000,0.000000,9.000000,LOW,True,geography=5; occupation=2; channel=2
C000040,5.000000,0.000000,0.000000,20.000000,8.000000,0.000000,33.000000,MEDIUM,True,occupation=20; channel=8; geography=5
C000041,5.000000,0.000000,0.000000,10.000000,8.000000,0.000000,23.000000,LOW,False,occupation=10; channel=8; geography=5
C000042,5.000000,0.000000,0.000000,2.000000,2.000000,0.000000,9.000000,LOW,True,geography=5; occupation=2; channel=2
C000043,5.000000,0.000000,0.000000,2.000000,5.000000,12.000000,24.000000,LOW,False,KYC control gap=12; geography=5; channel=5
C000044,5.000000,0.000000,0.000000,2.000000,8.000000,0.000000,15.000000,LOW,False,channel=8; geography=5; occupation=2
C000045,5.000000,0.000000,0.000000,2.000000,2.000000,0.000000,9.000000,LOW,False,geography=5; occupation=2; channel=2
C000046,5.000000,0.000000,0.000000,10.000000,2.000000,0.000000,17.000000,LOW,False,occupation=10; geography=5; channel=2
C000047,5.000000,0.000000,0.000000,2.000000,8.000000,12.000000,27.000000,LOW,False,KYC control gap=12; channel=8; geography=5
C000048,5.000000,0.000000,0.000000,10.000000,2.000000,0.000000,17.000000,LOW,True,occupation=10; geography=5; channel=2
C000049,5.000000,0.000000,0.000000,10.000000,8.000000,0.000000,23.000000,LOW,False,occupation=10; channel=8; geography=5
C000050,5.000000,0.000000,0.000000,2.000000,2.000000,12.000000,21.000000,LOW,True,KYC control gap=12; geography=5; occupation=2
C000051,5.000000,0.000000,0.000000,10.000000,2.000000,0.000000,17.000000,LOW,True,occupation=10; geography=5; channel=2
C000052,5.000000,0.000000,0.000000,2.000000,2.000000,0.000000,9.000000,LOW,False,geography=5; occupation=2; channel=2
C000053,5.000000,0.000000,0.000000,2.000000,8.000000,0.000000,15.000000,LOW,False,channel=8; geography=5; occupation=2
C000054,5.000000,0.000000,0.000000,2.000000,8.000000,0.000000,15.000000,LOW,True,channel=8; geography=5; occupation=2
C000055,5.000000,0.000000,0.000000,2.000000,2.000000,0.000000,9.000000,LOW,False,geography=5; occupation=2; channel=2
C000056,5.000000,0.000000,0.000000,2.000000,5.000000,0.000000,12.000000,LOW,True,geography=5; channel=5; occupation=2
C000057,5.000000,0.000000,0.000000,2.000000,2.000000,0.000000,9.000000,LOW,False,geography=5; occupation=2; channel=2
C000058,5.000000,0.000000,0.000000,2.000000,8.000000,0.000000,15.000000,LOW,False,channel=8; geography=5; occupation=2
C000059,5.000000,0.000000,0.000000,2.000000,5.000000,0.000000,12.000000,LOW,True,geography=5; channel=5; occupation=2
C000060,5.000000,0.000000,0.000000,10.000000,8.000000,0.000000,23.000000,LOW,False,occupation=10; channel=8; geography=5
C000061,5.000000,0.000000,0.000000,2.000000,8.000000,0.000000,15.000000,LOW,False,channel=8; geography=5; occupation=2
C000062,5.000000,0.000000,0.000000,2.000000,8.000000,0.000000,15.000000,LOW,False,channel=8; geography=5; occupation=2
C000063,5.000000,0.000000,0.000000,2.000000,2.000000,12.000000,21.000000,LOW,True,KYC control gap=12; geography=5; occupation=2
C000064,5.000000,0.000000,0.000000,2.000000,2.000000,12.000000,21.000000,LOW,True,KYC control gap=12; geography=5; occupation=2
C000065,5.000000,0.000000,0.000000,10.000000,2.000000,0.000000,17.000000,LOW,False,occupation=10; geography=5; channel=2
C000066,5.000000,0.000000,0.000000,20.000000,8.000000,0.000000,33.000000,MEDIUM,True,occupation=20; channel=8; geography=5
C000067,5.000000,0.000000,0.000000,10.000000,2.000000,0.000000,17.000000,LOW,False,occupation=10; geography=5; channel=2
C000068,5.000000,0.000000,0.000000,2.000000,2.000000,0.000000,9.000000,LOW,True,geography=5; occupation=2; channel=2
C000069,5.000000,22.000000,0.000000,2.000000,2.000000,0.000000,31.000000,MEDIUM,False,PEP=22; geography=5; occupation=2
C000070,5.000000,0.000000,0.000000,2.000000,8.000000,0.000000,15.000000,LOW,True,channel=8; geography=5; occupation=2
C000071,4.000000,0.000000,0.000000,2.000000,2.000000,0.000000,8.000000,LOW,True,geography=4; occupation=2; channel=2
C000072,5.000000,0.000000,0.000000,2.000000,2.000000,0.000000,9.000000,LOW,False,geography=5; occupation=2; channel=2
C000073,5.000000,0.000000,0.000000,10.000000,2.000000,0.000000,17.000000,LOW,False,occupation=10; geography=5; channel=2
C000074,5.000000,0.000000,0.000000,10.000000,8.000000,0.000000,23.000000,LOW,True,occupation=10; channel=8; geography=5
C000075,5.000000,0.000000,0.000000,2.000000,8.000000,0.000000,15.000000,LOW,False,channel=8; geography=5; occupation=2
C000076,5.000000,0.000000,0.000000,10.000000,2.000000,0.000000,17.000000,LOW,True,occupation=10; geography=5; channel=2
C000077,5.000000,0.000000,0.000000,10.000000,2.000000,0.000000,17.000000,LOW,False,occupation=10; geography=5; channel=2
C000078,5.000000,0.000000,0.000000,20.000000,8.000000,0.000000,33.000000,MEDIUM,True,occupation=20; channel=8; geography=5
C000079,5.000000,0.000000,0.000000,2.000000,2.000000,0.000000,9.000000,LOW,False,geography=5; occupation=2; channel=2
C000080,5.000000,22.000000,0.000000,2.000000,2.000000,0.000000,31.000000,MEDIUM,False,PEP=22; geography=5; occupation=2
C000081,5.000000,0.000000,0.000000,10.000000,8.000000,0.000000,23.000000,LOW,False,occupation=10; channel=8; geography=5
C000082,18.000000,0.000000,0.000000,20.000000,2.000000,0.000000,40.000000,MEDIUM,False,occupation=20; geography=18; channel=2
C000083,5.000000,0.000000,0.000000,10.000000,2.000000,0.000000,17.000000,LOW,True,occupation=10; geography=5; channel=2
C000084,5.000000,0.000000,0.000000,10.000000,2.000000,0.000000,17.000000,LOW,True,occupation=10; geography=5; channel=2
C000085,5.000000,0.000000,0.000000,2.000000,8.000000,0.000000,15.000000,LOW,False,channel=8; geography=5; occupation=2
C000086,5.000000,0.000000,0.000000,10.000000,8.000000,0.000000,23.000000,LOW,True,occupation=10; channel=8; geography=5
C000087,5.000000,0.000000,0.000000,20.000000,5.000000,0.000000,30.000000,MEDIUM,True,occupation=20; geography=5; channel=5
C000088,5.000000,0.000000,0.000000,2.000000,2.000000,0.000000,9.000000,LOW,False,geography=5; occupation=2; channel=2
C000089,5.000000,0.000000,0.000000,2.000000,8.000000,0.000000,15.000000,LOW,False,channel=8; geography=5; occupation=2
C000090,6.000000,0.000000,0.000000,10.000000,8.000000,0.000000,24.000000,LOW,False,occupation=10; channel=8; geography=6
C000091,14.000000,0.000000,0.000000,2.000000,2.000000,0.000000,18.000000,LOW,True,geography=14; occupation=2; channel=2
C000092,5.000000,0.000000,0.000000,20.000000,2.000000,0.000000,27.000000,LOW,True,occupation=20; geography=5; channel=2
C000093,5.000000,0.000000,0.000000,10.000000,2.000000,0.000000,17.000000,LOW,True,occupation=10; geography=5; channel=2
C000094,14.000000,0.000000,0.000000,2.000000,5.000000,0.000000,21.000000,LOW,False,geography=14; channel=5; occupation=2
C000095,14.000000,0.000000,0.000000,2.000000,2.000000,0.000000,18.000000,LOW,True,geography=14; occupation=2; channel=2
C000096,5.000000,0.000000,0.000000,2.000000,2.000000,0.000000,9.000000,LOW,False,geography=5; occupation=2; channel=2
C000097,5.000000,0.000000,0.000000,10.000000,2.000000,0.000000,17.000000,LOW,True,occupation=10; geography=5; channel=2
C000098,5.000000,0.000000,0.000000,2.000000,2.000000,0.000000,9.000000,LOW,True,geography=5; occupation=2; channel=2
C000099,14.000000,0.000000,0.000000,2.000000,2.000000,0.000000,18.000000,LOW,True,geography=14; occupation=2; channel=2
C000100,16.000000,0.000000,0.000000,2.000000,2.000000,0.000000,20.000000,LOW,True,geography=16; occupation=2; channel=2
C000101,5.000000,0.000000,0.000000,2.000000,2.000000,0.000000,9.000000,LOW,True,geography=5; occupation=2; channel=2
C000102,5.000000,0.000000,0.000000,2.000000,2.000000,0.000000,9.000000,LOW,False,geography=5; occupation=2; channel=2
C000103,5.000000,0.000000,0.000000,2.000000,2.000000,0.000000,9.000000,LOW,True,geography=5; occupation=2; channel=2
C000104,5.000000,0.000000,0.000000,10.000000,8.000000,0.000000,23.000000,LOW,False,occupation=10; channel=8; geography=5
C000105,5.000000,0.000000,0.000000,2.000000,2.000000,0.000000,9.000000,LOW,False,geography=5; occupation=2; channel=2
C000106,18.000000,0.000000,0.000000,2.000000,2.000000,0.000000,22.000000,LOW,False,geography=18; occupation=2; channel=2
C000107,5.000000,0.000000,0.000000,10.000000,8.000000,0.000000,23.000000,LOW,True,occupation=10; channel=8; geography=5
C000108,5.000000,0.000000,0.000000,2.000000,8.000000,0.000000,15.000000,LOW,False,channel=8; geography=5; occupation=2
C000109,5.000000,0.000000,0.000000,10.000000,8.000000,0.000000,23.000000,LOW,True,occupation=10; channel=8; geography=5
C000110,5.000000,0.000000,0.000000,2.000000,2.000000,12.000000,21.000000,LOW,True,KYC control gap=12; geography=5; occupation=2
C000111,5.000000,0.000000,0.000000,2.000000,2.000000,0.000000,9.000000,LOW,True,geography=5; occupation=2; channel=2
C000112,5.000000,0.000000,0.000000,10.000000,8.000000,0.000000,23.000000,LOW,False,occupation=10; channel=8; geography=5
C000113,5.000000,0.000000,0.000000,2.000000,8.000000,0.000000,15.000000,LOW,True,channel=8; geography=5; occupation=2
C000114,16.000000,0.000000,0.000000,2.000000,2.000000,0.000000,20.000000,LOW,False,geography=16; occupation=2; channel=2
C000115,5.000000,0.000000,0.000000,2.000000,8.000000,0.000000,15.000000,LOW,False,channel=8; geography=5; occupation=2
C000116,18.000000,0.000000,0.000000,10.000000,5.000000,0.000000,33.000000,MEDIUM,True,geography=18; occupation=10; channel=5
C000117,5.000000,0.000000,0.000000,2.000000,8.000000,0.000000,15.000000,LOW,True,channel=8; geography=5; occupation=2
C000118,5.000000,0.000000,0.000000,2.000000,5.000000,0.000000,12.000000,LOW,True,geography=5; channel=5; occupation=2
C000119,5.000000,0.000000,0.000000,2.000000,8.000000,0.000000,15.000000,LOW,True,channel=8; geography=5; occupation=2
C000120,5.000000,0.000000,0.000000,2.000000,2.000000,0.000000,9.000000,LOW,True,geography=5; occupation=2; channel=2
C000121,5.000000,0.000000,0.000000,2.000000,8.000000,0.000000,15.000000,LOW,True,channel=8; geography=5; occupation=2
C000122,5.000000,0.000000,0.000000,2.000000,2.000000,12.000000,21.000000,LOW,False,KYC control gap=12; geography=5; occupation=2
C000123,5.000000,0.000000,0.000000,20.000000,2.000000,0.000000,27.000000,LOW,True,occupation=20; geography=5; channel=2
C000124,5.000000,0.000000,0.000000,2.000000,8.000000,0.000000,15.000000,LOW,True,channel=8; geography=5; occupation=2
C000125,5.000000,0.000000,0.000000,2.000000,5.000000,0.000000,12.000000,LOW,False,geography=5; channel=5; occupation=2
C000126,5.000000,0.000000,0.000000,10.000000,8.000000,0.000000,23.000000,LOW,False,occupation=10; channel=8; geography=5
C000127,5.000000,0.000000,0.000000,2.000000,5.000000,0.000000,12.000000,LOW,False,geography=5; channel=5; occupation=2
C000128,5.000000,0.000000,0.000000,10.000000,8.000000,0.000000,23.000000,LOW,False,occupation=10; channel=8; geography=5
C000129,5.000000,0.000000,0.000000,10.000000,8.000000,0.000000,23.000000,LOW,False,occupation=10; channel=8; geography=5
C000130,5.000000,0.000000,0.000000,10.000000,5.000000,0.000000,20.000000,LOW,True,occupation=10; geography=5; channel=5
C000131,5.000000,0.000000,0.000000,20.000000,8.000000,0.000000,33.000000,MEDIUM,True,occupation=20; channel=8; geography=5
C000132,14.000000,0.000000,0.000000,2.000000,2.000000,0.000000,18.000000,LOW,True,geography=14; occupation=2; channel=2
C000133,16.000000,0.000000,0.000000,10.000000,5.000000,0.000000,31.000000,MEDIUM,True,geography=16; occupation=10; channel=5
C000134,18.000000,0.000000,0.000000,2.000000,2.000000,0.000000,22.000000,LOW,True,geography=18; occupation=2; channel=2
C000135,5.000000,0.000000,0.000000,2.000000,8.000000,0.000000,15.000000,LOW,False,channel=8; geography=5; occupation=2
C000136,5.000000,0.000000,0.000000,10.000000,2.000000,0.000000,17.000000,LOW,True,occupation=10; geography=5; channel=2
C000137,5.000000,0.000000,0.000000,2.000000,8.000000,0.000000,15.000000,LOW,True,channel=8; geography=5; occupation=2
C000138,5.000000,0.000000,0.000000,2.000000,8.000000,0.000000,15.000000,LOW,False,channel=8; geography=5; occupation=2
C000139,5.000000,22.000000,0.000000,2.000000,8.000000,0.000000,37.000000,MEDIUM,True,PEP=22; channel=8; geography=5
C000140,5.000000,0.000000,0.000000,10.000000,2.000000,0.000000,17.000000,LOW,True,occupation=10; geography=5; channel=2
C000141,5.000000,0.000000,0.000000,2.000000,8.000000,0.000000,15.000000,LOW,True,channel=8; geography=5; occupation=2
C000142,5.000000,0.000000,0.000000,2.000000,8.000000,0.000000,15.000000,LOW,False,channel=8; geography=5; occupation=2
C000143,5.000000,0.000000,0.000000,10.000000,5.000000,0.000000,20.000000,LOW,True,occupation=10; geography=5; channel=5
C000144,5.000000,0.000000,0.000000,2.000000,8.000000,0.000000,15.000000,LOW,False,channel=8; geography=5; occupation=2
C000145,5.000000,0.000000,0.000000,2.000000,2.000000,0.000000,9.000000,LOW,True,geography=5; occupation=2; channel=2
C000146,5.000000,0.000000,0.000000,2.000000,2.000000,0.000000,9.000000,LOW,False,geography=5; occupation=2; channel=2
C000147,5.000000,0.000000,0.000000,2.000000,5.000000,0.000000,12.000000,LOW,True,geography=5; channel=5; occupation=2
C000148,5.000000,0.000000,0.000000,2.000000,8.000000,0.000000,15.000000,LOW,False,channel=8; geography=5; occupation=2
C000149,5.000000,0.000000,0.000000,10.000000,2.000000,0.000000,17.000000,LOW,False,occupation=10; geography=5; channel=2
C000150,5.000000,0.000000,0.000000,10.000000,2.000000,0.000000,17.000000,LOW,False,occupation=10; geography=5; channel=2
C000151,5.000000,0.000000,0.000000,10.000000,2.000000,0.000000,17.000000,LOW,False,occupation=10; geography=5; channel=2
C000152,4.000000,0.000000,0.000000,2.000000,2.000000,0.000000,8.000000,LOW,False,geography=4; occupation=2; channel=2
C000153,5.000000,0.000000,0.000000,10.000000,2.000000,12.000000,29.000000,MEDIUM,True,KYC control gap=12; occupation=10; geography=5
C000154,5.000000,22.000000,0.000000,2.000000,2.000000,0.000000,31.000000,MEDIUM,False,PEP=22; geography=5; occupation=2
C000155,5.000000,0.000000,0.000000,2.000000,2.000000,0.000000,9.000000,LOW,False,geography=5; occupation=2; channel=2
C000156,5.000000,0.000000,0.000000,10.000000,2.000000,0.000000,17.000000,LOW,True,occupation=10; geography=5; channel=2
C000157,5.000000,0.000000,0.000000,2.000000,5.000000,0.000000,12.000000,LOW,False,geography=5; channel=5; occupation=2
C000158,5.000000,0.000000,0.000000,10.000000,2.000000,0.000000,17.000000,LOW,True,occupation=10; geography=5; channel=2
C000159,5.000000,0.000000,0.000000,10.000000,2.000000,0.000000,17.000000,LOW,True,occupation=10; geography=5; channel=2
C000160,5.000000,0.000000,0.000000,2.000000,2.000000,0.000000,9.000000,LOW,False,geography=5; occupation=2; channel=2
C000161,18.000000,0.000000,0.000000,2.000000,8.000000,0.000000,28.000000,MEDIUM,False,geography=18; channel=8; occupation=2
C000162,5.000000,0.000000,0.000000,2.000000,8.000000,0.000000,15.000000,LOW,True,channel=8; geography=5; occupation=2
C000163,5.000000,0.000000,0.000000,2.000000,2.000000,0.000000,9.000000,LOW,False,geography=5; occupation=2; channel=2
C000164,5.000000,0.000000,0.000000,2.000000,2.000000,0.000000,9.000000,LOW,False,geography=5; occupation=2; channel=2
C000165,5.000000,0.000000,0.000000,2.000000,8.000000,0.000000,15.000000,LOW,False,channel=8; geography=5; occupation=2
C000166,5.000000,0.000000,0.000000,2.000000,8.000000,0.000000,15.000000,LOW,False,channel=8; geography=5; occupation=2
C000167,14.000000,0.000000,0.000000,10.000000,2.000000,0.000000,26.000000,LOW,False,geography=14; occupation=10; channel=2
C000168,5.000000,0.000000,0.000000,2.000000,2.000000,0.000000,9.000000,LOW,True,geography=5; occupation=2; channel=2
C000169,5.000000,0.000000,0.000000,2.000000,2.000000,0.000000,9.000000,LOW,True,geography=5; occupation=2; channel=2
C000170,5.000000,0.000000,0.000000,10.000000,8.000000,0.000000,23.000000,LOW,False,occupation=10; channel=8; geography=5
C000171,5.000000,0.000000,0.000000,20.000000,8.000000,0.000000,33.000000,MEDIUM,True,occupation=20; channel=8; geography=5
C000172,5.000000,0.000000,0.000000,2.000000,5.000000,0.000000,12.000000,LOW,True,geography=5; channel=5; occupation=2
C000173,5.000000,0.000000,0.000000,10.000000,2.000000,0.000000,17.000000,LOW,False,occupation=10; geography=5; channel=2
C000174,5.000000,22.000000,0.000000,10.000000,2.000000,0.000000,39.000000,MEDIUM,False,PEP=22; occupation=10; geography=5
C000175,5.000000,0.000000,0.000000,2.000000,2.000000,0.000000,9.000000,LOW,False,geography=5; occupation=2; channel=2
C000176,5.000000,0.000000,0.000000,2.000000,5.000000,0.000000,12.000000,LOW,False,geography=5; channel=5; occupation=2
C000177,5.000000,22.000000,0.000000,2.000000,8.000000,0.000000,37.000000,MEDIUM,True,PEP=22; channel=8; geography=5
C000178,5.000000,0.000000,0.000000,10.000000,8.000000,0.000000,23.000000,LOW,True,occupation=10; channel=8; geography=5
C000179,5.000000,0.000000,0.000000,10.000000,8.000000,0.000000,23.000000,LOW,True,occupation=10; channel=8; geography=5
C000180,5.000000,0.000000,0.000000,10.000000,8.000000,0.000000,23.000000,LOW,True,occupation=10; channel=8; geography=5
C000181,18.000000,22.000000,0.000000,2.000000,2.000000,0.000000,44.000000,MEDIUM,False,PEP=22; geography=18; occupation=2
C000182,5.000000,0.000000,0.000000,2.000000,2.000000,0.000000,9.000000,LOW,False,geography=5; occupation=2; channel=2
C000183,5.000000,0.000000,0.000000,2.000000,8.000000,0.000000,15.000000,LOW,False,channel=8; geography=5; occupation=2
C000184,4.000000,0.000000,0.000000,2.000000,2.000000,0.000000,8.000000,LOW,True,geography=4; occupation=2; channel=2
C000185,18.000000,0.000000,0.000000,10.000000,2.000000,25.000000,55.000000,HIGH,True,KYC control gap=25; geography=18; occupation=10
C000186,5.000000,0.000000,0.000000,2.000000,5.000000,0.000000,12.000000,LOW,True,geography=5; channel=5; occupation=2
C000187,5.000000,0.000000,0.000000,10.000000,8.000000,0.000000,23.000000,LOW,False,occupation=10; channel=8; geography=5
C000188,5.000000,0.000000,0.000000,2.000000,8.000000,0.000000,15.000000,LOW,False,channel=8; geography=5; occupation=2
C000189,5.000000,0.000000,0.000000,2.000000,8.000000,0.000000,15.000000,LOW,True,channel=8; geography=5; occupation=2
C000190,5.000000,0.000000,0.000000,10.000000,2.000000,0.000000,17.000000,LOW,False,occupation=10; geography=5; channel=2
C000191,5.000000,0.000000,0.000000,20.000000,8.000000,0.000000,33.000000,MEDIUM,True,occupation=20; channel=8; geography=5
C000192,5.000000,0.000000,0.000000,2.000000,8.000000,0.000000,15.000000,LOW,False,channel=8; geography=5; occupation=2
C000193,5.000000,0.000000,0.000000,2.000000,8.000000,0.000000,15.000000,LOW,False,channel=8; geography=5; occupation=2
C000194,4.000000,0.000000,0.000000,10.000000,8.000000,0.000000,22.000000,LOW,False,occupation=10; channel=8; geography=4
C000195,5.000000,0.000000,0.000000,2.000000,2.000000,0.000000,9.000000,LOW,True,geography=5; occupation=2; channel=2
C000196,5.000000,0.000000,0.000000,2.000000,2.000000,0.000000,9.000000,LOW,True,geography=5; occupation=2; channel=2
C000197,5.000000,0.000000,0.000000,10.000000,8.000000,0.000000,23.000000,LOW,True,occupation=10; channel=8; geography=5
C000198,6.000000,0.000000,0.000000,2.000000,8.000000,0.000000,16.000000,LOW,False,channel=8; geography=6; occupation=2
C000199,5.000000,0.000000,0.000000,10.000000,8.000000,0.000000,23.000000,LOW,True,occupation=10; channel=8; geography=5
C000200,5.000000,0.000000,0.000000,2.000000,2.000000,0.000000,9.000000,LOW,True,geography=5; occupation=2; channel=2
C000201,5.000000,0.000000,0.000000,20.000000,8.000000,0.000000,33.000000,MEDIUM,True,occupation=20; channel=8; geography=5
C000202,5.000000,0.000000,0.000000,2.000000,2.000000,0.000000,9.000000,LOW,True,geography=5; occupation=2; channel=2
C000203,5.000000,0.000000,0.000000,2.000000,2.000000,0.000000,9.000000,LOW,True,geography=5; occupation=2; channel=2
C000204,5.000000,22.000000,0.000000,2.000000,2.000000,0.000000,31.000000,MEDIUM,True,PEP=22; geography=5; occupation=2
C000205,5.000000,0.000000,0.000000,2.000000,5.000000,0.000000,12.000000,LOW,True,geography=5; channel=5; occupation=2
C000206,5.000000,0.000000,0.000000,10.000000,8.000000,0.000000,23.000000,LOW,False,occupation=10; channel=8; geography=5
C000207,5.000000,0.000000,0.000000,2.000000,2.000000,0.000000,9.000000,LOW,True,geography=5; occupation=2; channel=2
C000208,18.000000,0.000000,0.000000,2.000000,2.000000,0.000000,22.000000,LOW,True,geography=18; occupation=2; channel=2
C000209,5.000000,0.000000,0.000000,2.000000,5.000000,0.000000,12.000000,LOW,True,geography=5; channel=5; occupation=2
C000210,5.000000,0.000000,0.000000,10.000000,5.000000,12.000000,32.000000,MEDIUM,True,KYC control gap=12; occupation=10; geography=5
C000211,6.000000,0.000000,0.000000,20.000000,8.000000,12.000000,46.000000,HIGH,True,occupation=20; KYC control gap=12; channel=8
C000212,5.000000,0.000000,0.000000,2.000000,2.000000,0.000000,9.000000,LOW,True,geography=5; occupation=2; channel=2
C000213,5.000000,0.000000,0.000000,2.000000,8.000000,0.000000,15.000000,LOW,False,channel=8; geography=5; occupation=2
C000214,5.000000,0.000000,0.000000,2.000000,2.000000,0.000000,9.000000,LOW,False,geography=5; occupation=2; channel=2
C000215,5.000000,0.000000,0.000000,10.000000,2.000000,0.000000,17.000000,LOW,True,occupation=10; geography=5; channel=2
C000216,5.000000,0.000000,0.000000,10.000000,8.000000,0.000000,23.000000,LOW,True,occupation=10; channel=8; geography=5
C000217,5.000000,0.000000,0.000000,2.000000,8.000000,0.000000,15.000000,LOW,True,channel=8; geography=5; occupation=2
C000218,14.000000,0.000000,0.000000,2.000000,8.000000,0.000000,24.000000,LOW,False,geography=14; channel=8; occupation=2
C000219,5.000000,0.000000,0.000000,2.000000,8.000000,0.000000,15.000000,LOW,False,channel=8; geography=5; occupation=2
C000220,14.000000,0.000000,0.000000,2.000000,8.000000,0.000000,24.000000,LOW,True,geography=14; channel=8; occupation=2
C000221,5.000000,0.000000,0.000000,10.000000,8.000000,0.000000,23.000000,LOW,False,occupation=10; channel=8; geography=5
C000222,5.000000,0.000000,0.000000,2.000000,8.000000,0.000000,15.000000,LOW,True,channel=8; geography=5; occupation=2
C000223,5.000000,0.000000,0.000000,20.000000,2.000000,0.000000,27.000000,LOW,False,occupation=20; geography=5; channel=2
C000224,14.000000,0.000000,0.000000,10.000000,8.000000,13.000000,45.000000,HIGH,False,geography=14; KYC control gap=13; occupation=10
C000225,5.000000,0.000000,0.000000,2.000000,2.000000,0.000000,9.000000,LOW,False,geography=5; occupation=2; channel=2
C000226,5.000000,0.000000,0.000000,2.000000,8.000000,0.000000,15.000000,LOW,False,channel=8; geography=5; occupation=2
C000227,6.000000,22.000000,0.000000,2.000000,8.000000,0.000000,38.000000,MEDIUM,True,PEP=22; channel=8; geography=6
C000228,5.000000,0.000000,0.000000,10.000000,2.000000,0.000000,17.000000,LOW,True,occupation=10; geography=5; channel=2
C000229,5.000000,0.000000,0.000000,20.000000,2.000000,0.000000,27.000000,LOW,True,occupation=20; geography=5; channel=2
C000230,5.000000,0.000000,0.000000,2.000000,2.000000,0.000000,9.000000,LOW,False,geography=5; occupation=2; channel=2
C000231,14.000000,0.000000,0.000000,10.000000,8.000000,0.000000,32.000000,MEDIUM,True,geography=14; occupation=10; channel=8
C000232,16.000000,0.000000,0.000000,2.000000,8.000000,0.000000,26.000000,LOW,False,geography=16; channel=8; occupation=2
C000233,18.000000,0.000000,0.000000,10.000000,2.000000,0.000000,30.000000,MEDIUM,True,geography=18; occupation=10; channel=2
C000234,5.000000,0.000000,0.000000,2.000000,8.000000,0.000000,15.000000,LOW,True,channel=8; geography=5; occupation=2
C000235,5.000000,0.000000,0.000000,10.000000,8.000000,13.000000,36.000000,MEDIUM,False,KYC control gap=13; occupation=10; channel=8
C000236,5.000000,0.000000,0.000000,2.000000,2.000000,0.000000,9.000000,LOW,False,geography=5; occupation=2; channel=2
C000237,5.000000,0.000000,0.000000,2.000000,2.000000,0.000000,9.000000,LOW,False,geography=5; occupation=2; channel=2
C000238,4.000000,0.000000,0.000000,20.000000,2.000000,0.000000,26.000000,LOW,True,occupation=20; geography=4; channel=2
C000239,18.000000,0.000000,0.000000,10.000000,2.000000,0.000000,30.000000,MEDIUM,False,geography=18; occupation=10; channel=2
C000240,5.000000,0.000000,0.000000,10.000000,2.000000,0.000000,17.000000,LOW,False,occupation=10; geography=5; channel=2
C000241,5.000000,0.000000,0.000000,2.000000,2.000000,0.000000,9.000000,LOW,False,geography=5; occupation=2; channel=2
C000242,5.000000,0.000000,0.000000,2.000000,8.000000,0.000000,15.000000,LOW,False,channel=8; geography=5; occupation=2
C000243,5.000000,0.000000,0.000000,10.000000,8.000000,0.000000,23.000000,LOW,False,occupation=10; channel=8; geography=5
C000244,14.000000,0.000000,0.000000,10.000000,8.000000,0.000000,32.000000,MEDIUM,True,geography=14; occupation=10; channel=8
C000245,5.000000,0.000000,0.000000,10.000000,2.000000,0.000000,17.000000,LOW,False,occupation=10; geography=5; channel=2
C000246,5.000000,0.000000,0.000000,10.000000,2.000000,0.000000,17.000000,LOW,False,occupation=10; geography=5; channel=2
C000247,5.000000,0.000000,0.000000,2.000000,8.000000,0.000000,15.000000,LOW,False,channel=8; geography=5; occupation=2
C000248,5.000000,0.000000,0.000000,2.000000,8.000000,0.000000,15.000000,LOW,False,channel=8; geography=5; occupation=2
C000249,4.000000,0.000000,0.000000,20.000000,8.000000,0.000000,32.000000,MEDIUM,True,occupation=20; channel=8; geography=4
C000250,5.000000,0.000000,0.000000,10.000000,8.000000,0.000000,23.000000,LOW,True,occupation=10; channel=8; geography=5
C000251,5.000000,0.000000,0.000000,2.000000,8.000000,0.000000,15.000000,LOW,False,channel=8; geography=5; occupation=2
C000252,5.000000,0.000000,0.000000,10.000000,2.000000,0.000000,17.000000,LOW,True,occupation=10; geography=5; channel=2
C000253,5.000000,0.000000,0.000000,2.000000,8.000000,0.000000,15.000000,LOW,False,channel=8; geography=5; occupation=2
C000254,5.000000,0.000000,0.000000,2.000000,5.000000,0.000000,12.000000,LOW,True,geography=5; channel=5; occupation=2
C000255,5.000000,0.000000,0.000000,2.000000,8.000000,0.000000,15.000000,LOW,False,channel=8; geography=5; occupation=2
C000256,5.000000,0.000000,0.000000,2.000000,2.000000,13.000000,22.000000,LOW,False,KYC control gap=13; geography=5; occupation=2
C000257,5.000000,0.000000,0.000000,2.000000,8.000000,0.000000,15.000000,LOW,True,channel=8; geography=5; occupation=2
C000258,5.000000,0.000000,0.000000,2.000000,2.000000,0.000000,9.000000,LOW,False,geography=5; occupation=2; channel=2
C000259,18.000000,0.000000,0.000000,2.000000,2.000000,0.000000,22.000000,LOW,False,geography=18; occupation=2; channel=2
C000260,14.000000,0.000000,0.000000,2.000000,2.000000,0.000000,18.000000,LOW,True,geography=14; occupation=2; channel=2
C000261,5.000000,0.000000,0.000000,2.000000,8.000000,0.000000,15.000000,LOW,False,channel=8; geography=5; occupation=2
C000262,5.000000,0.000000,0.000000,2.000000,2.000000,0.000000,9.000000,LOW,False,geography=5; occupation=2; channel=2
C000263,5.000000,0.000000,0.000000,2.000000,8.000000,0.000000,15.000000,LOW,True,channel=8; geography=5; occupation=2
C000264,5.000000,0.000000,0.000000,10.000000,8.000000,12.000000,35.000000,MEDIUM,True,KYC control gap=12; occupation=10; channel=8
C000265,5.000000,0.000000,0.000000,10.000000,8.000000,0.000000,23.000000,LOW,False,occupation=10; channel=8; geography=5
C000266,5.000000,0.000000,0.000000,2.000000,8.000000,0.000000,15.000000,LOW,False,channel=8; geography=5; occupation=2
C000267,5.000000,0.000000,0.000000,20.000000,2.000000,0.000000,27.000000,LOW,True,occupation=20; geography=5; channel=2
C000268,6.000000,0.000000,0.000000,10.000000,2.000000,0.000000,18.000000,LOW,True,occupation=10; geography=6; channel=2
C000269,5.000000,0.000000,0.000000,2.000000,2.000000,0.000000,9.000000,LOW,False,geography=5; occupation=2; channel=2
C000270,5.000000,0.000000,0.000000,2.000000,8.000000,0.000000,15.000000,LOW,True,channel=8; geography=5; occupation=2
C000271,5.000000,0.000000,0.000000,2.000000,8.000000,0.000000,15.000000,LOW,True,channel=8; geography=5; occupation=2
C000272,5.000000,0.000000,0.000000,2.000000,8.000000,0.000000,15.000000,LOW,True,channel=8; geography=5; occupation=2
C000273,5.000000,0.000000,0.000000,2.000000,8.000000,0.000000,15.000000,LOW,False,channel=8; geography=5; occupation=2
C000274,5.000000,0.000000,0.000000,2.000000,2.000000,0.000000,9.000000,LOW,False,geography=5; occupation=2; channel=2
C000275,5.000000,0.000000,0.000000,10.000000,8.000000,0.000000,23.000000,LOW,False,occupation=10; channel=8; geography=5
C000276,5.000000,0.000000,0.000000,2.000000,2.000000,0.000000,9.000000,LOW,False,geography=5; occupation=2; channel=2
C000277,16.000000,0.000000,0.000000,10.000000,8.000000,0.000000,34.000000,MEDIUM,True,geography=16; occupation=10; channel=8
C000278,16.000000,0.000000,0.000000,2.000000,8.000000,0.000000,26.000000,LOW,True,geography=16; channel=8; occupation=2
C000279,5.000000,0.000000,0.000000,2.000000,2.000000,0.000000,9.000000,LOW,True,geography=5; occupation=2; channel=2
C000280,5.000000,0.000000,0.000000,2.000000,2.000000,0.000000,9.000000,LOW,False,geography=5; occupation=2; channel=2
C000281,5.000000,0.000000,0.000000,2.000000,2.000000,0.000000,9.000000,LOW,False,geography=5; occupation=2; channel=2
C000282,5.000000,0.000000,0.000000,2.000000,8.000000,0.000000,15.000000,LOW,False,channel=8; geography=5; occupation=2
C000283,5.000000,0.000000,0.000000,10.000000,2.000000,0.000000,17.000000,LOW,True,occupation=10; geography=5; channel=2
C000284,5.000000,0.000000,0.000000,2.000000,8.000000,0.000000,15.000000,LOW,True,channel=8; geography=5; occupation=2
C000285,5.000000,0.000000,0.000000,2.000000,8.000000,0.000000,15.000000,LOW,True,channel=8; geography=5; occupation=2
C000286,5.000000,0.000000,0.000000,2.000000,8.000000,0.000000,15.000000,LOW,False,channel=8; geography=5; occupation=2
C000287,5.000000,0.000000,0.000000,20.000000,2.000000,0.000000,27.000000,LOW,True,occupation=20; geography=5; channel=2
C000288,5.000000,0.000000,0.000000,2.000000,8.000000,0.000000,15.000000,LOW,False,channel=8; geography=5; occupation=2
C000289,5.000000,22.000000,0.000000,2.000000,8.000000,0.000000,37.000000,MEDIUM,True,PEP=22; channel=8; geography=5
C000290,5.000000,0.000000,0.000000,2.000000,2.000000,0.000000,9.000000,LOW,True,geography=5; occupation=2; channel=2
C000291,5.000000,0.000000,0.000000,2.000000,8.000000,0.000000,15.000000,LOW,True,channel=8; geography=5; occupation=2
C000292,5.000000,0.000000,0.000000,2.000000,2.000000,0.000000,9.000000,LOW,False,geography=5; occupation=2; channel=2
C000293,18.000000,0.000000,0.000000,10.000000,8.000000,0.000000,36.000000,MEDIUM,False,geography=18; occupation=10; channel=8
C000294,5.000000,0.000000,0.000000,2.000000,2.000000,0.000000,9.000000,LOW,False,geography=5; occupation=2; channel=2
C000295,5.000000,0.000000,0.000000,2.000000,2.000000,0.000000,9.000000,LOW,True,geography=5; occupation=2; channel=2
C000296,5.000000,0.000000,0.000000,10.000000,8.000000,0.000000,23.000000,LOW,True,occupation=10; channel=8; geography=5
C000297,5.000000,0.000000,0.000000,2.000000,8.000000,0.000000,15.000000,LOW,True,channel=8; geography=5; occupation=2
C000298,5.000000,0.000000,0.000000,2.000000,8.000000,0.000000,15.000000,LOW,False,channel=8; geography=5; occupation=2
C000299,5.000000,0.000000,0.000000,2.000000,5.000000,0.000000,12.000000,LOW,True,geography=5; channel=5; occupation=2
C000300,5.000000,0.000000,0.000000,2.000000,8.000000,0.000000,15.000000,LOW,True,channel=8; geography=5; occupation=2
C000301,5.000000,0.000000,0.000000,2.000000,5.000000,0.000000,12.000000,LOW,True,geography=5; channel=5; occupation=2
C000302,5.000000,0.000000,0.000000,2.000000,8.000000,0.000000,15.000000,LOW,True,channel=8; geography=5; occupation=2
C000303,5.000000,0.000000,0.000000,2.000000,8.000000,0.000000,15.000000,LOW,False,channel=8; geography=5; occupation=2
C000304,5.000000,0.000000,0.000000,20.000000,8.000000,0.000000,33.000000,MEDIUM,False,occupation=20; channel=8; geography=5
C000305,5.000000,0.000000,0.000000,20.000000,2.000000,0.000000,27.000000,LOW,True,occupation=20; geography=5; channel=2
C000306,5.000000,0.000000,0.000000,2.000000,8.000000,0.000000,15.000000,LOW,False,channel=8; geography=5; occupation=2
C000307,5.000000,0.000000,0.000000,10.000000,8.000000,0.000000,23.000000,LOW,False,occupation=10; channel=8; geography=5
C000308,5.000000,0.000000,0.000000,2.000000,8.000000,0.000000,15.000000,LOW,True,channel=8; geography=5; occupation=2
C000309,14.000000,0.000000,0.000000,10.000000,8.000000,0.000000,32.000000,MEDIUM,False,geography=14; occupation=10; channel=8
C000310,18.000000,0.000000,0.000000,10.000000,2.000000,12.000000,42.000000,MEDIUM,True,geography=18; KYC control gap=12; occupation=10
C000311,5.000000,0.000000,0.000000,10.000000,2.000000,0.000000,17.000000,LOW,False,occupation=10; geography=5; channel=2
C000312,5.000000,0.000000,0.000000,2.000000,5.000000,0.000000,12.000000,LOW,True,geography=5; channel=5; occupation=2
C000313,5.000000,0.000000,0.000000,2.000000,8.000000,0.000000,15.000000,LOW,False,channel=8; geography=5; occupation=2
C000314,5.000000,0.000000,0.000000,10.000000,8.000000,0.000000,23.000000,LOW,False,occupation=10; channel=8; geography=5
C000315,5.000000,0.000000,0.000000,2.000000,8.000000,0.000000,15.000000,LOW,False,channel=8; geography=5; occupation=2
C000316,16.000000,0.000000,0.000000,2.000000,8.000000,0.000000,26.000000,LOW,False,geography=16; channel=8; occupation=2
C000317,5.000000,0.000000,0.000000,2.000000,5.000000,0.000000,12.000000,LOW,False,geography=5; channel=5; occupation=2
C000318,5.000000,0.000000,0.000000,2.000000,8.000000,0.000000,15.000000,LOW,False,channel=8; geography=5; occupation=2
C000319,5.000000,0.000000,0.000000,10.000000,8.000000,0.000000,23.000000,LOW,True,occupation=10; channel=8; geography=5
C000320,30.000000,0.000000,0.000000,10.000000,2.000000,0.000000,42.000000,MEDIUM,True,geography=30; occupation=10; channel=2
C000321,5.000000,0.000000,0.000000,2.000000,8.000000,0.000000,15.000000,LOW,False,channel=8; geography=5; occupation=2
C000322,6.000000,0.000000,0.000000,2.000000,8.000000,0.000000,16.000000,LOW,False,channel=8; geography=6; occupation=2
C000323,5.000000,0.000000,0.000000,2.000000,2.000000,0.000000,9.000000,LOW,True,geography=5; occupation=2; channel=2
C000324,6.000000,0.000000,0.000000,10.000000,2.000000,0.000000,18.000000,LOW,True,occupation=10; geography=6; channel=2
C000325,4.000000,0.000000,0.000000,10.000000,8.000000,0.000000,22.000000,LOW,True,occupation=10; channel=8; geography=4
C000326,5.000000,0.000000,0.000000,2.000000,5.000000,0.000000,12.000000,LOW,True,geography=5; channel=5; occupation=2
C000327,5.000000,0.000000,0.000000,2.000000,2.000000,0.000000,9.000000,LOW,True,geography=5; occupation=2; channel=2
C000328,16.000000,0.000000,0.000000,10.000000,8.000000,0.000000,34.000000,MEDIUM,False,geography=16; occupation=10; channel=8
C000329,5.000000,0.000000,0.000000,2.000000,8.000000,0.000000,15.000000,LOW,True,channel=8; geography=5; occupation=2
C000330,5.000000,0.000000,0.000000,2.000000,8.000000,0.000000,15.000000,LOW,False,channel=8; geography=5; occupation=2
C000331,5.000000,0.000000,0.000000,20.000000,2.000000,0.000000,27.000000,LOW,False,occupation=20; geography=5; channel=2
C000332,5.000000,0.000000,0.000000,2.000000,5.000000,0.000000,12.000000,LOW,False,geography=5; channel=5; occupation=2
C000333,5.000000,0.000000,0.000000,2.000000,8.000000,0.000000,15.000000,LOW,False,channel=8; geography=5; occupation=2
C000334,5.000000,0.000000,0.000000,20.000000,2.000000,0.000000,27.000000,LOW,False,occupation=20; geography=5; channel=2
C000335,6.000000,0.000000,0.000000,2.000000,8.000000,0.000000,16.000000,LOW,True,channel=8; geography=6; occupation=2
C000336,5.000000,0.000000,0.000000,2.000000,8.000000,0.000000,15.000000,LOW,False,channel=8; geography=5; occupation=2
C000337,5.000000,0.000000,0.000000,2.000000,5.000000,0.000000,12.000000,LOW,False,geography=5; channel=5; occupation=2
C000338,5.000000,0.000000,0.000000,10.000000,5.000000,0.000000,20.000000,LOW,True,occupation=10; geography=5; channel=5
C000339,5.000000,0.000000,0.000000,2.000000,2.000000,0.000000,9.000000,LOW,True,geography=5; occupation=2; channel=2
C000340,5.000000,0.000000,0.000000,10.000000,2.000000,0.000000,17.000000,LOW,True,occupation=10; geography=5; channel=2
C000341,5.000000,0.000000,0.000000,2.000000,8.000000,0.000000,15.000000,LOW,True,channel=8; geography=5; occupation=2
C000342,5.000000,0.000000,0.000000,2.000000,5.000000,0.000000,12.000000,LOW,True,geography=5; channel=5; occupation=2
C000343,14.000000,0.000000,0.000000,2.000000,5.000000,0.000000,21.000000,LOW,False,geography=14; channel=5; occupation=2
C000344,5.000000,0.000000,0.000000,2.000000,8.000000,0.000000,15.000000,LOW,True,channel=8; geography=5; occupation=2
C000345,6.000000,0.000000,0.000000,2.000000,2.000000,0.000000,10.000000,LOW,False,geography=6; occupation=2; channel=2
C000346,5.000000,0.000000,0.000000,10.000000,8.000000,0.000000,23.000000,LOW,False,occupation=10; channel=8; geography=5
C000347,18.000000,0.000000,0.000000,10.000000,5.000000,0.000000,33.000000,MEDIUM,False,geography=18; occupation=10; channel=5
C000348,5.000000,0.000000,0.000000,2.000000,2.000000,0.000000,9.000000,LOW,True,geography=5; occupation=2; channel=2
C000349,5.000000,0.000000,0.000000,2.000000,8.000000,0.000000,15.000000,LOW,False,channel=8; geography=5; occupation=2
C000350,5.000000,0.000000,0.000000,10.000000,8.000000,0.000000,23.000000,LOW,True,occupation=10; channel=8; geography=5
C000351,5.000000,0.000000,0.000000,2.000000,2.000000,0.000000,9.000000,LOW,False,geography=5; occupation=2; channel=2
C000352,5.000000,0.000000,0.000000,2.000000,8.000000,0.000000,15.000000,LOW,True,channel=8; geography=5; occupation=2
C000353,5.000000,0.000000,0.000000,2.000000,2.000000,12.000000,21.000000,LOW,True,KYC control gap=12; geography=5; occupation=2
C000354,18.000000,0.000000,0.000000,2.000000,2.000000,0.000000,22.000000,LOW,True,geography=18; occupation=2; channel=2
C000355,5.000000,0.000000,0.000000,10.000000,8.000000,0.000000,23.000000,LOW,False,occupation=10; channel=8; geography=5
C000356,5.000000,0.000000,0.000000,2.000000,2.000000,0.000000,9.000000,LOW,True,geography=5; occupation=2; channel=2
C000357,5.000000,0.000000,0.000000,2.000000,2.000000,0.000000,9.000000,LOW,False,geography=5; occupation=2; channel=2
C000358,5.000000,0.000000,0.000000,10.000000,2.000000,0.000000,17.000000,LOW,False,occupation=10; geography=5; channel=2
C000359,6.000000,0.000000,0.000000,2.000000,5.000000,0.000000,13.000000,LOW,False,geography=6; channel=5; occupation=2
C000360,5.000000,0.000000,0.000000,2.000000,2.000000,0.000000,9.000000,LOW,True,geography=5; occupation=2; channel=2
C000361,5.000000,0.000000,0.000000,20.000000,2.000000,0.000000,27.000000,LOW,True,occupation=20; geography=5; channel=2
C000362,5.000000,22.000000,0.000000,2.000000,2.000000,0.000000,31.000000,MEDIUM,False,PEP=22; geography=5; occupation=2
C000363,5.000000,0.000000,0.000000,2.000000,2.000000,0.000000,9.000000,LOW,False,geography=5; occupation=2; channel=2
C000364,5.000000,0.000000,0.000000,2.000000,5.000000,12.000000,24.000000,LOW,False,KYC control gap=12; geography=5; channel=5
C000365,5.000000,0.000000,0.000000,2.000000,8.000000,0.000000,15.000000,LOW,False,channel=8; geography=5; occupation=2
C000366,5.000000,0.000000,35.000000,2.000000,2.000000,0.000000,44.000000,MEDIUM,False,synthetic screening=35; geography=5; occupation=2
C000367,5.000000,0.000000,0.000000,10.000000,2.000000,0.000000,17.000000,LOW,False,occupation=10; geography=5; channel=2
C000368,5.000000,0.000000,0.000000,2.000000,8.000000,0.000000,15.000000,LOW,False,channel=8; geography=5; occupation=2
C000369,5.000000,0.000000,0.000000,2.000000,2.000000,0.000000,9.000000,LOW,False,geography=5; occupation=2; channel=2
C000370,30.000000,0.000000,0.000000,2.000000,8.000000,0.000000,40.000000,MEDIUM,True,geography=30; channel=8; occupation=2
C000371,5.000000,0.000000,0.000000,2.000000,2.000000,0.000000,9.000000,LOW,False,geography=5; occupation=2; channel=2
C000372,5.000000,0.000000,0.000000,20.000000,8.000000,0.000000,33.000000,MEDIUM,True,occupation=20; channel=8; geography=5
C000373,5.000000,0.000000,0.000000,2.000000,8.000000,0.000000,15.000000,LOW,False,channel=8; geography=5; occupation=2
C000374,5.000000,22.000000,0.000000,2.000000,2.000000,0.000000,31.000000,MEDIUM,False,PEP=22; geography=5; occupation=2
C000375,5.000000,0.000000,0.000000,2.000000,8.000000,0.000000,15.000000,LOW,True,channel=8; geography=5; occupation=2
C000376,5.000000,0.000000,0.000000,2.000000,2.000000,0.000000,9.000000,LOW,True,geography=5; occupation=2; channel=2
C000377,5.000000,0.000000,0.000000,20.000000,8.000000,0.000000,33.000000,MEDIUM,False,occupation=20; channel=8; geography=5
C000378,5.000000,0.000000,0.000000,2.000000,8.000000,0.000000,15.000000,LOW,False,channel=8; geography=5; occupation=2
C000379,14.000000,0.000000,0.000000,10.000000,8.000000,0.000000,32.000000,MEDIUM,False,geography=14; occupation=10; channel=8
C000380,4.000000,0.000000,0.000000,10.000000,8.000000,0.000000,22.000000,LOW,True,occupation=10; channel=8; geography=4
C000381,5.000000,0.000000,0.000000,2.000000,8.000000,0.000000,15.000000,LOW,True,channel=8; geography=5; occupation=2
C000382,5.000000,0.000000,0.000000,2.000000,5.000000,0.000000,12.000000,LOW,True,geography=5; channel=5; occupation=2
C000383,5.000000,0.000000,0.000000,2.000000,8.000000,0.000000,15.000000,LOW,False,channel=8; geography=5; occupation=2
C000384,5.000000,0.000000,0.000000,2.000000,2.000000,0.000000,9.000000,LOW,True,geography=5; occupation=2; channel=2
C000385,6.000000,0.000000,0.000000,2.000000,8.000000,0.000000,16.000000,LOW,False,channel=8; geography=6; occupation=2
C000386,5.000000,0.000000,0.000000,10.000000,8.000000,0.000000,23.000000,LOW,True,occupation=10; channel=8; geography=5
C000387,5.000000,0.000000,0.000000,2.000000,2.000000,0.000000,9.000000,LOW,True,geography=5; occupation=2; channel=2
C000388,5.000000,0.000000,0.000000,2.000000,2.000000,0.000000,9.000000,LOW,False,geography=5; occupation=2; channel=2
C000389,5.000000,0.000000,0.000000,2.000000,8.000000,0.000000,15.000000,LOW,False,channel=8; geography=5; occupation=2
C000390,16.000000,0.000000,0.000000,2.000000,8.000000,0.000000,26.000000,LOW,True,geography=16; channel=8; occupation=2
C000391,5.000000,0.000000,0.000000,10.000000,2.000000,0.000000,17.000000,LOW,False,occupation=10; geography=5; channel=2
C000392,5.000000,0.000000,0.000000,2.000000,5.000000,0.000000,12.000000,LOW,False,geography=5; channel=5; occupation=2
C000393,5.000000,0.000000,0.000000,2.000000,2.000000,0.000000,9.000000,LOW,True,geography=5; occupation=2; channel=2
C000394,5.000000,0.000000,0.000000,2.000000,2.000000,0.000000,9.000000,LOW,True,geography=5; occupation=2; channel=2
C000395,5.000000,0.000000,0.000000,20.000000,2.000000,0.000000,27.000000,LOW,True,occupation=20; geography=5; channel=2
C000396,5.000000,0.000000,0.000000,2.000000,8.000000,0.000000,15.000000,LOW,True,channel=8; geography=5; occupation=2
C000397,5.000000,0.000000,0.000000,2.000000,8.000000,0.000000,15.000000,LOW,True,channel=8; geography=5; occupation=2
C000398,5.000000,0.000000,0.000000,10.000000,8.000000,0.000000,23.000000,LOW,False,occupation=10; channel=8; geography=5
C000399,5.000000,0.000000,0.000000,10.000000,8.000000,0.000000,23.000000,LOW,True,occupation=10; channel=8; geography=5
C000400,5.000000,0.000000,0.000000,2.000000,8.000000,0.000000,15.000000,LOW,False,channel=8; geography=5; occupation=2
C000401,4.000000,0.000000,0.000000,2.000000,8.000000,0.000000,14.000000,LOW,False,channel=8; geography=4; occupation=2
C000402,5.000000,0.000000,0.000000,2.000000,8.000000,0.000000,15.000000,LOW,False,channel=8; geography=5; occupation=2
C000403,5.000000,0.000000,0.000000,10.000000,2.000000,0.000000,17.000000,LOW,False,occupation=10; geography=5; channel=2
C000404,4.000000,0.000000,0.000000,2.000000,8.000000,0.000000,14.000000,LOW,True,channel=8; geography=4; occupation=2
C000405,5.000000,0.000000,0.000000,10.000000,8.000000,0.000000,23.000000,LOW,True,occupation=10; channel=8; geography=5
C000406,5.000000,0.000000,0.000000,2.000000,8.000000,0.000000,15.000000,LOW,False,channel=8; geography=5; occupation=2
C000407,5.000000,0.000000,0.000000,2.000000,5.000000,0.000000,12.000000,LOW,False,geography=5; channel=5; occupation=2
C000408,5.000000,0.000000,0.000000,2.000000,8.000000,0.000000,15.000000,LOW,False,channel=8; geography=5; occupation=2
C000409,5.000000,0.000000,0.000000,2.000000,8.000000,0.000000,15.000000,LOW,False,channel=8; geography=5; occupation=2
C000410,16.000000,0.000000,0.000000,2.000000,5.000000,0.000000,23.000000,LOW,False,geography=16; channel=5; occupation=2
C000411,5.000000,0.000000,0.000000,10.000000,8.000000,0.000000,23.000000,LOW,False,occupation=10; channel=8; geography=5
C000412,5.000000,0.000000,0.000000,2.000000,2.000000,0.000000,9.000000,LOW,False,geography=5; occupation=2; channel=2
C000413,5.000000,0.000000,0.000000,2.000000,8.000000,0.000000,15.000000,LOW,True,channel=8; geography=5; occupation=2
C000414,5.000000,0.000000,0.000000,2.000000,2.000000,0.000000,9.000000,LOW,False,geography=5; occupation=2; channel=2
C000415,5.000000,0.000000,0.000000,2.000000,2.000000,0.000000,9.000000,LOW,False,geography=5; occupation=2; channel=2
C000416,5.000000,0.000000,0.000000,10.000000,8.000000,0.000000,23.000000,LOW,False,occupation=10; channel=8; geography=5
C000417,14.000000,0.000000,0.000000,2.000000,5.000000,0.000000,21.000000,LOW,False,geography=14; channel=5; occupation=2
C000418,5.000000,0.000000,0.000000,20.000000,8.000000,0.000000,33.000000,MEDIUM,True,occupation=20; channel=8; geography=5
C000419,5.000000,0.000000,0.000000,20.000000,2.000000,0.000000,27.000000,LOW,True,occupation=20; geography=5; channel=2
C000420,14.000000,0.000000,0.000000,10.000000,8.000000,0.000000,32.000000,MEDIUM,False,geography=14; occupation=10; channel=8
C000421,5.000000,0.000000,0.000000,2.000000,2.000000,0.000000,9.000000,LOW,True,geography=5; occupation=2; channel=2
C000422,5.000000,0.000000,0.000000,2.000000,8.000000,0.000000,15.000000,LOW,False,channel=8; geography=5; occupation=2
C000423,5.000000,0.000000,0.000000,10.000000,5.000000,0.000000,20.000000,LOW,False,occupation=10; geography=5; channel=5
C000424,4.000000,0.000000,0.000000,2.000000,8.000000,0.000000,14.000000,LOW,False,channel=8; geography=4; occupation=2
C000425,5.000000,0.000000,0.000000,2.000000,8.000000,0.000000,15.000000,LOW,False,channel=8; geography=5; occupation=2
C000426,5.000000,0.000000,0.000000,2.000000,8.000000,0.000000,15.000000,LOW,False,channel=8; geography=5; occupation=2
C000427,5.000000,0.000000,0.000000,10.000000,8.000000,0.000000,23.000000,LOW,True,occupation=10; channel=8; geography=5
C000428,5.000000,0.000000,0.000000,20.000000,5.000000,0.000000,30.000000,MEDIUM,True,occupation=20; geography=5; channel=5
C000429,5.000000,0.000000,0.000000,2.000000,8.000000,0.000000,15.000000,LOW,False,channel=8; geography=5; occupation=2
C000430,5.000000,0.000000,0.000000,2.000000,5.000000,0.000000,12.000000,LOW,False,geography=5; channel=5; occupation=2
C000431,5.000000,0.000000,0.000000,2.000000,2.000000,0.000000,9.000000,LOW,False,geography=5; occupation=2; channel=2
C000432,5.000000,0.000000,0.000000,2.000000,2.000000,0.000000,9.000000,LOW,False,geography=5; occupation=2; channel=2
C000433,5.000000,0.000000,0.000000,2.000000,2.000000,12.000000,21.000000,LOW,False,KYC control gap=12; geography=5; occupation=2
C000434,5.000000,0.000000,0.000000,10.000000,5.000000,0.000000,20.000000,LOW,True,occupation=10; geography=5; channel=5
C000435,5.000000,0.000000,0.000000,20.000000,8.000000,13.000000,46.000000,HIGH,False,occupation=20; KYC control gap=13; channel=8
C000436,6.000000,0.000000,0.000000,20.000000,2.000000,0.000000,28.000000,MEDIUM,False,occupation=20; geography=6; channel=2
C000437,5.000000,0.000000,0.000000,10.000000,2.000000,12.000000,29.000000,MEDIUM,True,KYC control gap=12; occupation=10; geography=5
C000438,5.000000,0.000000,0.000000,10.000000,2.000000,0.000000,17.000000,LOW,True,occupation=10; geography=5; channel=2
C000439,5.000000,0.000000,0.000000,2.000000,5.000000,0.000000,12.000000,LOW,False,geography=5; channel=5; occupation=2
C000440,5.000000,0.000000,0.000000,10.000000,8.000000,0.000000,23.000000,LOW,False,occupation=10; channel=8; geography=5
C000441,5.000000,0.000000,0.000000,2.000000,5.000000,0.000000,12.000000,LOW,True,geography=5; channel=5; occupation=2
C000442,5.000000,0.000000,0.000000,2.000000,2.000000,0.000000,9.000000,LOW,True,geography=5; occupation=2; channel=2
C000443,5.000000,0.000000,0.000000,2.000000,8.000000,0.000000,15.000000,LOW,True,channel=8; geography=5; occupation=2
C000444,5.000000,0.000000,0.000000,10.000000,5.000000,0.000000,20.000000,LOW,False,occupation=10; geography=5; channel=5
C000445,5.000000,0.000000,0.000000,10.000000,8.000000,0.000000,23.000000,LOW,True,occupation=10; channel=8; geography=5
C000446,5.000000,0.000000,0.000000,2.000000,2.000000,0.000000,9.000000,LOW,True,geography=5; occupation=2; channel=2
C000447,5.000000,0.000000,0.000000,2.000000,2.000000,0.000000,9.000000,LOW,False,geography=5; occupation=2; channel=2
C000448,5.000000,0.000000,0.000000,2.000000,2.000000,0.000000,9.000000,LOW,True,geography=5; occupation=2; channel=2
C000449,5.000000,0.000000,0.000000,2.000000,8.000000,0.000000,15.000000,LOW,False,channel=8; geography=5; occupation=2
C000450,5.000000,0.000000,0.000000,2.000000,5.000000,0.000000,12.000000,LOW,False,geography=5; channel=5; occupation=2
C000451,16.000000,0.000000,0.000000,10.000000,8.000000,0.000000,34.000000,MEDIUM,False,geography=16; occupation=10; channel=8
C000452,5.000000,0.000000,0.000000,10.000000,8.000000,0.000000,23.000000,LOW,True,occupation=10; channel=8; geography=5
C000453,5.000000,0.000000,0.000000,10.000000,5.000000,0.000000,20.000000,LOW,True,occupation=10; geography=5; channel=5
C000454,5.000000,0.000000,0.000000,2.000000,2.000000,0.000000,9.000000,LOW,True,geography=5; occupation=2; channel=2
C000455,4.000000,0.000000,0.000000,2.000000,2.000000,0.000000,8.000000,LOW,True,geography=4; occupation=2; channel=2
C000456,5.000000,0.000000,0.000000,10.000000,8.000000,0.000000,23.000000,LOW,False,occupation=10; channel=8; geography=5
C000457,5.000000,0.000000,0.000000,10.000000,2.000000,0.000000,17.000000,LOW,False,occupation=10; geography=5; channel=2
C000458,6.000000,0.000000,0.000000,10.000000,2.000000,12.000000,30.000000,MEDIUM,True,KYC control gap=12; occupation=10; geography=6
C000459,5.000000,0.000000,0.000000,2.000000,2.000000,0.000000,9.000000,LOW,True,geography=5; occupation=2; channel=2
C000460,5.000000,0.000000,0.000000,10.000000,5.000000,0.000000,20.000000,LOW,False,occupation=10; geography=5; channel=5
C000461,5.000000,0.000000,0.000000,10.000000,5.000000,0.000000,20.000000,LOW,True,occupation=10; geography=5; channel=5
C000462,5.000000,0.000000,0.000000,20.000000,2.000000,0.000000,27.000000,LOW,False,occupation=20; geography=5; channel=2
C000463,5.000000,0.000000,0.000000,20.000000,2.000000,0.000000,27.000000,LOW,False,occupation=20; geography=5; channel=2
C000464,5.000000,0.000000,0.000000,2.000000,8.000000,12.000000,27.000000,LOW,False,KYC control gap=12; channel=8; geography=5
C000465,4.000000,0.000000,0.000000,2.000000,8.000000,0.000000,14.000000,LOW,True,channel=8; geography=4; occupation=2
C000466,14.000000,0.000000,0.000000,10.000000,2.000000,12.000000,38.000000,MEDIUM,False,geography=14; KYC control gap=12; occupation=10
C000467,18.000000,0.000000,0.000000,2.000000,8.000000,0.000000,28.000000,MEDIUM,False,geography=18; channel=8; occupation=2
C000468,5.000000,0.000000,0.000000,10.000000,2.000000,0.000000,17.000000,LOW,False,occupation=10; geography=5; channel=2
C000469,5.000000,0.000000,0.000000,2.000000,8.000000,0.000000,15.000000,LOW,True,channel=8; geography=5; occupation=2
C000470,5.000000,0.000000,0.000000,2.000000,2.000000,0.000000,9.000000,LOW,True,geography=5; occupation=2; channel=2
C000471,5.000000,0.000000,0.000000,10.000000,8.000000,0.000000,23.000000,LOW,False,occupation=10; channel=8; geography=5
C000472,5.000000,0.000000,0.000000,2.000000,2.000000,0.000000,9.000000,LOW,True,geography=5; occupation=2; channel=2
C000473,5.000000,0.000000,0.000000,2.000000,2.000000,12.000000,21.000000,LOW,False,KYC control gap=12; geography=5; occupation=2
C000474,5.000000,0.000000,0.000000,2.000000,8.000000,0.000000,15.000000,LOW,True,channel=8; geography=5; occupation=2
C000475,5.000000,0.000000,0.000000,2.000000,8.000000,0.000000,15.000000,LOW,False,channel=8; geography=5; occupation=2
C000476,5.000000,0.000000,0.000000,10.000000,2.000000,0.000000,17.000000,LOW,True,occupation=10; geography=5; channel=2
C000477,5.000000,0.000000,0.000000,2.000000,2.000000,0.000000,9.000000,LOW,False,geography=5; occupation=2; channel=2
C000478,5.000000,22.000000,0.000000,10.000000,2.000000,0.000000,39.000000,MEDIUM,False,PEP=22; occupation=10; geography=5
C000479,18.000000,0.000000,0.000000,2.000000,2.000000,12.000000,34.000000,MEDIUM,False,geography=18; KYC control gap=12; occupation=2
C000480,5.000000,0.000000,0.000000,10.000000,2.000000,0.000000,17.000000,LOW,True,occupation=10; geography=5; channel=2
C000481,5.000000,0.000000,0.000000,2.000000,8.000000,0.000000,15.000000,LOW,True,channel=8; geography=5; occupation=2
C000482,5.000000,0.000000,0.000000,2.000000,8.000000,0.000000,15.000000,LOW,True,channel=8; geography=5; occupation=2
C000483,5.000000,0.000000,0.000000,2.000000,8.000000,0.000000,15.000000,LOW,False,channel=8; geography=5; occupation=2
C000484,5.000000,0.000000,0.000000,2.000000,5.000000,0.000000,12.000000,LOW,True,geography=5; channel=5; occupation=2
C000485,5.000000,0.000000,0.000000,10.000000,5.000000,0.000000,20.000000,LOW,False,occupation=10; geography=5; channel=5
C000486,5.000000,0.000000,0.000000,2.000000,5.000000,0.000000,12.000000,LOW,False,geography=5; channel=5; occupation=2
C000487,5.000000,0.000000,0.000000,2.000000,8.000000,0.000000,15.000000,LOW,True,channel=8; geography=5; occupation=2
C000488,5.000000,0.000000,0.000000,10.000000,2.000000,0.000000,17.000000,LOW,True,occupation=10; geography=5; channel=2
C000489,4.000000,0.000000,0.000000,2.000000,8.000000,0.000000,14.000000,LOW,False,channel=8; geography=4; occupation=2
C000490,5.000000,0.000000,0.000000,2.000000,2.000000,0.000000,9.000000,LOW,False,geography=5; occupation=2; channel=2
C000491,5.000000,0.000000,0.000000,2.000000,2.000000,0.000000,9.000000,LOW,True,geography=5; occupation=2; channel=2
C000492,5.000000,0.000000,0.000000,2.000000,5.000000,0.000000,12.000000,LOW,False,geography=5; channel=5; occupation=2
C000493,5.000000,0.000000,0.000000,2.000000,8.000000,0.000000,15.000000,LOW,False,channel=8; geography=5; occupation=2
C000494,18.000000,0.000000,0.000000,2.000000,5.000000,0.000000,25.000000,LOW,True,geography=18; channel=5; occupation=2
C000495,5.000000,0.000000,0.000000,2.000000,2.000000,0.000000,9.000000,LOW,True,geography=5; occupation=2; channel=2
C000496,4.000000,0.000000,0.000000,2.000000,8.000000,0.000000,14.000000,LOW,False,channel=8; geography=4; occupation=2
C000497,5.000000,0.000000,0.000000,10.000000,8.000000,0.000000,23.000000,LOW,True,occupation=10; channel=8; geography=5
C000498,5.000000,0.000000,0.000000,2.000000,2.000000,0.000000,9.000000,LOW,True,geography=5; occupation=2; channel=2
C000499,5.000000,0.000000,0.000000,20.000000,8.000000,0.000000,33.000000,MEDIUM,False,occupation=20; channel=8; geography=5
C000500,5.000000,0.000000,0.000000,2.000000,2.000000,0.000000,9.000000,LOW,True,geography=5; occupation=2; channel=2
C000501,5.000000,0.000000,0.000000,2.000000,5.000000,0.000000,12.000000,LOW,False,geography=5; channel=5; occupation=2
C000502,5.000000,0.000000,0.000000,2.000000,5.000000,0.000000,12.000000,LOW,False,geography=5; channel=5; occupation=2
C000503,5.000000,0.000000,0.000000,2.000000,2.000000,0.000000,9.000000,LOW,False,geography=5; occupation=2; channel=2
C000504,5.000000,0.000000,0.000000,2.000000,8.000000,0.000000,15.000000,LOW,False,channel=8; geography=5; occupation=2
C000505,4.000000,0.000000,0.000000,2.000000,2.000000,0.000000,8.000000,LOW,True,geography=4; occupation=2; channel=2
C000506,5.000000,0.000000,0.000000,2.000000,2.000000,0.000000,9.000000,LOW,True,geography=5; occupation=2; channel=2
C000507,5.000000,0.000000,0.000000,2.000000,2.000000,0.000000,9.000000,LOW,True,geography=5; occupation=2; channel=2
C000508,4.000000,0.000000,0.000000,2.000000,2.000000,0.000000,8.000000,LOW,False,geography=4; occupation=2; channel=2
C000509,5.000000,0.000000,0.000000,10.000000,5.000000,0.000000,20.000000,LOW,False,occupation=10; geography=5; channel=5
C000510,5.000000,0.000000,0.000000,10.000000,8.000000,0.000000,23.000000,LOW,False,occupation=10; channel=8; geography=5
C000511,5.000000,0.000000,0.000000,2.000000,2.000000,0.000000,9.000000,LOW,False,geography=5; occupation=2; channel=2
C000512,5.000000,0.000000,0.000000,2.000000,5.000000,0.000000,12.000000,LOW,True,geography=5; channel=5; occupation=2
C000513,5.000000,0.000000,0.000000,2.000000,2.000000,0.000000,9.000000,LOW,True,geography=5; occupation=2; channel=2
C000514,5.000000,0.000000,0.000000,2.000000,5.000000,0.000000,12.000000,LOW,False,geography=5; channel=5; occupation=2
C000515,5.000000,0.000000,0.000000,2.000000,5.000000,0.000000,12.000000,LOW,False,geography=5; channel=5; occupation=2
C000516,5.000000,0.000000,0.000000,10.000000,5.000000,0.000000,20.000000,LOW,False,occupation=10; geography=5; channel=5
C000517,5.000000,0.000000,0.000000,2.000000,2.000000,0.000000,9.000000,LOW,True,geography=5; occupation=2; channel=2
C000518,5.000000,0.000000,0.000000,2.000000,8.000000,0.000000,15.000000,LOW,False,channel=8; geography=5; occupation=2
C000519,5.000000,0.000000,0.000000,2.000000,2.000000,0.000000,9.000000,LOW,True,geography=5; occupation=2; channel=2
C000520,5.000000,0.000000,0.000000,2.000000,8.000000,0.000000,15.000000,LOW,False,channel=8; geography=5; occupation=2
C000521,5.000000,0.000000,0.000000,2.000000,8.000000,0.000000,15.000000,LOW,False,channel=8; geography=5; occupation=2
C000522,5.000000,0.000000,0.000000,10.000000,2.000000,0.000000,17.000000,LOW,False,occupation=10; geography=5; channel=2
C000523,5.000000,0.000000,0.000000,2.000000,2.000000,0.000000,9.000000,LOW,False,geography=5; occupation=2; channel=2
C000524,5.000000,0.000000,0.000000,2.000000,8.000000,0.000000,15.000000,LOW,False,channel=8; geography=5; occupation=2
C000525,5.000000,0.000000,0.000000,2.000000,8.000000,0.000000,15.000000,LOW,True,channel=8; geography=5; occupation=2
C000526,5.000000,0.000000,0.000000,2.000000,2.000000,0.000000,9.000000,LOW,False,geography=5; occupation=2; channel=2
C000527,5.000000,0.000000,0.000000,2.000000,8.000000,0.000000,15.000000,LOW,False,channel=8; geography=5; occupation=2
C000528,5.000000,22.000000,0.000000,2.000000,8.000000,0.000000,37.000000,MEDIUM,False,PEP=22; channel=8; geography=5
C000529,6.000000,0.000000,0.000000,10.000000,8.000000,0.000000,24.000000,LOW,True,occupation=10; channel=8; geography=6
C000530,5.000000,0.000000,0.000000,2.000000,2.000000,0.000000,9.000000,LOW,True,geography=5; occupation=2; channel=2
C000531,5.000000,0.000000,0.000000,2.000000,2.000000,12.000000,21.000000,LOW,True,KYC control gap=12; geography=5; occupation=2
C000532,5.000000,0.000000,0.000000,2.000000,8.000000,0.000000,15.000000,LOW,True,channel=8; geography=5; occupation=2
C000533,5.000000,0.000000,0.000000,2.000000,5.000000,0.000000,12.000000,LOW,False,geography=5; channel=5; occupation=2
C000534,5.000000,0.000000,0.000000,2.000000,8.000000,0.000000,15.000000,LOW,False,channel=8; geography=5; occupation=2
C000535,5.000000,0.000000,0.000000,10.000000,2.000000,0.000000,17.000000,LOW,False,occupation=10; geography=5; channel=2
C000536,5.000000,0.000000,0.000000,10.000000,2.000000,0.000000,17.000000,LOW,False,occupation=10; geography=5; channel=2
C000537,5.000000,0.000000,0.000000,2.000000,8.000000,0.000000,15.000000,LOW,True,channel=8; geography=5; occupation=2
C000538,5.000000,0.000000,0.000000,2.000000,2.000000,0.000000,9.000000,LOW,False,geography=5; occupation=2; channel=2
C000539,5.000000,0.000000,0.000000,2.000000,2.000000,0.000000,9.000000,LOW,True,geography=5; occupation=2; channel=2
C000540,5.000000,0.000000,0.000000,10.000000,8.000000,0.000000,23.000000,LOW,False,occupation=10; channel=8; geography=5
C000541,5.000000,0.000000,0.000000,2.000000,8.000000,0.000000,15.000000,LOW,True,channel=8; geography=5; occupation=2
C000542,5.000000,0.000000,0.000000,2.000000,8.000000,0.000000,15.000000,LOW,False,channel=8; geography=5; occupation=2
C000543,5.000000,0.000000,0.000000,2.000000,2.000000,0.000000,9.000000,LOW,True,geography=5; occupation=2; channel=2
C000544,5.000000,0.000000,0.000000,10.000000,8.000000,0.000000,23.000000,LOW,False,occupation=10; channel=8; geography=5
C000545,5.000000,0.000000,0.000000,20.000000,2.000000,0.000000,27.000000,LOW,False,occupation=20; geography=5; channel=2
C000546,16.000000,0.000000,0.000000,10.000000,5.000000,0.000000,31.000000,MEDIUM,False,geography=16; occupation=10; channel=5
C000547,5.000000,0.000000,0.000000,2.000000,8.000000,0.000000,15.000000,LOW,False,channel=8; geography=5; occupation=2
C000548,14.000000,0.000000,0.000000,2.000000,2.000000,0.000000,18.000000,LOW,True,geography=14; occupation=2; channel=2
C000549,14.000000,0.000000,0.000000,2.000000,8.000000,0.000000,24.000000,LOW,False,geography=14; channel=8; occupation=2
C000550,5.000000,0.000000,0.000000,2.000000,2.000000,13.000000,22.000000,LOW,False,KYC control gap=13; geography=5; occupation=2
C000551,5.000000,0.000000,0.000000,10.000000,8.000000,0.000000,23.000000,LOW,True,occupation=10; channel=8; geography=5
C000552,5.000000,0.000000,0.000000,2.000000,8.000000,0.000000,15.000000,LOW,True,channel=8; geography=5; occupation=2
C000553,5.000000,0.000000,0.000000,10.000000,5.000000,0.000000,20.000000,LOW,False,occupation=10; geography=5; channel=5
C000554,6.000000,0.000000,0.000000,20.000000,8.000000,0.000000,34.000000,MEDIUM,True,occupation=20; channel=8; geography=6
C000555,5.000000,0.000000,0.000000,2.000000,5.000000,0.000000,12.000000,LOW,False,geography=5; channel=5; occupation=2
C000556,5.000000,0.000000,0.000000,2.000000,8.000000,0.000000,15.000000,LOW,True,channel=8; geography=5; occupation=2
C000557,14.000000,0.000000,0.000000,2.000000,8.000000,0.000000,24.000000,LOW,True,geography=14; channel=8; occupation=2
C000558,5.000000,0.000000,0.000000,10.000000,2.000000,0.000000,17.000000,LOW,True,occupation=10; geography=5; channel=2
C000559,5.000000,0.000000,0.000000,20.000000,8.000000,0.000000,33.000000,MEDIUM,False,occupation=20; channel=8; geography=5
C000560,5.000000,0.000000,0.000000,10.000000,5.000000,0.000000,20.000000,LOW,False,occupation=10; geography=5; channel=5
C000561,5.000000,0.000000,0.000000,2.000000,8.000000,12.000000,27.000000,LOW,True,KYC control gap=12; channel=8; geography=5
C000562,5.000000,0.000000,0.000000,2.000000,2.000000,12.000000,21.000000,LOW,False,KYC control gap=12; geography=5; occupation=2
C000563,5.000000,0.000000,0.000000,2.000000,5.000000,0.000000,12.000000,LOW,True,geography=5; channel=5; occupation=2
C000564,5.000000,0.000000,0.000000,10.000000,2.000000,0.000000,17.000000,LOW,False,occupation=10; geography=5; channel=2
C000565,5.000000,0.000000,0.000000,2.000000,2.000000,0.000000,9.000000,LOW,False,geography=5; occupation=2; channel=2
C000566,5.000000,0.000000,0.000000,20.000000,8.000000,0.000000,33.000000,MEDIUM,True,occupation=20; channel=8; geography=5
C000567,5.000000,0.000000,0.000000,2.000000,8.000000,0.000000,15.000000,LOW,True,channel=8; geography=5; occupation=2
C000568,5.000000,0.000000,0.000000,2.000000,8.000000,0.000000,15.000000,LOW,True,channel=8; geography=5; occupation=2
C000569,6.000000,0.000000,0.000000,20.000000,2.000000,0.000000,28.000000,MEDIUM,True,occupation=20; geography=6; channel=2
C000570,5.000000,0.000000,0.000000,10.000000,8.000000,0.000000,23.000000,LOW,True,occupation=10; channel=8; geography=5
C000571,5.000000,0.000000,0.000000,2.000000,8.000000,0.000000,15.000000,LOW,False,channel=8; geography=5; occupation=2
C000572,5.000000,0.000000,0.000000,2.000000,2.000000,0.000000,9.000000,LOW,False,geography=5; occupation=2; channel=2
C000573,14.000000,0.000000,0.000000,2.000000,8.000000,0.000000,24.000000,LOW,False,geography=14; channel=8; occupation=2
C000574,18.000000,0.000000,0.000000,10.000000,8.000000,13.000000,49.000000,HIGH,True,geography=18; KYC control gap=13; occupation=10
C000575,5.000000,0.000000,0.000000,10.000000,2.000000,0.000000,17.000000,LOW,True,occupation=10; geography=5; channel=2
C000576,5.000000,0.000000,0.000000,10.000000,2.000000,0.000000,17.000000,LOW,False,occupation=10; geography=5; channel=2
C000577,5.000000,0.000000,0.000000,10.000000,8.000000,12.000000,35.000000,MEDIUM,True,KYC control gap=12; occupation=10; channel=8
C000578,4.000000,0.000000,0.000000,10.000000,2.000000,0.000000,16.000000,LOW,False,occupation=10; geography=4; channel=2
C000579,5.000000,0.000000,0.000000,2.000000,2.000000,0.000000,9.000000,LOW,True,geography=5; occupation=2; channel=2
C000580,16.000000,0.000000,0.000000,2.000000,5.000000,0.000000,23.000000,LOW,True,geography=16; channel=5; occupation=2
C000581,5.000000,22.000000,35.000000,2.000000,8.000000,0.000000,72.000000,HIGH,False,synthetic screening=35; PEP=22; channel=8
C000582,14.000000,22.000000,0.000000,2.000000,8.000000,0.000000,46.000000,HIGH,False,PEP=22; geography=14; channel=8
C000583,6.000000,0.000000,0.000000,2.000000,2.000000,0.000000,10.000000,LOW,False,geography=6; occupation=2; channel=2
C000584,5.000000,0.000000,0.000000,2.000000,5.000000,0.000000,12.000000,LOW,False,geography=5; channel=5; occupation=2
C000585,5.000000,0.000000,0.000000,2.000000,8.000000,0.000000,15.000000,LOW,True,channel=8; geography=5; occupation=2
C000586,5.000000,0.000000,0.000000,2.000000,2.000000,0.000000,9.000000,LOW,False,geography=5; occupation=2; channel=2
C000587,14.000000,0.000000,0.000000,20.000000,8.000000,0.000000,42.000000,MEDIUM,False,occupation=20; geography=14; channel=8
C000588,5.000000,0.000000,0.000000,10.000000,2.000000,0.000000,17.000000,LOW,True,occupation=10; geography=5; channel=2
C000589,5.000000,0.000000,0.000000,2.000000,2.000000,0.000000,9.000000,LOW,False,geography=5; occupation=2; channel=2
C000590,5.000000,0.000000,0.000000,2.000000,8.000000,0.000000,15.000000,LOW,False,channel=8; geography=5; occupation=2
C000591,6.000000,0.000000,0.000000,2.000000,8.000000,0.000000,16.000000,LOW,False,channel=8; geography=6; occupation=2
C000592,5.000000,0.000000,0.000000,10.000000,8.000000,0.000000,23.000000,LOW,False,occupation=10; channel=8; geography=5
C000593,5.000000,0.000000,0.000000,2.000000,2.000000,0.000000,9.000000,LOW,True,geography=5; occupation=2; channel=2
C000594,14.000000,0.000000,0.000000,10.000000,2.000000,0.000000,26.000000,LOW,False,geography=14; occupation=10; channel=2
C000595,5.000000,0.000000,0.000000,2.000000,2.000000,0.000000,9.000000,LOW,False,geography=5; occupation=2; channel=2
C000596,30.000000,0.000000,0.000000,2.000000,2.000000,0.000000,34.000000,MEDIUM,False,geography=30; occupation=2; channel=2
C000597,5.000000,0.000000,0.000000,10.000000,8.000000,0.000000,23.000000,LOW,False,occupation=10; channel=8; geography=5
C000598,4.000000,0.000000,0.000000,2.000000,2.000000,0.000000,8.000000,LOW,True,geography=4; occupation=2; channel=2
C000599,4.000000,0.000000,0.000000,2.000000,8.000000,0.000000,14.000000,LOW,True,channel=8; geography=4; occupation=2
C000600,5.000000,0.000000,0.000000,2.000000,2.000000,12.000000,21.000000,LOW,True,KYC control gap=12; geography=5; occupation=2
C000601,5.000000,0.000000,0.000000,10.000000,2.000000,0.000000,17.000000,LOW,True,occupation=10; geography=5; channel=2
C000602,4.000000,0.000000,0.000000,2.000000,2.000000,0.000000,8.000000,LOW,True,geography=4; occupation=2; channel=2
C000603,5.000000,0.000000,0.000000,2.000000,8.000000,0.000000,15.000000,LOW,True,channel=8; geography=5; occupation=2
C000604,4.000000,0.000000,0.000000,10.000000,5.000000,12.000000,31.000000,MEDIUM,True,KYC control gap=12; occupation=10; channel=5
C000605,6.000000,0.000000,0.000000,2.000000,2.000000,0.000000,10.000000,LOW,False,geography=6; occupation=2; channel=2
C000606,5.000000,0.000000,0.000000,2.000000,8.000000,0.000000,15.000000,LOW,True,channel=8; geography=5; occupation=2
C000607,5.000000,0.000000,0.000000,2.000000,8.000000,0.000000,15.000000,LOW,False,channel=8; geography=5; occupation=2
C000608,5.000000,0.000000,0.000000,2.000000,8.000000,0.000000,15.000000,LOW,True,channel=8; geography=5; occupation=2
C000609,30.000000,0.000000,0.000000,2.000000,8.000000,0.000000,40.000000,MEDIUM,True,geography=30; channel=8; occupation=2
C000610,5.000000,0.000000,0.000000,2.000000,2.000000,0.000000,9.000000,LOW,False,geography=5; occupation=2; channel=2
C000611,5.000000,0.000000,0.000000,2.000000,5.000000,0.000000,12.000000,LOW,True,geography=5; channel=5; occupation=2
C000612,5.000000,0.000000,0.000000,10.000000,2.000000,0.000000,17.000000,LOW,True,occupation=10; geography=5; channel=2
C000613,5.000000,0.000000,0.000000,10.000000,2.000000,0.000000,17.000000,LOW,True,occupation=10; geography=5; channel=2
C000614,5.000000,0.000000,0.000000,10.000000,8.000000,0.000000,23.000000,LOW,False,occupation=10; channel=8; geography=5
C000615,5.000000,0.000000,0.000000,2.000000,8.000000,0.000000,15.000000,LOW,False,channel=8; geography=5; occupation=2
C000616,5.000000,0.000000,0.000000,2.000000,8.000000,0.000000,15.000000,LOW,False,channel=8; geography=5; occupation=2
C000617,5.000000,0.000000,0.000000,2.000000,2.000000,0.000000,9.000000,LOW,False,geography=5; occupation=2; channel=2
C000618,16.000000,0.000000,0.000000,10.000000,2.000000,12.000000,40.000000,MEDIUM,False,geography=16; KYC control gap=12; occupation=10
C000619,5.000000,0.000000,0.000000,10.000000,8.000000,0.000000,23.000000,LOW,False,occupation=10; channel=8; geography=5
C000620,5.000000,0.000000,0.000000,20.000000,2.000000,0.000000,27.000000,LOW,False,occupation=20; geography=5; channel=2
C000621,5.000000,0.000000,0.000000,2.000000,8.000000,0.000000,15.000000,LOW,False,channel=8; geography=5; occupation=2
C000622,5.000000,0.000000,0.000000,2.000000,5.000000,0.000000,12.000000,LOW,False,geography=5; channel=5; occupation=2
C000623,5.000000,0.000000,0.000000,2.000000,8.000000,0.000000,15.000000,LOW,False,channel=8; geography=5; occupation=2
C000624,5.000000,0.000000,0.000000,2.000000,8.000000,0.000000,15.000000,LOW,False,channel=8; geography=5; occupation=2
C000625,5.000000,0.000000,0.000000,20.000000,2.000000,0.000000,27.000000,LOW,True,occupation=20; geography=5; channel=2
C000626,5.000000,0.000000,0.000000,10.000000,8.000000,0.000000,23.000000,LOW,True,occupation=10; channel=8; geography=5
C000627,5.000000,0.000000,0.000000,2.000000,5.000000,0.000000,12.000000,LOW,True,geography=5; channel=5; occupation=2
C000628,5.000000,0.000000,0.000000,10.000000,8.000000,0.000000,23.000000,LOW,False,occupation=10; channel=8; geography=5
C000629,5.000000,0.000000,0.000000,10.000000,8.000000,0.000000,23.000000,LOW,False,occupation=10; channel=8; geography=5
C000630,5.000000,0.000000,0.000000,2.000000,8.000000,0.000000,15.000000,LOW,False,channel=8; geography=5; occupation=2
C000631,5.000000,0.000000,0.000000,10.000000,2.000000,0.000000,17.000000,LOW,False,occupation=10; geography=5; channel=2
C000632,5.000000,0.000000,0.000000,2.000000,8.000000,0.000000,15.000000,LOW,False,channel=8; geography=5; occupation=2
C000633,5.000000,0.000000,0.000000,2.000000,8.000000,0.000000,15.000000,LOW,True,channel=8; geography=5; occupation=2
C000634,5.000000,0.000000,0.000000,20.000000,5.000000,0.000000,30.000000,MEDIUM,True,occupation=20; geography=5; channel=5
C000635,5.000000,0.000000,0.000000,2.000000,5.000000,0.000000,12.000000,LOW,False,geography=5; channel=5; occupation=2
C000636,5.000000,0.000000,0.000000,10.000000,2.000000,0.000000,17.000000,LOW,False,occupation=10; geography=5; channel=2
C000637,5.000000,0.000000,0.000000,20.000000,8.000000,0.000000,33.000000,MEDIUM,True,occupation=20; channel=8; geography=5
C000638,14.000000,0.000000,0.000000,2.000000,5.000000,0.000000,21.000000,LOW,True,geography=14; channel=5; occupation=2
C000639,4.000000,0.000000,0.000000,2.000000,2.000000,0.000000,8.000000,LOW,False,geography=4; occupation=2; channel=2
C000640,5.000000,0.000000,0.000000,2.000000,2.000000,0.000000,9.000000,LOW,True,geography=5; occupation=2; channel=2
C000641,5.000000,0.000000,0.000000,2.000000,2.000000,0.000000,9.000000,LOW,False,geography=5; occupation=2; channel=2
C000642,4.000000,0.000000,0.000000,10.000000,2.000000,0.000000,16.000000,LOW,False,occupation=10; geography=4; channel=2
C000643,6.000000,0.000000,0.000000,10.000000,8.000000,0.000000,24.000000,LOW,True,occupation=10; channel=8; geography=6
C000644,5.000000,0.000000,0.000000,2.000000,2.000000,0.000000,9.000000,LOW,False,geography=5; occupation=2; channel=2
C000645,14.000000,0.000000,0.000000,20.000000,2.000000,0.000000,36.000000,MEDIUM,False,occupation=20; geography=14; channel=2
C000646,5.000000,0.000000,0.000000,10.000000,2.000000,0.000000,17.000000,LOW,True,occupation=10; geography=5; channel=2
C000647,5.000000,0.000000,0.000000,10.000000,2.000000,0.000000,17.000000,LOW,False,occupation=10; geography=5; channel=2
C000648,4.000000,0.000000,0.000000,2.000000,8.000000,0.000000,14.000000,LOW,False,channel=8; geography=4; occupation=2
C000649,5.000000,0.000000,0.000000,2.000000,5.000000,0.000000,12.000000,LOW,False,geography=5; channel=5; occupation=2
C000650,5.000000,0.000000,0.000000,2.000000,2.000000,0.000000,9.000000,LOW,False,geography=5; occupation=2; channel=2
C000651,5.000000,0.000000,0.000000,10.000000,5.000000,0.000000,20.000000,LOW,False,occupation=10; geography=5; channel=5
C000652,14.000000,0.000000,0.000000,2.000000,2.000000,12.000000,30.000000,MEDIUM,False,geography=14; KYC control gap=12; occupation=2
C000653,5.000000,0.000000,0.000000,2.000000,5.000000,0.000000,12.000000,LOW,False,geography=5; channel=5; occupation=2
C000654,5.000000,0.000000,0.000000,2.000000,8.000000,0.000000,15.000000,LOW,False,channel=8; geography=5; occupation=2
C000655,6.000000,0.000000,0.000000,2.000000,2.000000,0.000000,10.000000,LOW,False,geography=6; occupation=2; channel=2
C000656,5.000000,0.000000,0.000000,2.000000,2.000000,0.000000,9.000000,LOW,False,geography=5; occupation=2; channel=2
C000657,5.000000,0.000000,0.000000,2.000000,2.000000,0.000000,9.000000,LOW,True,geography=5; occupation=2; channel=2
C000658,5.000000,0.000000,0.000000,2.000000,5.000000,0.000000,12.000000,LOW,False,geography=5; channel=5; occupation=2
C000659,5.000000,0.000000,0.000000,2.000000,8.000000,0.000000,15.000000,LOW,True,channel=8; geography=5; occupation=2
C000660,5.000000,0.000000,0.000000,10.000000,2.000000,0.000000,17.000000,LOW,True,occupation=10; geography=5; channel=2
C000661,5.000000,0.000000,0.000000,2.000000,8.000000,0.000000,15.000000,LOW,False,channel=8; geography=5; occupation=2
C000662,5.000000,0.000000,0.000000,10.000000,8.000000,0.000000,23.000000,LOW,False,occupation=10; channel=8; geography=5
C000663,5.000000,0.000000,0.000000,2.000000,8.000000,0.000000,15.000000,LOW,True,channel=8; geography=5; occupation=2
C000664,4.000000,0.000000,0.000000,2.000000,2.000000,0.000000,8.000000,LOW,True,geography=4; occupation=2; channel=2
C000665,5.000000,0.000000,0.000000,2.000000,5.000000,0.000000,12.000000,LOW,False,geography=5; channel=5; occupation=2
C000666,5.000000,0.000000,0.000000,2.000000,2.000000,0.000000,9.000000,LOW,False,geography=5; occupation=2; channel=2
C000667,5.000000,0.000000,0.000000,2.000000,5.000000,0.000000,12.000000,LOW,True,geography=5; channel=5; occupation=2
C000668,5.000000,0.000000,0.000000,2.000000,2.000000,0.000000,9.000000,LOW,True,geography=5; occupation=2; channel=2
C000669,5.000000,0.000000,0.000000,10.000000,2.000000,0.000000,17.000000,LOW,False,occupation=10; geography=5; channel=2
C000670,5.000000,0.000000,0.000000,2.000000,5.000000,0.000000,12.000000,LOW,False,geography=5; channel=5; occupation=2
C000671,5.000000,0.000000,0.000000,2.000000,8.000000,0.000000,15.000000,LOW,True,channel=8; geography=5; occupation=2
C000672,4.000000,0.000000,0.000000,10.000000,5.000000,0.000000,19.000000,LOW,True,occupation=10; channel=5; geography=4
C000673,5.000000,0.000000,0.000000,10.000000,8.000000,0.000000,23.000000,LOW,True,occupation=10; channel=8; geography=5
C000674,5.000000,0.000000,0.000000,10.000000,2.000000,0.000000,17.000000,LOW,True,occupation=10; geography=5; channel=2
C000675,5.000000,0.000000,0.000000,2.000000,8.000000,0.000000,15.000000,LOW,True,channel=8; geography=5; occupation=2
C000676,5.000000,0.000000,0.000000,2.000000,2.000000,0.000000,9.000000,LOW,True,geography=5; occupation=2; channel=2
C000677,14.000000,0.000000,0.000000,2.000000,5.000000,0.000000,21.000000,LOW,True,geography=14; channel=5; occupation=2
C000678,5.000000,0.000000,0.000000,10.000000,2.000000,13.000000,30.000000,MEDIUM,True,KYC control gap=13; occupation=10; geography=5
C000679,5.000000,22.000000,0.000000,10.000000,8.000000,0.000000,45.000000,HIGH,False,PEP=22; occupation=10; channel=8
C000680,5.000000,0.000000,0.000000,2.000000,8.000000,0.000000,15.000000,LOW,False,channel=8; geography=5; occupation=2
C000681,5.000000,0.000000,0.000000,2.000000,5.000000,0.000000,12.000000,LOW,True,geography=5; channel=5; occupation=2
C000682,5.000000,0.000000,0.000000,2.000000,8.000000,0.000000,15.000000,LOW,False,channel=8; geography=5; occupation=2
C000683,5.000000,0.000000,0.000000,10.000000,8.000000,12.000000,35.000000,MEDIUM,False,KYC control gap=12; occupation=10; channel=8
C000684,5.000000,0.000000,0.000000,2.000000,8.000000,0.000000,15.000000,LOW,True,channel=8; geography=5; occupation=2
C000685,5.000000,0.000000,0.000000,10.000000,5.000000,0.000000,20.000000,LOW,True,occupation=10; geography=5; channel=5
C000686,5.000000,0.000000,0.000000,2.000000,8.000000,0.000000,15.000000,LOW,True,channel=8; geography=5; occupation=2
C000687,6.000000,0.000000,0.000000,2.000000,8.000000,0.000000,16.000000,LOW,True,channel=8; geography=6; occupation=2
C000688,5.000000,22.000000,0.000000,2.000000,2.000000,12.000000,43.000000,MEDIUM,True,PEP=22; KYC control gap=12; geography=5
C000689,5.000000,0.000000,0.000000,20.000000,2.000000,0.000000,27.000000,LOW,False,occupation=20; geography=5; channel=2
C000690,5.000000,0.000000,0.000000,2.000000,2.000000,0.000000,9.000000,LOW,False,geography=5; occupation=2; channel=2
C000691,5.000000,0.000000,0.000000,10.000000,2.000000,0.000000,17.000000,LOW,True,occupation=10; geography=5; channel=2
C000692,5.000000,0.000000,0.000000,2.000000,2.000000,0.000000,9.000000,LOW,True,geography=5; occupation=2; channel=2
C000693,5.000000,0.000000,0.000000,10.000000,2.000000,0.000000,17.000000,LOW,False,occupation=10; geography=5; channel=2
C000694,5.000000,0.000000,0.000000,2.000000,8.000000,0.000000,15.000000,LOW,True,channel=8; geography=5; occupation=2
C000695,5.000000,0.000000,0.000000,10.000000,8.000000,0.000000,23.000000,LOW,False,occupation=10; channel=8; geography=5
C000696,5.000000,0.000000,0.000000,2.000000,8.000000,0.000000,15.000000,LOW,False,channel=8; geography=5; occupation=2
C000697,5.000000,0.000000,0.000000,2.000000,8.000000,0.000000,15.000000,LOW,True,channel=8; geography=5; occupation=2
C000698,5.000000,0.000000,0.000000,2.000000,8.000000,0.000000,15.000000,LOW,False,channel=8; geography=5; occupation=2
C000699,6.000000,0.000000,0.000000,2.000000,2.000000,12.000000,22.000000,LOW,False,KYC control gap=12; geography=6; occupation=2
C000700,5.000000,0.000000,0.000000,2.000000,8.000000,0.000000,15.000000,LOW,False,channel=8; geography=5; occupation=2
C000701,16.000000,0.000000,0.000000,2.000000,8.000000,0.000000,26.000000,LOW,False,geography=16; channel=8; occupation=2
C000702,5.000000,0.000000,0.000000,10.000000,2.000000,0.000000,17.000000,LOW,True,occupation=10; geography=5; channel=2
C000703,5.000000,0.000000,0.000000,10.000000,2.000000,0.000000,17.000000,LOW,False,occupation=10; geography=5; channel=2
C000704,16.000000,0.000000,0.000000,10.000000,8.000000,0.000000,34.000000,MEDIUM,False,geography=16; occupation=10; channel=8
C000705,5.000000,0.000000,0.000000,10.000000,2.000000,0.000000,17.000000,LOW,True,occupation=10; geography=5; channel=2
C000706,5.000000,0.000000,0.000000,10.000000,2.000000,12.000000,29.000000,MEDIUM,False,KYC control gap=12; occupation=10; geography=5
C000707,5.000000,0.000000,0.000000,2.000000,8.000000,0.000000,15.000000,LOW,True,channel=8; geography=5; occupation=2
C000708,4.000000,0.000000,0.000000,20.000000,8.000000,0.000000,32.000000,MEDIUM,True,occupation=20; channel=8; geography=4
C000709,5.000000,0.000000,0.000000,2.000000,2.000000,0.000000,9.000000,LOW,True,geography=5; occupation=2; channel=2
C000710,5.000000,0.000000,0.000000,2.000000,8.000000,0.000000,15.000000,LOW,True,channel=8; geography=5; occupation=2
C000711,5.000000,0.000000,0.000000,2.000000,8.000000,0.000000,15.000000,LOW,True,channel=8; geography=5; occupation=2
C000712,5.000000,0.000000,0.000000,20.000000,8.000000,0.000000,33.000000,MEDIUM,False,occupation=20; channel=8; geography=5
C000713,5.000000,0.000000,0.000000,2.000000,8.000000,0.000000,15.000000,LOW,True,channel=8; geography=5; occupation=2
C000714,5.000000,0.000000,0.000000,20.000000,8.000000,0.000000,33.000000,MEDIUM,False,occupation=20; channel=8; geography=5
C000715,5.000000,0.000000,0.000000,2.000000,8.000000,0.000000,15.000000,LOW,False,channel=8; geography=5; occupation=2
C000716,5.000000,0.000000,0.000000,2.000000,2.000000,0.000000,9.000000,LOW,True,geography=5; occupation=2; channel=2
C000717,5.000000,0.000000,0.000000,20.000000,2.000000,0.000000,27.000000,LOW,False,occupation=20; geography=5; channel=2
C000718,5.000000,0.000000,0.000000,2.000000,2.000000,0.000000,9.000000,LOW,True,geography=5; occupation=2; channel=2
C000719,5.000000,0.000000,0.000000,2.000000,2.000000,12.000000,21.000000,LOW,True,KYC control gap=12; geography=5; occupation=2
C000720,18.000000,0.000000,0.000000,10.000000,8.000000,13.000000,49.000000,HIGH,False,geography=18; KYC control gap=13; occupation=10
C000721,5.000000,0.000000,0.000000,2.000000,2.000000,0.000000,9.000000,LOW,False,geography=5; occupation=2; channel=2
C000722,5.000000,0.000000,0.000000,2.000000,8.000000,0.000000,15.000000,LOW,False,channel=8; geography=5; occupation=2
C000723,5.000000,0.000000,0.000000,2.000000,8.000000,0.000000,15.000000,LOW,False,channel=8; geography=5; occupation=2
C000724,5.000000,0.000000,35.000000,2.000000,8.000000,0.000000,50.000000,HIGH,True,synthetic screening=35; channel=8; geography=5
C000725,5.000000,0.000000,0.000000,2.000000,8.000000,12.000000,27.000000,LOW,True,KYC control gap=12; channel=8; geography=5
C000726,5.000000,0.000000,0.000000,2.000000,8.000000,0.000000,15.000000,LOW,False,channel=8; geography=5; occupation=2
C000727,5.000000,0.000000,0.000000,2.000000,8.000000,0.000000,15.000000,LOW,False,channel=8; geography=5; occupation=2
C000728,5.000000,0.000000,0.000000,2.000000,8.000000,0.000000,15.000000,LOW,False,channel=8; geography=5; occupation=2
C000729,5.000000,0.000000,0.000000,10.000000,8.000000,0.000000,23.000000,LOW,True,occupation=10; channel=8; geography=5
C000730,5.000000,0.000000,0.000000,2.000000,2.000000,0.000000,9.000000,LOW,False,geography=5; occupation=2; channel=2
C000731,5.000000,0.000000,0.000000,10.000000,8.000000,0.000000,23.000000,LOW,True,occupation=10; channel=8; geography=5
C000732,16.000000,0.000000,0.000000,2.000000,5.000000,0.000000,23.000000,LOW,False,geography=16; channel=5; occupation=2
C000733,5.000000,0.000000,0.000000,10.000000,8.000000,12.000000,35.000000,MEDIUM,False,KYC control gap=12; occupation=10; channel=8
C000734,18.000000,0.000000,0.000000,10.000000,8.000000,0.000000,36.000000,MEDIUM,True,geography=18; occupation=10; channel=8
C000735,5.000000,0.000000,0.000000,2.000000,2.000000,0.000000,9.000000,LOW,True,geography=5; occupation=2; channel=2
C000736,6.000000,0.000000,0.000000,2.000000,8.000000,0.000000,16.000000,LOW,True,channel=8; geography=6; occupation=2
C000737,5.000000,0.000000,0.000000,2.000000,2.000000,0.000000,9.000000,LOW,True,geography=5; occupation=2; channel=2
C000738,5.000000,0.000000,0.000000,2.000000,2.000000,0.000000,9.000000,LOW,False,geography=5; occupation=2; channel=2
C000739,5.000000,0.000000,0.000000,2.000000,8.000000,0.000000,15.000000,LOW,True,channel=8; geography=5; occupation=2
C000740,5.000000,0.000000,0.000000,2.000000,2.000000,0.000000,9.000000,LOW,True,geography=5; occupation=2; channel=2
C000741,5.000000,0.000000,0.000000,10.000000,8.000000,0.000000,23.000000,LOW,True,occupation=10; channel=8; geography=5
C000742,5.000000,0.000000,0.000000,2.000000,5.000000,0.000000,12.000000,LOW,False,geography=5; channel=5; occupation=2
C000743,5.000000,0.000000,0.000000,2.000000,8.000000,0.000000,15.000000,LOW,True,channel=8; geography=5; occupation=2
C000744,5.000000,0.000000,0.000000,10.000000,2.000000,0.000000,17.000000,LOW,True,occupation=10; geography=5; channel=2
C000745,5.000000,0.000000,0.000000,10.000000,8.000000,0.000000,23.000000,LOW,True,occupation=10; channel=8; geography=5
C000746,5.000000,0.000000,0.000000,20.000000,2.000000,0.000000,27.000000,LOW,True,occupation=20; geography=5; channel=2
C000747,5.000000,0.000000,0.000000,2.000000,8.000000,0.000000,15.000000,LOW,True,channel=8; geography=5; occupation=2
C000748,5.000000,0.000000,0.000000,10.000000,2.000000,0.000000,17.000000,LOW,False,occupation=10; geography=5; channel=2
C000749,16.000000,0.000000,0.000000,2.000000,5.000000,0.000000,23.000000,LOW,True,geography=16; channel=5; occupation=2
C000750,5.000000,0.000000,0.000000,2.000000,2.000000,0.000000,9.000000,LOW,False,geography=5; occupation=2; channel=2
C000751,5.000000,0.000000,0.000000,2.000000,8.000000,0.000000,15.000000,LOW,False,channel=8; geography=5; occupation=2
C000752,5.000000,0.000000,0.000000,2.000000,2.000000,0.000000,9.000000,LOW,True,geography=5; occupation=2; channel=2
C000753,5.000000,0.000000,0.000000,10.000000,8.000000,0.000000,23.000000,LOW,True,occupation=10; channel=8; geography=5
C000754,5.000000,0.000000,0.000000,10.000000,8.000000,0.000000,23.000000,LOW,True,occupation=10; channel=8; geography=5
C000755,5.000000,22.000000,0.000000,10.000000,8.000000,0.000000,45.000000,HIGH,True,PEP=22; occupation=10; channel=8
C000756,5.000000,0.000000,0.000000,2.000000,8.000000,0.000000,15.000000,LOW,False,channel=8; geography=5; occupation=2
C000757,5.000000,0.000000,0.000000,2.000000,5.000000,0.000000,12.000000,LOW,True,geography=5; channel=5; occupation=2
C000758,5.000000,0.000000,0.000000,2.000000,2.000000,0.000000,9.000000,LOW,False,geography=5; occupation=2; channel=2
C000759,5.000000,0.000000,0.000000,10.000000,2.000000,0.000000,17.000000,LOW,False,occupation=10; geography=5; channel=2
C000760,5.000000,0.000000,0.000000,20.000000,8.000000,0.000000,33.000000,MEDIUM,False,occupation=20; channel=8; geography=5
C000761,5.000000,0.000000,0.000000,2.000000,2.000000,13.000000,22.000000,LOW,False,KYC control gap=13; geography=5; occupation=2
C000762,6.000000,0.000000,0.000000,2.000000,8.000000,0.000000,16.000000,LOW,True,channel=8; geography=6; occupation=2
C000763,5.000000,0.000000,0.000000,2.000000,8.000000,0.000000,15.000000,LOW,False,channel=8; geography=5; occupation=2
C000764,5.000000,0.000000,0.000000,10.000000,8.000000,0.000000,23.000000,LOW,False,occupation=10; channel=8; geography=5
C000765,5.000000,0.000000,0.000000,10.000000,2.000000,0.000000,17.000000,LOW,False,occupation=10; geography=5; channel=2
C000766,5.000000,0.000000,0.000000,2.000000,8.000000,0.000000,15.000000,LOW,True,channel=8; geography=5; occupation=2
C000767,5.000000,0.000000,0.000000,10.000000,2.000000,0.000000,17.000000,LOW,True,occupation=10; geography=5; channel=2
C000768,5.000000,0.000000,0.000000,10.000000,2.000000,0.000000,17.000000,LOW,False,occupation=10; geography=5; channel=2
C000769,5.000000,0.000000,0.000000,2.000000,2.000000,0.000000,9.000000,LOW,False,geography=5; occupation=2; channel=2
C000770,5.000000,0.000000,0.000000,2.000000,8.000000,0.000000,15.000000,LOW,False,channel=8; geography=5; occupation=2
C000771,5.000000,0.000000,0.000000,2.000000,2.000000,0.000000,9.000000,LOW,False,geography=5; occupation=2; channel=2
C000772,5.000000,0.000000,0.000000,2.000000,8.000000,0.000000,15.000000,LOW,True,channel=8; geography=5; occupation=2
C000773,5.000000,0.000000,0.000000,10.000000,5.000000,0.000000,20.000000,LOW,True,occupation=10; geography=5; channel=5
C000774,5.000000,0.000000,0.000000,10.000000,2.000000,0.000000,17.000000,LOW,True,occupation=10; geography=5; channel=2
C000775,5.000000,0.000000,0.000000,2.000000,2.000000,0.000000,9.000000,LOW,False,geography=5; occupation=2; channel=2
C000776,5.000000,0.000000,0.000000,2.000000,8.000000,0.000000,15.000000,LOW,False,channel=8; geography=5; occupation=2
C000777,18.000000,0.000000,0.000000,10.000000,8.000000,0.000000,36.000000,MEDIUM,False,geography=18; occupation=10; channel=8
C000778,5.000000,0.000000,0.000000,10.000000,8.000000,0.000000,23.000000,LOW,False,occupation=10; channel=8; geography=5
C000779,14.000000,0.000000,0.000000,10.000000,2.000000,0.000000,26.000000,LOW,True,geography=14; occupation=10; channel=2
C000780,6.000000,0.000000,0.000000,2.000000,2.000000,0.000000,10.000000,LOW,False,geography=6; occupation=2; channel=2
C000781,5.000000,0.000000,0.000000,2.000000,2.000000,0.000000,9.000000,LOW,False,geography=5; occupation=2; channel=2
C000782,5.000000,22.000000,0.000000,10.000000,2.000000,0.000000,39.000000,MEDIUM,False,PEP=22; occupation=10; geography=5
C000783,5.000000,0.000000,0.000000,10.000000,2.000000,0.000000,17.000000,LOW,False,occupation=10; geography=5; channel=2
C000784,5.000000,0.000000,0.000000,2.000000,5.000000,0.000000,12.000000,LOW,False,geography=5; channel=5; occupation=2
C000785,5.000000,0.000000,0.000000,2.000000,2.000000,0.000000,9.000000,LOW,False,geography=5; occupation=2; channel=2
C000786,5.000000,0.000000,0.000000,2.000000,2.000000,0.000000,9.000000,LOW,False,geography=5; occupation=2; channel=2
C000787,5.000000,0.000000,0.000000,10.000000,2.000000,0.000000,17.000000,LOW,False,occupation=10; geography=5; channel=2
C000788,5.000000,0.000000,0.000000,2.000000,5.000000,0.000000,12.000000,LOW,True,geography=5; channel=5; occupation=2
C000789,5.000000,0.000000,0.000000,2.000000,8.000000,0.000000,15.000000,LOW,False,channel=8; geography=5; occupation=2
C000790,5.000000,0.000000,0.000000,2.000000,2.000000,0.000000,9.000000,LOW,True,geography=5; occupation=2; channel=2
C000791,5.000000,0.000000,0.000000,2.000000,8.000000,0.000000,15.000000,LOW,False,channel=8; geography=5; occupation=2
C000792,5.000000,0.000000,0.000000,2.000000,2.000000,0.000000,9.000000,LOW,True,geography=5; occupation=2; channel=2
C000793,5.000000,0.000000,0.000000,20.000000,2.000000,12.000000,39.000000,MEDIUM,False,occupation=20; KYC control gap=12; geography=5
C000794,5.000000,0.000000,0.000000,2.000000,8.000000,0.000000,15.000000,LOW,False,channel=8; geography=5; occupation=2
C000795,5.000000,0.000000,0.000000,2.000000,8.000000,0.000000,15.000000,LOW,True,channel=8; geography=5; occupation=2
C000796,5.000000,0.000000,0.000000,2.000000,2.000000,12.000000,21.000000,LOW,False,KYC control gap=12; geography=5; occupation=2
C000797,5.000000,0.000000,0.000000,2.000000,8.000000,0.000000,15.000000,LOW,False,channel=8; geography=5; occupation=2
C000798,14.000000,0.000000,0.000000,2.000000,8.000000,0.000000,24.000000,LOW,True,geography=14; channel=8; occupation=2
C000799,5.000000,0.000000,0.000000,2.000000,8.000000,0.000000,15.000000,LOW,False,channel=8; geography=5; occupation=2
C000800,5.000000,0.000000,0.000000,10.000000,2.000000,0.000000,17.000000,LOW,True,occupation=10; geography=5; channel=2
C000801,5.000000,0.000000,0.000000,2.000000,2.000000,0.000000,9.000000,LOW,True,geography=5; occupation=2; channel=2
C000802,5.000000,0.000000,0.000000,2.000000,8.000000,0.000000,15.000000,LOW,True,channel=8; geography=5; occupation=2
C000803,5.000000,0.000000,0.000000,2.000000,8.000000,0.000000,15.000000,LOW,True,channel=8; geography=5; occupation=2
C000804,16.000000,0.000000,0.000000,10.000000,2.000000,0.000000,28.000000,MEDIUM,False,geography=16; occupation=10; channel=2
C000805,5.000000,0.000000,0.000000,2.000000,2.000000,0.000000,9.000000,LOW,False,geography=5; occupation=2; channel=2
C000806,5.000000,0.000000,0.000000,2.000000,2.000000,0.000000,9.000000,LOW,False,geography=5; occupation=2; channel=2
C000807,5.000000,0.000000,0.000000,2.000000,2.000000,0.000000,9.000000,LOW,True,geography=5; occupation=2; channel=2
C000808,14.000000,0.000000,0.000000,2.000000,8.000000,0.000000,24.000000,LOW,False,geography=14; channel=8; occupation=2
C000809,5.000000,0.000000,0.000000,2.000000,2.000000,0.000000,9.000000,LOW,True,geography=5; occupation=2; channel=2
C000810,5.000000,0.000000,0.000000,2.000000,2.000000,0.000000,9.000000,LOW,False,geography=5; occupation=2; channel=2
C000811,5.000000,0.000000,0.000000,10.000000,2.000000,0.000000,17.000000,LOW,False,occupation=10; geography=5; channel=2
C000812,5.000000,0.000000,0.000000,2.000000,8.000000,0.000000,15.000000,LOW,True,channel=8; geography=5; occupation=2
C000813,5.000000,0.000000,0.000000,10.000000,8.000000,0.000000,23.000000,LOW,True,occupation=10; channel=8; geography=5
C000814,5.000000,0.000000,0.000000,2.000000,5.000000,0.000000,12.000000,LOW,False,geography=5; channel=5; occupation=2
C000815,5.000000,0.000000,0.000000,2.000000,5.000000,0.000000,12.000000,LOW,True,geography=5; channel=5; occupation=2
C000816,4.000000,0.000000,0.000000,2.000000,8.000000,0.000000,14.000000,LOW,False,channel=8; geography=4; occupation=2
C000817,5.000000,0.000000,0.000000,2.000000,8.000000,0.000000,15.000000,LOW,False,channel=8; geography=5; occupation=2
C000818,5.000000,0.000000,0.000000,2.000000,8.000000,0.000000,15.000000,LOW,True,channel=8; geography=5; occupation=2
C000819,14.000000,0.000000,0.000000,10.000000,2.000000,0.000000,26.000000,LOW,True,geography=14; occupation=10; channel=2
C000820,5.000000,0.000000,0.000000,2.000000,2.000000,0.000000,9.000000,LOW,True,geography=5; occupation=2; channel=2
C000821,5.000000,0.000000,0.000000,10.000000,8.000000,0.000000,23.000000,LOW,False,occupation=10; channel=8; geography=5
C000822,14.000000,0.000000,0.000000,2.000000,5.000000,0.000000,21.000000,LOW,True,geography=14; channel=5; occupation=2
C000823,5.000000,0.000000,0.000000,2.000000,8.000000,0.000000,15.000000,LOW,False,channel=8; geography=5; occupation=2
C000824,5.000000,0.000000,0.000000,2.000000,8.000000,0.000000,15.000000,LOW,True,channel=8; geography=5; occupation=2
C000825,14.000000,0.000000,0.000000,2.000000,8.000000,0.000000,24.000000,LOW,True,geography=14; channel=8; occupation=2
C000826,5.000000,0.000000,0.000000,2.000000,8.000000,0.000000,15.000000,LOW,False,channel=8; geography=5; occupation=2
C000827,5.000000,0.000000,0.000000,2.000000,2.000000,13.000000,22.000000,LOW,False,KYC control gap=13; geography=5; occupation=2
C000828,5.000000,0.000000,0.000000,2.000000,2.000000,12.000000,21.000000,LOW,False,KYC control gap=12; geography=5; occupation=2
C000829,5.000000,0.000000,0.000000,2.000000,8.000000,0.000000,15.000000,LOW,True,channel=8; geography=5; occupation=2
C000830,5.000000,0.000000,0.000000,10.000000,8.000000,0.000000,23.000000,LOW,True,occupation=10; channel=8; geography=5
C000831,5.000000,0.000000,0.000000,2.000000,2.000000,0.000000,9.000000,LOW,True,geography=5; occupation=2; channel=2
C000832,5.000000,0.000000,0.000000,2.000000,2.000000,0.000000,9.000000,LOW,True,geography=5; occupation=2; channel=2
C000833,5.000000,0.000000,0.000000,2.000000,8.000000,0.000000,15.000000,LOW,False,channel=8; geography=5; occupation=2
C000834,5.000000,0.000000,0.000000,2.000000,8.000000,0.000000,15.000000,LOW,True,channel=8; geography=5; occupation=2
C000835,14.000000,0.000000,0.000000,10.000000,8.000000,0.000000,32.000000,MEDIUM,False,geography=14; occupation=10; channel=8
C000836,5.000000,0.000000,0.000000,2.000000,2.000000,0.000000,9.000000,LOW,False,geography=5; occupation=2; channel=2
C000837,5.000000,0.000000,0.000000,20.000000,2.000000,0.000000,27.000000,LOW,True,occupation=20; geography=5; channel=2
C000838,5.000000,0.000000,0.000000,20.000000,8.000000,0.000000,33.000000,MEDIUM,True,occupation=20; channel=8; geography=5
C000839,5.000000,0.000000,0.000000,2.000000,5.000000,0.000000,12.000000,LOW,True,geography=5; channel=5; occupation=2
C000840,5.000000,0.000000,0.000000,10.000000,8.000000,0.000000,23.000000,LOW,True,occupation=10; channel=8; geography=5
C000841,5.000000,0.000000,0.000000,2.000000,5.000000,0.000000,12.000000,LOW,True,geography=5; channel=5; occupation=2
C000842,5.000000,0.000000,0.000000,2.000000,2.000000,0.000000,9.000000,LOW,False,geography=5; occupation=2; channel=2
C000843,5.000000,0.000000,0.000000,10.000000,2.000000,0.000000,17.000000,LOW,False,occupation=10; geography=5; channel=2
C000844,5.000000,0.000000,0.000000,2.000000,8.000000,0.000000,15.000000,LOW,True,channel=8; geography=5; occupation=2
C000845,5.000000,0.000000,0.000000,20.000000,2.000000,0.000000,27.000000,LOW,False,occupation=20; geography=5; channel=2
C000846,5.000000,0.000000,0.000000,20.000000,8.000000,0.000000,33.000000,MEDIUM,True,occupation=20; channel=8; geography=5
C000847,5.000000,0.000000,0.000000,20.000000,8.000000,13.000000,46.000000,HIGH,False,occupation=20; KYC control gap=13; channel=8
C000848,5.000000,0.000000,0.000000,2.000000,8.000000,0.000000,15.000000,LOW,True,channel=8; geography=5; occupation=2
C000849,5.000000,0.000000,0.000000,2.000000,2.000000,0.000000,9.000000,LOW,True,geography=5; occupation=2; channel=2
C000850,5.000000,0.000000,0.000000,2.000000,2.000000,0.000000,9.000000,LOW,False,geography=5; occupation=2; channel=2
C000851,5.000000,0.000000,0.000000,10.000000,5.000000,0.000000,20.000000,LOW,True,occupation=10; geography=5; channel=5
C000852,5.000000,0.000000,0.000000,2.000000,2.000000,0.000000,9.000000,LOW,False,geography=5; occupation=2; channel=2
C000853,5.000000,0.000000,0.000000,2.000000,2.000000,0.000000,9.000000,LOW,True,geography=5; occupation=2; channel=2
C000854,5.000000,0.000000,0.000000,2.000000,8.000000,0.000000,15.000000,LOW,True,channel=8; geography=5; occupation=2
C000855,5.000000,0.000000,0.000000,2.000000,8.000000,0.000000,15.000000,LOW,True,channel=8; geography=5; occupation=2
C000856,5.000000,0.000000,0.000000,2.000000,8.000000,0.000000,15.000000,LOW,False,channel=8; geography=5; occupation=2
C000857,5.000000,0.000000,0.000000,2.000000,8.000000,0.000000,15.000000,LOW,False,channel=8; geography=5; occupation=2
C000858,5.000000,0.000000,0.000000,10.000000,8.000000,0.000000,23.000000,LOW,False,occupation=10; channel=8; geography=5
C000859,5.000000,0.000000,0.000000,10.000000,8.000000,0.000000,23.000000,LOW,False,occupation=10; channel=8; geography=5
C000860,5.000000,0.000000,0.000000,10.000000,8.000000,0.000000,23.000000,LOW,True,occupation=10; channel=8; geography=5
C000861,5.000000,0.000000,0.000000,10.000000,2.000000,0.000000,17.000000,LOW,False,occupation=10; geography=5; channel=2
C000862,5.000000,0.000000,0.000000,2.000000,8.000000,0.000000,15.000000,LOW,True,channel=8; geography=5; occupation=2
C000863,5.000000,0.000000,0.000000,2.000000,8.000000,0.000000,15.000000,LOW,False,channel=8; geography=5; occupation=2
C000864,5.000000,0.000000,0.000000,2.000000,8.000000,0.000000,15.000000,LOW,False,channel=8; geography=5; occupation=2
C000865,30.000000,0.000000,0.000000,2.000000,8.000000,0.000000,40.000000,MEDIUM,False,geography=30; channel=8; occupation=2
C000866,6.000000,0.000000,0.000000,2.000000,8.000000,0.000000,16.000000,LOW,True,channel=8; geography=6; occupation=2
C000867,5.000000,0.000000,0.000000,10.000000,8.000000,0.000000,23.000000,LOW,False,occupation=10; channel=8; geography=5
C000868,5.000000,22.000000,0.000000,10.000000,2.000000,0.000000,39.000000,MEDIUM,False,PEP=22; occupation=10; geography=5
C000869,5.000000,0.000000,0.000000,2.000000,8.000000,0.000000,15.000000,LOW,False,channel=8; geography=5; occupation=2
C000870,5.000000,0.000000,0.000000,2.000000,8.000000,0.000000,15.000000,LOW,False,channel=8; geography=5; occupation=2
C000871,5.000000,0.000000,0.000000,2.000000,2.000000,0.000000,9.000000,LOW,True,geography=5; occupation=2; channel=2
C000872,5.000000,0.000000,0.000000,10.000000,5.000000,0.000000,20.000000,LOW,True,occupation=10; geography=5; channel=5
C000873,5.000000,0.000000,0.000000,2.000000,8.000000,0.000000,15.000000,LOW,False,channel=8; geography=5; occupation=2
C000874,18.000000,0.000000,0.000000,2.000000,2.000000,0.000000,22.000000,LOW,False,geography=18; occupation=2; channel=2
C000875,5.000000,0.000000,0.000000,10.000000,5.000000,0.000000,20.000000,LOW,False,occupation=10; geography=5; channel=5
C000876,5.000000,0.000000,0.000000,2.000000,8.000000,0.000000,15.000000,LOW,True,channel=8; geography=5; occupation=2
C000877,5.000000,0.000000,0.000000,2.000000,2.000000,0.000000,9.000000,LOW,False,geography=5; occupation=2; channel=2
C000878,4.000000,0.000000,0.000000,10.000000,8.000000,0.000000,22.000000,LOW,True,occupation=10; channel=8; geography=4
C000879,5.000000,0.000000,0.000000,2.000000,2.000000,0.000000,9.000000,LOW,False,geography=5; occupation=2; channel=2
C000880,4.000000,0.000000,0.000000,2.000000,2.000000,0.000000,8.000000,LOW,False,geography=4; occupation=2; channel=2
C000881,5.000000,0.000000,0.000000,2.000000,2.000000,0.000000,9.000000,LOW,False,geography=5; occupation=2; channel=2
C000882,5.000000,0.000000,0.000000,2.000000,2.000000,0.000000,9.000000,LOW,False,geography=5; occupation=2; channel=2
C000883,5.000000,0.000000,0.000000,2.000000,2.000000,0.000000,9.000000,LOW,True,geography=5; occupation=2; channel=2
C000884,16.000000,0.000000,0.000000,2.000000,2.000000,0.000000,20.000000,LOW,True,geography=16; occupation=2; channel=2
C000885,5.000000,0.000000,0.000000,2.000000,8.000000,0.000000,15.000000,LOW,False,channel=8; geography=5; occupation=2
C000886,5.000000,0.000000,0.000000,2.000000,2.000000,0.000000,9.000000,LOW,True,geography=5; occupation=2; channel=2
C000887,5.000000,0.000000,0.000000,10.000000,2.000000,0.000000,17.000000,LOW,False,occupation=10; geography=5; channel=2
C000888,5.000000,0.000000,0.000000,2.000000,2.000000,0.000000,9.000000,LOW,False,geography=5; occupation=2; channel=2
C000889,5.000000,0.000000,0.000000,2.000000,8.000000,0.000000,15.000000,LOW,False,channel=8; geography=5; occupation=2
C000890,5.000000,0.000000,0.000000,2.000000,2.000000,0.000000,9.000000,LOW,False,geography=5; occupation=2; channel=2
C000891,5.000000,0.000000,0.000000,10.000000,2.000000,0.000000,17.000000,LOW,False,occupation=10; geography=5; channel=2
C000892,5.000000,0.000000,0.000000,2.000000,2.000000,0.000000,9.000000,LOW,False,geography=5; occupation=2; channel=2
C000893,5.000000,0.000000,0.000000,10.000000,2.000000,0.000000,17.000000,LOW,True,occupation=10; geography=5; channel=2
C000894,5.000000,0.000000,0.000000,10.000000,8.000000,0.000000,23.000000,LOW,True,occupation=10; channel=8; geography=5
C000895,5.000000,0.000000,0.000000,2.000000,8.000000,0.000000,15.000000,LOW,False,channel=8; geography=5; occupation=2
C000896,5.000000,0.000000,0.000000,10.000000,5.000000,0.000000,20.000000,LOW,False,occupation=10; geography=5; channel=5
C000897,5.000000,0.000000,0.000000,2.000000,8.000000,0.000000,15.000000,LOW,False,channel=8; geography=5; occupation=2
C000898,5.000000,0.000000,0.000000,2.000000,8.000000,0.000000,15.000000,LOW,False,channel=8; geography=5; occupation=2
C000899,5.000000,0.000000,0.000000,2.000000,8.000000,0.000000,15.000000,LOW,True,channel=8; geography=5; occupation=2
C000900,5.000000,0.000000,0.000000,10.000000,8.000000,0.000000,23.000000,LOW,False,occupation=10; channel=8; geography=5
C000901,5.000000,22.000000,0.000000,2.000000,5.000000,0.000000,34.000000,MEDIUM,False,PEP=22; geography=5; channel=5
C000902,5.000000,0.000000,0.000000,10.000000,8.000000,0.000000,23.000000,LOW,False,occupation=10; channel=8; geography=5
C000903,5.000000,0.000000,0.000000,2.000000,8.000000,12.000000,27.000000,LOW,True,KYC control gap=12; channel=8; geography=5
C000904,5.000000,0.000000,0.000000,2.000000,8.000000,0.000000,15.000000,LOW,True,channel=8; geography=5; occupation=2
C000905,5.000000,0.000000,0.000000,10.000000,2.000000,13.000000,30.000000,MEDIUM,True,KYC control gap=13; occupation=10; geography=5
C000906,5.000000,0.000000,0.000000,2.000000,5.000000,0.000000,12.000000,LOW,True,geography=5; channel=5; occupation=2
C000907,5.000000,0.000000,0.000000,10.000000,5.000000,0.000000,20.000000,LOW,False,occupation=10; geography=5; channel=5
C000908,5.000000,0.000000,0.000000,2.000000,8.000000,0.000000,15.000000,LOW,True,channel=8; geography=5; occupation=2
C000909,14.000000,0.000000,0.000000,2.000000,2.000000,0.000000,18.000000,LOW,True,geography=14; occupation=2; channel=2
C000910,5.000000,0.000000,0.000000,2.000000,8.000000,0.000000,15.000000,LOW,False,channel=8; geography=5; occupation=2
C000911,5.000000,0.000000,0.000000,10.000000,2.000000,0.000000,17.000000,LOW,True,occupation=10; geography=5; channel=2
C000912,5.000000,0.000000,0.000000,10.000000,5.000000,0.000000,20.000000,LOW,True,occupation=10; geography=5; channel=5
C000913,5.000000,0.000000,0.000000,2.000000,2.000000,0.000000,9.000000,LOW,False,geography=5; occupation=2; channel=2
C000914,5.000000,0.000000,0.000000,2.000000,8.000000,0.000000,15.000000,LOW,False,channel=8; geography=5; occupation=2
C000915,5.000000,0.000000,0.000000,2.000000,8.000000,0.000000,15.000000,LOW,True,channel=8; geography=5; occupation=2
C000916,5.000000,0.000000,0.000000,2.000000,8.000000,0.000000,15.000000,LOW,False,channel=8; geography=5; occupation=2
C000917,4.000000,0.000000,0.000000,2.000000,8.000000,0.000000,14.000000,LOW,False,channel=8; geography=4; occupation=2
C000918,5.000000,0.000000,0.000000,10.000000,2.000000,0.000000,17.000000,LOW,False,occupation=10; geography=5; channel=2
C000919,5.000000,0.000000,0.000000,2.000000,5.000000,0.000000,12.000000,LOW,False,geography=5; channel=5; occupation=2
C000920,5.000000,0.000000,0.000000,2.000000,8.000000,0.000000,15.000000,LOW,True,channel=8; geography=5; occupation=2
C000921,5.000000,0.000000,0.000000,2.000000,2.000000,0.000000,9.000000,LOW,False,geography=5; occupation=2; channel=2
C000922,5.000000,0.000000,0.000000,10.000000,2.000000,0.000000,17.000000,LOW,True,occupation=10; geography=5; channel=2
C000923,5.000000,0.000000,0.000000,2.000000,8.000000,0.000000,15.000000,LOW,False,channel=8; geography=5; occupation=2
C000924,5.000000,0.000000,0.000000,2.000000,8.000000,0.000000,15.000000,LOW,True,channel=8; geography=5; occupation=2
C000925,5.000000,0.000000,0.000000,2.000000,8.000000,0.000000,15.000000,LOW,True,channel=8; geography=5; occupation=2
C000926,5.000000,0.000000,0.000000,10.000000,8.000000,0.000000,23.000000,LOW,True,occupation=10; channel=8; geography=5
C000927,5.000000,0.000000,0.000000,2.000000,8.000000,0.000000,15.000000,LOW,True,channel=8; geography=5; occupation=2
C000928,5.000000,0.000000,0.000000,10.000000,8.000000,0.000000,23.000000,LOW,False,occupation=10; channel=8; geography=5
C000929,5.000000,0.000000,0.000000,10.000000,8.000000,0.000000,23.000000,LOW,False,occupation=10; channel=8; geography=5
C000930,5.000000,0.000000,0.000000,10.000000,8.000000,0.000000,23.000000,LOW,False,occupation=10; channel=8; geography=5
C000931,5.000000,0.000000,0.000000,10.000000,8.000000,12.000000,35.000000,MEDIUM,False,KYC control gap=12; occupation=10; channel=8
C000932,5.000000,0.000000,0.000000,2.000000,8.000000,0.000000,15.000000,LOW,False,channel=8; geography=5; occupation=2
C000933,5.000000,0.000000,0.000000,10.000000,2.000000,12.000000,29.000000,MEDIUM,False,KYC control gap=12; occupation=10; geography=5
C000934,5.000000,0.000000,0.000000,2.000000,8.000000,0.000000,15.000000,LOW,False,channel=8; geography=5; occupation=2
C000935,5.000000,0.000000,0.000000,10.000000,5.000000,0.000000,20.000000,LOW,True,occupation=10; geography=5; channel=5
C000936,5.000000,0.000000,0.000000,2.000000,8.000000,0.000000,15.000000,LOW,True,channel=8; geography=5; occupation=2
C000937,5.000000,0.000000,0.000000,2.000000,8.000000,0.000000,15.000000,LOW,True,channel=8; geography=5; occupation=2
C000938,5.000000,0.000000,0.000000,10.000000,5.000000,0.000000,20.000000,LOW,True,occupation=10; geography=5; channel=5
C000939,5.000000,0.000000,0.000000,2.000000,8.000000,13.000000,28.000000,MEDIUM,True,KYC control gap=13; channel=8; geography=5
C000940,5.000000,0.000000,0.000000,10.000000,2.000000,0.000000,17.000000,LOW,True,occupation=10; geography=5; channel=2
C000941,5.000000,0.000000,0.000000,10.000000,2.000000,0.000000,17.000000,LOW,False,occupation=10; geography=5; channel=2
C000942,5.000000,0.000000,35.000000,2.000000,8.000000,0.000000,50.000000,HIGH,True,synthetic screening=35; channel=8; geography=5
C000943,14.000000,0.000000,0.000000,2.000000,8.000000,0.000000,24.000000,LOW,True,geography=14; channel=8; occupation=2
C000944,18.000000,0.000000,0.000000,10.000000,8.000000,0.000000,36.000000,MEDIUM,False,geography=18; occupation=10; channel=8
C000945,5.000000,0.000000,0.000000,2.000000,8.000000,0.000000,15.000000,LOW,True,channel=8; geography=5; occupation=2
C000946,5.000000,0.000000,0.000000,2.000000,8.000000,0.000000,15.000000,LOW,True,channel=8; geography=5; occupation=2
C000947,5.000000,0.000000,0.000000,2.000000,5.000000,0.000000,12.000000,LOW,True,geography=5; channel=5; occupation=2
C000948,5.000000,0.000000,0.000000,2.000000,8.000000,0.000000,15.000000,LOW,True,channel=8; geography=5; occupation=2
C000949,16.000000,0.000000,0.000000,2.000000,5.000000,0.000000,23.000000,LOW,True,geography=16; channel=5; occupation=2
C000950,5.000000,0.000000,0.000000,2.000000,2.000000,0.000000,9.000000,LOW,True,geography=5; occupation=2; channel=2
C000951,5.000000,0.000000,0.000000,10.000000,2.000000,0.000000,17.000000,LOW,False,occupation=10; geography=5; channel=2
C000952,5.000000,0.000000,0.000000,20.000000,8.000000,0.000000,33.000000,MEDIUM,True,occupation=20; channel=8; geography=5
C000953,4.000000,0.000000,0.000000,2.000000,8.000000,0.000000,14.000000,LOW,True,channel=8; geography=4; occupation=2
C000954,5.000000,0.000000,0.000000,10.000000,8.000000,0.000000,23.000000,LOW,True,occupation=10; channel=8; geography=5
C000955,14.000000,0.000000,0.000000,2.000000,2.000000,0.000000,18.000000,LOW,True,geography=14; occupation=2; channel=2
C000956,30.000000,0.000000,0.000000,2.000000,8.000000,0.000000,40.000000,MEDIUM,True,geography=30; channel=8; occupation=2
C000957,5.000000,0.000000,0.000000,2.000000,8.000000,0.000000,15.000000,LOW,True,channel=8; geography=5; occupation=2
C000958,14.000000,0.000000,0.000000,2.000000,2.000000,0.000000,18.000000,LOW,False,geography=14; occupation=2; channel=2
C000959,6.000000,0.000000,0.000000,2.000000,8.000000,0.000000,16.000000,LOW,True,channel=8; geography=6; occupation=2
C000960,18.000000,0.000000,0.000000,2.000000,2.000000,0.000000,22.000000,LOW,True,geography=18; occupation=2; channel=2
C000961,4.000000,0.000000,0.000000,2.000000,5.000000,0.000000,11.000000,LOW,True,channel=5; geography=4; occupation=2
C000962,5.000000,0.000000,0.000000,2.000000,8.000000,0.000000,15.000000,LOW,False,channel=8; geography=5; occupation=2
C000963,5.000000,0.000000,0.000000,2.000000,8.000000,0.000000,15.000000,LOW,False,channel=8; geography=5; occupation=2
C000964,5.000000,0.000000,0.000000,2.000000,8.000000,12.000000,27.000000,LOW,False,KYC control gap=12; channel=8; geography=5
C000965,4.000000,0.000000,0.000000,2.000000,8.000000,0.000000,14.000000,LOW,False,channel=8; geography=4; occupation=2
C000966,5.000000,0.000000,0.000000,2.000000,8.000000,0.000000,15.000000,LOW,True,channel=8; geography=5; occupation=2
C000967,5.000000,0.000000,0.000000,10.000000,8.000000,0.000000,23.000000,LOW,False,occupation=10; channel=8; geography=5
C000968,5.000000,0.000000,0.000000,2.000000,2.000000,0.000000,9.000000,LOW,False,geography=5; occupation=2; channel=2
C000969,5.000000,0.000000,0.000000,10.000000,8.000000,0.000000,23.000000,LOW,False,occupation=10; channel=8; geography=5
C000970,5.000000,0.000000,0.000000,2.000000,8.000000,0.000000,15.000000,LOW,True,channel=8; geography=5; occupation=2
C000971,5.000000,0.000000,0.000000,10.000000,8.000000,0.000000,23.000000,LOW,True,occupation=10; channel=8; geography=5
C000972,5.000000,0.000000,0.000000,2.000000,2.000000,0.000000,9.000000,LOW,False,geography=5; occupation=2; channel=2
C000973,5.000000,0.000000,0.000000,10.000000,8.000000,0.000000,23.000000,LOW,False,occupation=10; channel=8; geography=5
C000974,4.000000,0.000000,0.000000,2.000000,5.000000,0.000000,11.000000,LOW,True,channel=5; geography=4; occupation=2
C000975,18.000000,0.000000,0.000000,2.000000,2.000000,0.000000,22.000000,LOW,False,geography=18; occupation=2; channel=2
C000976,5.000000,0.000000,0.000000,2.000000,2.000000,12.000000,21.000000,LOW,False,KYC control gap=12; geography=5; occupation=2
C000977,4.000000,0.000000,0.000000,2.000000,8.000000,0.000000,14.000000,LOW,True,channel=8; geography=4; occupation=2
C000978,5.000000,0.000000,0.000000,2.000000,8.000000,0.000000,15.000000,LOW,False,channel=8; geography=5; occupation=2
C000979,5.000000,0.000000,0.000000,2.000000,5.000000,0.000000,12.000000,LOW,True,geography=5; channel=5; occupation=2
C000980,5.000000,0.000000,0.000000,2.000000,8.000000,12.000000,27.000000,LOW,True,KYC control gap=12; channel=8; geography=5
C000981,5.000000,0.000000,0.000000,2.000000,2.000000,0.000000,9.000000,LOW,False,geography=5; occupation=2; channel=2
C000982,5.000000,0.000000,0.000000,10.000000,8.000000,0.000000,23.000000,LOW,False,occupation=10; channel=8; geography=5
C000983,5.000000,0.000000,0.000000,2.000000,5.000000,0.000000,12.000000,LOW,False,geography=5; channel=5; occupation=2
C000984,5.000000,0.000000,0.000000,10.000000,8.000000,0.000000,23.000000,LOW,False,occupation=10; channel=8; geography=5
C000985,5.000000,0.000000,0.000000,10.000000,8.000000,0.000000,23.000000,LOW,False,occupation=10; channel=8; geography=5
C000986,5.000000,0.000000,0.000000,10.000000,8.000000,0.000000,23.000000,LOW,True,occupation=10; channel=8; geography=5
C000987,5.000000,0.000000,0.000000,10.000000,5.000000,12.000000,32.000000,MEDIUM,True,KYC control gap=12; occupation=10; geography=5
C000988,5.000000,0.000000,0.000000,2.000000,8.000000,0.000000,15.000000,LOW,False,channel=8; geography=5; occupation=2
C000989,5.000000,0.000000,0.000000,2.000000,2.000000,0.000000,9.000000,LOW,True,geography=5; occupation=2; channel=2
C000990,5.000000,0.000000,0.000000,10.000000,8.000000,0.000000,23.000000,LOW,True,occupation=10; channel=8; geography=5
C000991,5.000000,0.000000,0.000000,2.000000,2.000000,0.000000,9.000000,LOW,True,geography=5; occupation=2; channel=2
C000992,5.000000,0.000000,0.000000,2.000000,2.000000,0.000000,9.000000,LOW,False,geography=5; occupation=2; channel=2
C000993,14.000000,0.000000,0.000000,10.000000,8.000000,0.000000,32.000000,MEDIUM,False,geography=14; occupation=10; channel=8
C000994,4.000000,0.000000,0.000000,2.000000,8.000000,0.000000,14.000000,LOW,False,channel=8; geography=4; occupation=2
C000995,14.000000,0.000000,0.000000,2.000000,8.000000,0.000000,24.000000,LOW,False,geography=14; channel=8; occupation=2
C000996,5.000000,0.000000,0.000000,2.000000,2.000000,0.000000,9.000000,LOW,True,geography=5; occupation=2; channel=2
C000997,5.000000,0.000000,0.000000,2.000000,2.000000,0.000000,9.000000,LOW,True,geography=5; occupation=2; channel=2
C000998,16.000000,0.000000,0.000000,2.000000,8.000000,0.000000,26.000000,LOW,False,geography=16; channel=8; occupation=2
C000999,5.000000,0.000000,0.000000,2.000000,8.000000,0.000000,15.000000,LOW,True,channel=8; geography=5; occupation=2
C001000,5.000000,0.000000,0.000000,2.000000,8.000000,0.000000,15.000000,LOW,True,channel=8; geography=5; occupation=2
C001001,5.000000,0.000000,0.000000,2.000000,8.000000,0.000000,15.000000,LOW,False,channel=8; geography=5; occupation=2
C001002,5.000000,0.000000,0.000000,2.000000,2.000000,0.000000,9.000000,LOW,True,geography=5; occupation=2; channel=2
C001003,5.000000,0.000000,0.000000,20.000000,2.000000,0.000000,27.000000,LOW,False,occupation=20; geography=5; channel=2
C001004,5.000000,0.000000,0.000000,2.000000,8.000000,0.000000,15.000000,LOW,True,channel=8; geography=5; occupation=2
C001005,5.000000,0.000000,0.000000,10.000000,8.000000,0.000000,23.000000,LOW,False,occupation=10; channel=8; geography=5
C001006,5.000000,0.000000,0.000000,2.000000,8.000000,0.000000,15.000000,LOW,False,channel=8; geography=5; occupation=2
C001007,6.000000,0.000000,0.000000,2.000000,8.000000,0.000000,16.000000,LOW,True,channel=8; geography=6; occupation=2
C001008,5.000000,0.000000,0.000000,2.000000,8.000000,0.000000,15.000000,LOW,True,channel=8; geography=5; occupation=2
C001009,14.000000,0.000000,0.000000,20.000000,5.000000,12.000000,51.000000,HIGH,True,occupation=20; geography=14; KYC control gap=12
C001010,14.000000,0.000000,0.000000,20.000000,8.000000,12.000000,54.000000,HIGH,False,occupation=20; geography=14; KYC control gap=12
C001011,5.000000,0.000000,0.000000,2.000000,8.000000,0.000000,15.000000,LOW,False,channel=8; geography=5; occupation=2
C001012,5.000000,0.000000,0.000000,10.000000,8.000000,0.000000,23.000000,LOW,True,occupation=10; channel=8; geography=5
C001013,5.000000,0.000000,0.000000,2.000000,8.000000,0.000000,15.000000,LOW,True,channel=8; geography=5; occupation=2
C001014,5.000000,0.000000,0.000000,2.000000,8.000000,0.000000,15.000000,LOW,False,channel=8; geography=5; occupation=2
C001015,5.000000,0.000000,0.000000,10.000000,8.000000,0.000000,23.000000,LOW,True,occupation=10; channel=8; geography=5
C001016,5.000000,0.000000,0.000000,2.000000,2.000000,0.000000,9.000000,LOW,False,geography=5; occupation=2; channel=2
C001017,5.000000,0.000000,0.000000,2.000000,8.000000,0.000000,15.000000,LOW,True,channel=8; geography=5; occupation=2
C001018,5.000000,0.000000,0.000000,10.000000,2.000000,0.000000,17.000000,LOW,False,occupation=10; geography=5; channel=2
C001019,5.000000,0.000000,0.000000,2.000000,8.000000,0.000000,15.000000,LOW,False,channel=8; geography=5; occupation=2
C001020,5.000000,0.000000,0.000000,2.000000,8.000000,0.000000,15.000000,LOW,False,channel=8; geography=5; occupation=2
C001021,5.000000,0.000000,0.000000,2.000000,8.000000,0.000000,15.000000,LOW,True,channel=8; geography=5; occupation=2
C001022,5.000000,0.000000,0.000000,2.000000,2.000000,0.000000,9.000000,LOW,True,geography=5; occupation=2; channel=2
C001023,5.000000,0.000000,0.000000,10.000000,5.000000,0.000000,20.000000,LOW,False,occupation=10; geography=5; channel=5
C001024,5.000000,0.000000,0.000000,2.000000,8.000000,0.000000,15.000000,LOW,False,channel=8; geography=5; occupation=2
C001025,5.000000,0.000000,0.000000,2.000000,2.000000,0.000000,9.000000,LOW,True,geography=5; occupation=2; channel=2
C001026,5.000000,0.000000,0.000000,10.000000,5.000000,0.000000,20.000000,LOW,True,occupation=10; geography=5; channel=5
C001027,5.000000,0.000000,0.000000,10.000000,5.000000,0.000000,20.000000,LOW,True,occupation=10; geography=5; channel=5
C001028,5.000000,0.000000,0.000000,2.000000,2.000000,0.000000,9.000000,LOW,False,geography=5; occupation=2; channel=2
C001029,5.000000,0.000000,0.000000,2.000000,8.000000,0.000000,15.000000,LOW,True,channel=8; geography=5; occupation=2
C001030,5.000000,0.000000,0.000000,2.000000,8.000000,12.000000,27.000000,LOW,True,KYC control gap=12; channel=8; geography=5
C001031,5.000000,0.000000,0.000000,2.000000,2.000000,0.000000,9.000000,LOW,True,geography=5; occupation=2; channel=2
C001032,5.000000,0.000000,0.000000,2.000000,8.000000,0.000000,15.000000,LOW,True,channel=8; geography=5; occupation=2
C001033,5.000000,0.000000,0.000000,2.000000,8.000000,0.000000,15.000000,LOW,True,channel=8; geography=5; occupation=2
C001034,5.000000,0.000000,0.000000,10.000000,8.000000,0.000000,23.000000,LOW,False,occupation=10; channel=8; geography=5
C001035,5.000000,0.000000,0.000000,10.000000,8.000000,0.000000,23.000000,LOW,False,occupation=10; channel=8; geography=5
C001036,5.000000,0.000000,0.000000,20.000000,2.000000,13.000000,40.000000,MEDIUM,True,occupation=20; KYC control gap=13; geography=5
C001037,5.000000,0.000000,0.000000,2.000000,2.000000,0.000000,9.000000,LOW,False,geography=5; occupation=2; channel=2
C001038,5.000000,0.000000,0.000000,10.000000,8.000000,0.000000,23.000000,LOW,True,occupation=10; channel=8; geography=5
C001039,5.000000,0.000000,0.000000,2.000000,8.000000,0.000000,15.000000,LOW,True,channel=8; geography=5; occupation=2
C001040,5.000000,0.000000,0.000000,10.000000,8.000000,0.000000,23.000000,LOW,True,occupation=10; channel=8; geography=5
C001041,5.000000,0.000000,0.000000,2.000000,8.000000,0.000000,15.000000,LOW,False,channel=8; geography=5; occupation=2
C001042,5.000000,0.000000,0.000000,10.000000,2.000000,0.000000,17.000000,LOW,False,occupation=10; geography=5; channel=2
C001043,18.000000,0.000000,0.000000,10.000000,5.000000,0.000000,33.000000,MEDIUM,True,geography=18; occupation=10; channel=5
C001044,4.000000,0.000000,0.000000,2.000000,2.000000,0.000000,8.000000,LOW,False,geography=4; occupation=2; channel=2
C001045,5.000000,0.000000,0.000000,2.000000,2.000000,0.000000,9.000000,LOW,True,geography=5; occupation=2; channel=2
C001046,6.000000,0.000000,0.000000,20.000000,8.000000,0.000000,34.000000,MEDIUM,True,occupation=20; channel=8; geography=6
C001047,5.000000,0.000000,0.000000,10.000000,8.000000,0.000000,23.000000,LOW,True,occupation=10; channel=8; geography=5
C001048,5.000000,0.000000,0.000000,10.000000,2.000000,0.000000,17.000000,LOW,True,occupation=10; geography=5; channel=2
C001049,5.000000,0.000000,0.000000,10.000000,2.000000,0.000000,17.000000,LOW,True,occupation=10; geography=5; channel=2
C001050,5.000000,0.000000,0.000000,10.000000,8.000000,13.000000,36.000000,MEDIUM,True,KYC control gap=13; occupation=10; channel=8
C001051,5.000000,0.000000,0.000000,10.000000,8.000000,0.000000,23.000000,LOW,False,occupation=10; channel=8; geography=5
C001052,5.000000,0.000000,0.000000,2.000000,2.000000,0.000000,9.000000,LOW,True,geography=5; occupation=2; channel=2
C001053,5.000000,0.000000,0.000000,10.000000,2.000000,0.000000,17.000000,LOW,True,occupation=10; geography=5; channel=2
C001054,5.000000,0.000000,0.000000,2.000000,2.000000,12.000000,21.000000,LOW,False,KYC control gap=12; geography=5; occupation=2
C001055,5.000000,0.000000,0.000000,2.000000,2.000000,12.000000,21.000000,LOW,False,KYC control gap=12; geography=5; occupation=2
C001056,4.000000,0.000000,0.000000,10.000000,2.000000,0.000000,16.000000,LOW,True,occupation=10; geography=4; channel=2
C001057,5.000000,0.000000,0.000000,2.000000,2.000000,0.000000,9.000000,LOW,False,geography=5; occupation=2; channel=2
C001058,5.000000,0.000000,0.000000,2.000000,8.000000,0.000000,15.000000,LOW,True,channel=8; geography=5; occupation=2
C001059,5.000000,0.000000,0.000000,10.000000,8.000000,0.000000,23.000000,LOW,True,occupation=10; channel=8; geography=5
C001060,5.000000,0.000000,0.000000,2.000000,2.000000,12.000000,21.000000,LOW,True,KYC control gap=12; geography=5; occupation=2
C001061,18.000000,0.000000,0.000000,2.000000,2.000000,12.000000,34.000000,MEDIUM,False,geography=18; KYC control gap=12; occupation=2
C001062,5.000000,0.000000,0.000000,2.000000,2.000000,0.000000,9.000000,LOW,True,geography=5; occupation=2; channel=2
C001063,5.000000,0.000000,0.000000,20.000000,8.000000,0.000000,33.000000,MEDIUM,True,occupation=20; channel=8; geography=5
C001064,5.000000,0.000000,0.000000,2.000000,8.000000,0.000000,15.000000,LOW,True,channel=8; geography=5; occupation=2
C001065,5.000000,0.000000,0.000000,2.000000,2.000000,12.000000,21.000000,LOW,False,KYC control gap=12; geography=5; occupation=2
C001066,4.000000,0.000000,0.000000,2.000000,2.000000,0.000000,8.000000,LOW,False,geography=4; occupation=2; channel=2
C001067,5.000000,0.000000,0.000000,2.000000,8.000000,0.000000,15.000000,LOW,False,channel=8; geography=5; occupation=2
C001068,4.000000,0.000000,0.000000,2.000000,8.000000,0.000000,14.000000,LOW,True,channel=8; geography=4; occupation=2
C001069,5.000000,0.000000,0.000000,20.000000,8.000000,12.000000,45.000000,HIGH,True,occupation=20; KYC control gap=12; channel=8
C001070,5.000000,0.000000,0.000000,10.000000,8.000000,0.000000,23.000000,LOW,False,occupation=10; channel=8; geography=5
C001071,5.000000,0.000000,0.000000,10.000000,2.000000,0.000000,17.000000,LOW,False,occupation=10; geography=5; channel=2
C001072,5.000000,0.000000,0.000000,10.000000,8.000000,0.000000,23.000000,LOW,True,occupation=10; channel=8; geography=5
C001073,5.000000,0.000000,0.000000,2.000000,2.000000,0.000000,9.000000,LOW,True,geography=5; occupation=2; channel=2
C001074,5.000000,0.000000,0.000000,2.000000,5.000000,0.000000,12.000000,LOW,False,geography=5; channel=5; occupation=2
C001075,5.000000,0.000000,0.000000,10.000000,5.000000,0.000000,20.000000,LOW,False,occupation=10; geography=5; channel=5
C001076,5.000000,0.000000,0.000000,2.000000,2.000000,0.000000,9.000000,LOW,True,geography=5; occupation=2; channel=2
C001077,5.000000,0.000000,0.000000,2.000000,2.000000,0.000000,9.000000,LOW,False,geography=5; occupation=2; channel=2
C001078,5.000000,0.000000,0.000000,2.000000,2.000000,0.000000,9.000000,LOW,False,geography=5; occupation=2; channel=2
C001079,6.000000,0.000000,0.000000,20.000000,2.000000,0.000000,28.000000,MEDIUM,True,occupation=20; geography=6; channel=2
C001080,6.000000,0.000000,0.000000,2.000000,2.000000,0.000000,10.000000,LOW,True,geography=6; occupation=2; channel=2
C001081,5.000000,0.000000,0.000000,2.000000,8.000000,0.000000,15.000000,LOW,True,channel=8; geography=5; occupation=2
C001082,5.000000,0.000000,0.000000,2.000000,2.000000,0.000000,9.000000,LOW,True,geography=5; occupation=2; channel=2
C001083,5.000000,0.000000,0.000000,2.000000,2.000000,0.000000,9.000000,LOW,True,geography=5; occupation=2; channel=2
C001084,6.000000,0.000000,0.000000,10.000000,2.000000,0.000000,18.000000,LOW,True,occupation=10; geography=6; channel=2
C001085,5.000000,0.000000,0.000000,2.000000,2.000000,0.000000,9.000000,LOW,True,geography=5; occupation=2; channel=2
C001086,5.000000,0.000000,0.000000,20.000000,8.000000,0.000000,33.000000,MEDIUM,False,occupation=20; channel=8; geography=5
C001087,5.000000,0.000000,0.000000,2.000000,2.000000,0.000000,9.000000,LOW,True,geography=5; occupation=2; channel=2
C001088,5.000000,0.000000,0.000000,10.000000,8.000000,0.000000,23.000000,LOW,False,occupation=10; channel=8; geography=5
C001089,14.000000,0.000000,0.000000,2.000000,2.000000,0.000000,18.000000,LOW,True,geography=14; occupation=2; channel=2
C001090,5.000000,0.000000,0.000000,2.000000,8.000000,0.000000,15.000000,LOW,False,channel=8; geography=5; occupation=2
C001091,4.000000,0.000000,0.000000,2.000000,8.000000,0.000000,14.000000,LOW,True,channel=8; geography=4; occupation=2
C001092,5.000000,0.000000,0.000000,10.000000,2.000000,0.000000,17.000000,LOW,True,occupation=10; geography=5; channel=2
C001093,5.000000,0.000000,0.000000,2.000000,8.000000,0.000000,15.000000,LOW,False,channel=8; geography=5; occupation=2
C001094,5.000000,0.000000,0.000000,10.000000,8.000000,0.000000,23.000000,LOW,False,occupation=10; channel=8; geography=5
C001095,5.000000,0.000000,0.000000,10.000000,2.000000,0.000000,17.000000,LOW,True,occupation=10; geography=5; channel=2
C001096,5.000000,0.000000,0.000000,2.000000,8.000000,0.000000,15.000000,LOW,False,channel=8; geography=5; occupation=2
C001097,5.000000,0.000000,0.000000,2.000000,5.000000,0.000000,12.000000,LOW,False,geography=5; channel=5; occupation=2
C001098,5.000000,0.000000,0.000000,2.000000,2.000000,0.000000,9.000000,LOW,True,geography=5; occupation=2; channel=2
C001099,5.000000,0.000000,0.000000,2.000000,2.000000,0.000000,9.000000,LOW,True,geography=5; occupation=2; channel=2
C001100,5.000000,0.000000,0.000000,10.000000,2.000000,0.000000,17.000000,LOW,False,occupation=10; geography=5; channel=2
C001101,5.000000,0.000000,0.000000,2.000000,8.000000,0.000000,15.000000,LOW,False,channel=8; geography=5; occupation=2
C001102,5.000000,0.000000,0.000000,2.000000,8.000000,0.000000,15.000000,LOW,True,channel=8; geography=5; occupation=2
C001103,16.000000,0.000000,0.000000,10.000000,2.000000,0.000000,28.000000,MEDIUM,True,geography=16; occupation=10; channel=2
C001104,5.000000,0.000000,0.000000,2.000000,2.000000,0.000000,9.000000,LOW,True,geography=5; occupation=2; channel=2
C001105,5.000000,0.000000,0.000000,2.000000,8.000000,0.000000,15.000000,LOW,True,channel=8; geography=5; occupation=2
C001106,5.000000,0.000000,0.000000,2.000000,8.000000,0.000000,15.000000,LOW,True,channel=8; geography=5; occupation=2
C001107,5.000000,0.000000,0.000000,2.000000,2.000000,0.000000,9.000000,LOW,True,geography=5; occupation=2; channel=2
C001108,16.000000,0.000000,0.000000,10.000000,8.000000,0.000000,34.000000,MEDIUM,True,geography=16; occupation=10; channel=8
C001109,5.000000,0.000000,0.000000,10.000000,8.000000,0.000000,23.000000,LOW,False,occupation=10; channel=8; geography=5
C001110,5.000000,0.000000,0.000000,2.000000,2.000000,0.000000,9.000000,LOW,True,geography=5; occupation=2; channel=2
C001111,5.000000,0.000000,0.000000,2.000000,8.000000,0.000000,15.000000,LOW,False,channel=8; geography=5; occupation=2
C001112,5.000000,0.000000,0.000000,2.000000,2.000000,0.000000,9.000000,LOW,True,geography=5; occupation=2; channel=2
C001113,5.000000,0.000000,0.000000,2.000000,2.000000,0.000000,9.000000,LOW,False,geography=5; occupation=2; channel=2
C001114,5.000000,0.000000,0.000000,2.000000,8.000000,0.000000,15.000000,LOW,False,channel=8; geography=5; occupation=2
C001115,5.000000,0.000000,0.000000,10.000000,2.000000,12.000000,29.000000,MEDIUM,False,KYC control gap=12; occupation=10; geography=5
C001116,5.000000,0.000000,0.000000,2.000000,2.000000,0.000000,9.000000,LOW,False,geography=5; occupation=2; channel=2
C001117,5.000000,0.000000,0.000000,10.000000,5.000000,0.000000,20.000000,LOW,True,occupation=10; geography=5; channel=5
C001118,5.000000,0.000000,0.000000,10.000000,8.000000,0.000000,23.000000,LOW,False,occupation=10; channel=8; geography=5
C001119,5.000000,0.000000,0.000000,10.000000,5.000000,0.000000,20.000000,LOW,False,occupation=10; geography=5; channel=5
C001120,5.000000,0.000000,0.000000,20.000000,8.000000,0.000000,33.000000,MEDIUM,True,occupation=20; channel=8; geography=5
C001121,5.000000,0.000000,0.000000,10.000000,5.000000,0.000000,20.000000,LOW,False,occupation=10; geography=5; channel=5
C001122,5.000000,0.000000,0.000000,2.000000,2.000000,0.000000,9.000000,LOW,False,geography=5; occupation=2; channel=2
C001123,5.000000,0.000000,0.000000,2.000000,5.000000,0.000000,12.000000,LOW,False,geography=5; channel=5; occupation=2
C001124,5.000000,0.000000,0.000000,2.000000,5.000000,0.000000,12.000000,LOW,True,geography=5; channel=5; occupation=2
C001125,5.000000,0.000000,0.000000,10.000000,2.000000,0.000000,17.000000,LOW,False,occupation=10; geography=5; channel=2
C001126,5.000000,0.000000,0.000000,10.000000,2.000000,13.000000,30.000000,MEDIUM,True,KYC control gap=13; occupation=10; geography=5
C001127,5.000000,0.000000,0.000000,2.000000,8.000000,0.000000,15.000000,LOW,False,channel=8; geography=5; occupation=2
C001128,5.000000,0.000000,0.000000,10.000000,2.000000,0.000000,17.000000,LOW,False,occupation=10; geography=5; channel=2
C001129,5.000000,0.000000,0.000000,20.000000,8.000000,0.000000,33.000000,MEDIUM,False,occupation=20; channel=8; geography=5
C001130,5.000000,0.000000,0.000000,2.000000,5.000000,0.000000,12.000000,LOW,True,geography=5; channel=5; occupation=2
C001131,5.000000,0.000000,0.000000,2.000000,2.000000,0.000000,9.000000,LOW,False,geography=5; occupation=2; channel=2
C001132,5.000000,0.000000,0.000000,2.000000,2.000000,0.000000,9.000000,LOW,False,geography=5; occupation=2; channel=2
C001133,30.000000,0.000000,0.000000,10.000000,8.000000,0.000000,48.000000,HIGH,False,geography=30; occupation=10; channel=8
C001134,5.000000,0.000000,0.000000,10.000000,2.000000,0.000000,17.000000,LOW,False,occupation=10; geography=5; channel=2
C001135,4.000000,0.000000,0.000000,2.000000,5.000000,0.000000,11.000000,LOW,True,channel=5; geography=4; occupation=2
C001136,5.000000,0.000000,0.000000,10.000000,5.000000,0.000000,20.000000,LOW,True,occupation=10; geography=5; channel=5
C001137,16.000000,0.000000,0.000000,2.000000,2.000000,0.000000,20.000000,LOW,True,geography=16; occupation=2; channel=2
C001138,5.000000,0.000000,0.000000,2.000000,2.000000,0.000000,9.000000,LOW,False,geography=5; occupation=2; channel=2
C001139,5.000000,0.000000,0.000000,2.000000,8.000000,12.000000,27.000000,LOW,True,KYC control gap=12; channel=8; geography=5
C001140,5.000000,0.000000,0.000000,2.000000,2.000000,0.000000,9.000000,LOW,False,geography=5; occupation=2; channel=2
C001141,5.000000,0.000000,0.000000,2.000000,2.000000,12.000000,21.000000,LOW,False,KYC control gap=12; geography=5; occupation=2
C001142,5.000000,0.000000,0.000000,10.000000,8.000000,0.000000,23.000000,LOW,True,occupation=10; channel=8; geography=5
C001143,5.000000,0.000000,0.000000,2.000000,5.000000,0.000000,12.000000,LOW,True,geography=5; channel=5; occupation=2
C001144,5.000000,0.000000,0.000000,2.000000,2.000000,0.000000,9.000000,LOW,False,geography=5; occupation=2; channel=2
C001145,5.000000,0.000000,0.000000,10.000000,2.000000,0.000000,17.000000,LOW,True,occupation=10; geography=5; channel=2
C001146,5.000000,0.000000,0.000000,2.000000,8.000000,12.000000,27.000000,LOW,True,KYC control gap=12; channel=8; geography=5
C001147,5.000000,0.000000,0.000000,2.000000,2.000000,0.000000,9.000000,LOW,True,geography=5; occupation=2; channel=2
C001148,5.000000,0.000000,0.000000,2.000000,8.000000,0.000000,15.000000,LOW,True,channel=8; geography=5; occupation=2
C001149,5.000000,0.000000,0.000000,10.000000,5.000000,0.000000,20.000000,LOW,True,occupation=10; geography=5; channel=5
C001150,5.000000,0.000000,0.000000,2.000000,8.000000,0.000000,15.000000,LOW,False,channel=8; geography=5; occupation=2
C001151,5.000000,0.000000,0.000000,2.000000,2.000000,0.000000,9.000000,LOW,False,geography=5; occupation=2; channel=2
C001152,5.000000,0.000000,0.000000,2.000000,5.000000,0.000000,12.000000,LOW,True,geography=5; channel=5; occupation=2
C001153,5.000000,0.000000,0.000000,2.000000,8.000000,12.000000,27.000000,LOW,True,KYC control gap=12; channel=8; geography=5
C001154,5.000000,0.000000,0.000000,2.000000,8.000000,0.000000,15.000000,LOW,True,channel=8; geography=5; occupation=2
C001155,5.000000,0.000000,0.000000,2.000000,8.000000,0.000000,15.000000,LOW,False,channel=8; geography=5; occupation=2
C001156,5.000000,0.000000,0.000000,2.000000,2.000000,0.000000,9.000000,LOW,True,geography=5; occupation=2; channel=2
C001157,5.000000,0.000000,0.000000,10.000000,8.000000,0.000000,23.000000,LOW,False,occupation=10; channel=8; geography=5
C001158,6.000000,0.000000,0.000000,10.000000,8.000000,0.000000,24.000000,LOW,False,occupation=10; channel=8; geography=6
C001159,5.000000,0.000000,0.000000,2.000000,2.000000,0.000000,9.000000,LOW,False,geography=5; occupation=2; channel=2
C001160,5.000000,0.000000,0.000000,2.000000,2.000000,13.000000,22.000000,LOW,False,KYC control gap=13; geography=5; occupation=2
C001161,18.000000,0.000000,0.000000,2.000000,8.000000,0.000000,28.000000,MEDIUM,True,geography=18; channel=8; occupation=2
C001162,5.000000,0.000000,0.000000,10.000000,8.000000,13.000000,36.000000,MEDIUM,False,KYC control gap=13; occupation=10; channel=8
C001163,5.000000,0.000000,0.000000,2.000000,8.000000,0.000000,15.000000,LOW,True,channel=8; geography=5; occupation=2
C001164,5.000000,0.000000,0.000000,2.000000,5.000000,0.000000,12.000000,LOW,True,geography=5; channel=5; occupation=2
C001165,5.000000,0.000000,0.000000,2.000000,2.000000,0.000000,9.000000,LOW,False,geography=5; occupation=2; channel=2
C001166,5.000000,0.000000,0.000000,10.000000,5.000000,0.000000,20.000000,LOW,True,occupation=10; geography=5; channel=5
C001167,5.000000,0.000000,0.000000,20.000000,8.000000,0.000000,33.000000,MEDIUM,True,occupation=20; channel=8; geography=5
C001168,5.000000,0.000000,0.000000,2.000000,2.000000,0.000000,9.000000,LOW,True,geography=5; occupation=2; channel=2
C001169,5.000000,0.000000,0.000000,10.000000,2.000000,0.000000,17.000000,LOW,True,occupation=10; geography=5; channel=2
C001170,5.000000,0.000000,0.000000,10.000000,5.000000,0.000000,20.000000,LOW,False,occupation=10; geography=5; channel=5
C001171,16.000000,0.000000,0.000000,2.000000,8.000000,0.000000,26.000000,LOW,True,geography=16; channel=8; occupation=2
C001172,5.000000,0.000000,0.000000,10.000000,8.000000,0.000000,23.000000,LOW,False,occupation=10; channel=8; geography=5
C001173,5.000000,0.000000,0.000000,2.000000,8.000000,0.000000,15.000000,LOW,False,channel=8; geography=5; occupation=2
C001174,5.000000,0.000000,0.000000,10.000000,8.000000,0.000000,23.000000,LOW,False,occupation=10; channel=8; geography=5
C001175,14.000000,0.000000,0.000000,10.000000,2.000000,0.000000,26.000000,LOW,True,geography=14; occupation=10; channel=2
C001176,5.000000,0.000000,0.000000,2.000000,2.000000,0.000000,9.000000,LOW,False,geography=5; occupation=2; channel=2
C001177,5.000000,0.000000,0.000000,10.000000,2.000000,0.000000,17.000000,LOW,False,occupation=10; geography=5; channel=2
C001178,5.000000,0.000000,0.000000,2.000000,8.000000,0.000000,15.000000,LOW,True,channel=8; geography=5; occupation=2
C001179,16.000000,0.000000,0.000000,2.000000,8.000000,0.000000,26.000000,LOW,False,geography=16; channel=8; occupation=2
C001180,5.000000,0.000000,0.000000,20.000000,8.000000,0.000000,33.000000,MEDIUM,True,occupation=20; channel=8; geography=5
C001181,5.000000,0.000000,0.000000,10.000000,5.000000,0.000000,20.000000,LOW,False,occupation=10; geography=5; channel=5
C001182,5.000000,0.000000,0.000000,10.000000,8.000000,0.000000,23.000000,LOW,False,occupation=10; channel=8; geography=5
C001183,5.000000,0.000000,0.000000,2.000000,2.000000,0.000000,9.000000,LOW,True,geography=5; occupation=2; channel=2
C001184,5.000000,0.000000,0.000000,2.000000,8.000000,0.000000,15.000000,LOW,False,channel=8; geography=5; occupation=2
C001185,5.000000,0.000000,0.000000,2.000000,2.000000,0.000000,9.000000,LOW,True,geography=5; occupation=2; channel=2
C001186,5.000000,0.000000,0.000000,10.000000,8.000000,0.000000,23.000000,LOW,False,occupation=10; channel=8; geography=5
C001187,5.000000,0.000000,0.000000,2.000000,2.000000,0.000000,9.000000,LOW,False,geography=5; occupation=2; channel=2
C001188,5.000000,0.000000,0.000000,2.000000,8.000000,0.000000,15.000000,LOW,False,channel=8; geography=5; occupation=2
C001189,5.000000,22.000000,0.000000,2.000000,8.000000,0.000000,37.000000,MEDIUM,False,PEP=22; channel=8; geography=5
C001190,6.000000,0.000000,0.000000,10.000000,8.000000,0.000000,24.000000,LOW,True,occupation=10; channel=8; geography=6
C001191,14.000000,0.000000,0.000000,2.000000,8.000000,0.000000,24.000000,LOW,False,geography=14; channel=8; occupation=2
C001192,5.000000,0.000000,0.000000,10.000000,2.000000,0.000000,17.000000,LOW,True,occupation=10; geography=5; channel=2
C001193,5.000000,0.000000,0.000000,10.000000,5.000000,0.000000,20.000000,LOW,True,occupation=10; geography=5; channel=5
C001194,5.000000,0.000000,0.000000,10.000000,2.000000,0.000000,17.000000,LOW,True,occupation=10; geography=5; channel=2
C001195,6.000000,0.000000,0.000000,2.000000,8.000000,0.000000,16.000000,LOW,False,channel=8; geography=6; occupation=2
C001196,5.000000,0.000000,0.000000,2.000000,8.000000,0.000000,15.000000,LOW,False,channel=8; geography=5; occupation=2
C001197,5.000000,0.000000,0.000000,2.000000,8.000000,0.000000,15.000000,LOW,True,channel=8; geography=5; occupation=2
C001198,5.000000,0.000000,0.000000,2.000000,2.000000,0.000000,9.000000,LOW,True,geography=5; occupation=2; channel=2
C001199,5.000000,0.000000,0.000000,10.000000,2.000000,0.000000,17.000000,LOW,False,occupation=10; geography=5; channel=2
C001200,5.000000,0.000000,0.000000,2.000000,5.000000,0.000000,12.000000,LOW,False,geography=5; channel=5; occupation=2
C001201,18.000000,0.000000,0.000000,2.000000,2.000000,0.000000,22.000000,LOW,False,geography=18; occupation=2; channel=2
C001202,5.000000,0.000000,0.000000,2.000000,2.000000,0.000000,9.000000,LOW,True,geography=5; occupation=2; channel=2
C001203,5.000000,0.000000,0.000000,10.000000,5.000000,0.000000,20.000000,LOW,False,occupation=10; geography=5; channel=5
C001204,5.000000,0.000000,0.000000,2.000000,5.000000,0.000000,12.000000,LOW,True,geography=5; channel=5; occupation=2
C001205,5.000000,0.000000,0.000000,2.000000,8.000000,0.000000,15.000000,LOW,True,channel=8; geography=5; occupation=2
C001206,5.000000,0.000000,0.000000,20.000000,8.000000,0.000000,33.000000,MEDIUM,False,occupation=20; channel=8; geography=5
C001207,5.000000,0.000000,0.000000,2.000000,2.000000,0.000000,9.000000,LOW,True,geography=5; occupation=2; channel=2
C001208,5.000000,0.000000,0.000000,10.000000,2.000000,0.000000,17.000000,LOW,True,occupation=10; geography=5; channel=2
C001209,5.000000,0.000000,0.000000,2.000000,8.000000,0.000000,15.000000,LOW,False,channel=8; geography=5; occupation=2
C001210,5.000000,0.000000,0.000000,2.000000,2.000000,0.000000,9.000000,LOW,True,geography=5; occupation=2; channel=2
C001211,18.000000,0.000000,0.000000,2.000000,2.000000,0.000000,22.000000,LOW,True,geography=18; occupation=2; channel=2
C001212,5.000000,0.000000,0.000000,2.000000,2.000000,0.000000,9.000000,LOW,False,geography=5; occupation=2; channel=2
C001213,5.000000,0.000000,0.000000,2.000000,2.000000,0.000000,9.000000,LOW,True,geography=5; occupation=2; channel=2
C001214,5.000000,0.000000,0.000000,10.000000,8.000000,0.000000,23.000000,LOW,True,occupation=10; channel=8; geography=5
C001215,5.000000,0.000000,0.000000,10.000000,2.000000,0.000000,17.000000,LOW,True,occupation=10; geography=5; channel=2
C001216,5.000000,0.000000,0.000000,2.000000,2.000000,0.000000,9.000000,LOW,True,geography=5; occupation=2; channel=2
C001217,16.000000,0.000000,0.000000,2.000000,2.000000,0.000000,20.000000,LOW,True,geography=16; occupation=2; channel=2
C001218,5.000000,0.000000,0.000000,2.000000,8.000000,0.000000,15.000000,LOW,False,channel=8; geography=5; occupation=2
C001219,5.000000,22.000000,0.000000,10.000000,8.000000,0.000000,45.000000,HIGH,False,PEP=22; occupation=10; channel=8
C001220,5.000000,0.000000,0.000000,10.000000,5.000000,0.000000,20.000000,LOW,False,occupation=10; geography=5; channel=5
C001221,5.000000,0.000000,0.000000,2.000000,5.000000,0.000000,12.000000,LOW,True,geography=5; channel=5; occupation=2
C001222,5.000000,0.000000,0.000000,10.000000,8.000000,0.000000,23.000000,LOW,False,occupation=10; channel=8; geography=5
C001223,5.000000,0.000000,0.000000,2.000000,2.000000,0.000000,9.000000,LOW,False,geography=5; occupation=2; channel=2
C001224,4.000000,0.000000,0.000000,2.000000,2.000000,25.000000,33.000000,MEDIUM,False,KYC control gap=25; geography=4; occupation=2
C001225,5.000000,0.000000,0.000000,2.000000,5.000000,0.000000,12.000000,LOW,True,geography=5; channel=5; occupation=2
C001226,14.000000,0.000000,0.000000,10.000000,2.000000,0.000000,26.000000,LOW,True,geography=14; occupation=10; channel=2
C001227,5.000000,0.000000,0.000000,10.000000,8.000000,0.000000,23.000000,LOW,False,occupation=10; channel=8; geography=5
C001228,5.000000,0.000000,0.000000,10.000000,5.000000,0.000000,20.000000,LOW,True,occupation=10; geography=5; channel=5
C001229,5.000000,0.000000,0.000000,2.000000,8.000000,0.000000,15.000000,LOW,False,channel=8; geography=5; occupation=2
C001230,4.000000,0.000000,0.000000,20.000000,8.000000,0.000000,32.000000,MEDIUM,True,occupation=20; channel=8; geography=4
C001231,5.000000,0.000000,0.000000,10.000000,2.000000,0.000000,17.000000,LOW,False,occupation=10; geography=5; channel=2
C001232,5.000000,0.000000,0.000000,2.000000,8.000000,0.000000,15.000000,LOW,False,channel=8; geography=5; occupation=2
C001233,18.000000,0.000000,0.000000,2.000000,5.000000,0.000000,25.000000,LOW,False,geography=18; channel=5; occupation=2
C001234,6.000000,0.000000,0.000000,2.000000,2.000000,0.000000,10.000000,LOW,True,geography=6; occupation=2; channel=2
C001235,5.000000,0.000000,0.000000,10.000000,8.000000,0.000000,23.000000,LOW,True,occupation=10; channel=8; geography=5
C001236,5.000000,0.000000,0.000000,2.000000,2.000000,0.000000,9.000000,LOW,False,geography=5; occupation=2; channel=2
C001237,5.000000,0.000000,0.000000,10.000000,2.000000,0.000000,17.000000,LOW,True,occupation=10; geography=5; channel=2
C001238,5.000000,0.000000,0.000000,2.000000,2.000000,0.000000,9.000000,LOW,False,geography=5; occupation=2; channel=2
C001239,18.000000,0.000000,0.000000,20.000000,2.000000,0.000000,40.000000,MEDIUM,True,occupation=20; geography=18; channel=2
C001240,5.000000,0.000000,0.000000,2.000000,8.000000,0.000000,15.000000,LOW,True,channel=8; geography=5; occupation=2
C001241,4.000000,0.000000,0.000000,10.000000,8.000000,0.000000,22.000000,LOW,False,occupation=10; channel=8; geography=4
C001242,5.000000,0.000000,0.000000,10.000000,2.000000,0.000000,17.000000,LOW,True,occupation=10; geography=5; channel=2
C001243,5.000000,0.000000,0.000000,10.000000,8.000000,0.000000,23.000000,LOW,False,occupation=10; channel=8; geography=5
C001244,5.000000,0.000000,0.000000,2.000000,8.000000,0.000000,15.000000,LOW,True,channel=8; geography=5; occupation=2
C001245,18.000000,0.000000,0.000000,10.000000,8.000000,12.000000,48.000000,HIGH,False,geography=18; KYC control gap=12; occupation=10
C001246,5.000000,0.000000,0.000000,2.000000,5.000000,0.000000,12.000000,LOW,True,geography=5; channel=5; occupation=2
C001247,5.000000,0.000000,0.000000,10.000000,2.000000,0.000000,17.000000,LOW,True,occupation=10; geography=5; channel=2
C001248,5.000000,0.000000,0.000000,2.000000,8.000000,0.000000,15.000000,LOW,True,channel=8; geography=5; occupation=2
C001249,5.000000,0.000000,0.000000,2.000000,2.000000,0.000000,9.000000,LOW,False,geography=5; occupation=2; channel=2
C001250,5.000000,0.000000,0.000000,2.000000,5.000000,0.000000,12.000000,LOW,True,geography=5; channel=5; occupation=2
C001251,5.000000,0.000000,0.000000,2.000000,8.000000,13.000000,28.000000,MEDIUM,False,KYC control gap=13; channel=8; geography=5
C001252,5.000000,0.000000,0.000000,2.000000,8.000000,0.000000,15.000000,LOW,False,channel=8; geography=5; occupation=2
C001253,14.000000,0.000000,0.000000,2.000000,2.000000,0.000000,18.000000,LOW,True,geography=14; occupation=2; channel=2
C001254,5.000000,0.000000,0.000000,2.000000,8.000000,0.000000,15.000000,LOW,False,channel=8; geography=5; occupation=2
C001255,5.000000,0.000000,0.000000,2.000000,2.000000,0.000000,9.000000,LOW,True,geography=5; occupation=2; channel=2
C001256,5.000000,0.000000,0.000000,2.000000,2.000000,0.000000,9.000000,LOW,True,geography=5; occupation=2; channel=2
C001257,5.000000,0.000000,0.000000,20.000000,2.000000,0.000000,27.000000,LOW,True,occupation=20; geography=5; channel=2
C001258,5.000000,0.000000,0.000000,2.000000,8.000000,0.000000,15.000000,LOW,False,channel=8; geography=5; occupation=2
C001259,16.000000,0.000000,0.000000,2.000000,2.000000,0.000000,20.000000,LOW,True,geography=16; occupation=2; channel=2
C001260,5.000000,0.000000,0.000000,2.000000,2.000000,0.000000,9.000000,LOW,True,geography=5; occupation=2; channel=2
C001261,4.000000,0.000000,0.000000,10.000000,8.000000,12.000000,34.000000,MEDIUM,False,KYC control gap=12; occupation=10; channel=8
C001262,5.000000,0.000000,0.000000,10.000000,8.000000,0.000000,23.000000,LOW,False,occupation=10; channel=8; geography=5
C001263,5.000000,0.000000,0.000000,2.000000,8.000000,13.000000,28.000000,MEDIUM,True,KYC control gap=13; channel=8; geography=5
C001264,5.000000,0.000000,0.000000,2.000000,8.000000,0.000000,15.000000,LOW,False,channel=8; geography=5; occupation=2
C001265,5.000000,0.000000,0.000000,10.000000,2.000000,0.000000,17.000000,LOW,True,occupation=10; geography=5; channel=2
C001266,5.000000,0.000000,0.000000,2.000000,8.000000,0.000000,15.000000,LOW,False,channel=8; geography=5; occupation=2
C001267,5.000000,0.000000,0.000000,20.000000,2.000000,0.000000,27.000000,LOW,False,occupation=20; geography=5; channel=2
C001268,5.000000,0.000000,0.000000,2.000000,2.000000,0.000000,9.000000,LOW,False,geography=5; occupation=2; channel=2
C001269,5.000000,0.000000,0.000000,2.000000,2.000000,0.000000,9.000000,LOW,True,geography=5; occupation=2; channel=2
C001270,5.000000,0.000000,0.000000,2.000000,2.000000,0.000000,9.000000,LOW,False,geography=5; occupation=2; channel=2
C001271,5.000000,0.000000,0.000000,2.000000,2.000000,0.000000,9.000000,LOW,False,geography=5; occupation=2; channel=2
C001272,5.000000,0.000000,0.000000,2.000000,8.000000,0.000000,15.000000,LOW,False,channel=8; geography=5; occupation=2
C001273,5.000000,0.000000,0.000000,2.000000,8.000000,0.000000,15.000000,LOW,False,channel=8; geography=5; occupation=2
C001274,5.000000,0.000000,0.000000,2.000000,2.000000,12.000000,21.000000,LOW,False,KYC control gap=12; geography=5; occupation=2
C001275,5.000000,0.000000,0.000000,10.000000,2.000000,0.000000,17.000000,LOW,True,occupation=10; geography=5; channel=2
C001276,6.000000,0.000000,0.000000,2.000000,2.000000,0.000000,10.000000,LOW,True,geography=6; occupation=2; channel=2
C001277,5.000000,0.000000,0.000000,10.000000,8.000000,0.000000,23.000000,LOW,False,occupation=10; channel=8; geography=5
C001278,5.000000,0.000000,0.000000,2.000000,2.000000,12.000000,21.000000,LOW,False,KYC control gap=12; geography=5; occupation=2
C001279,5.000000,0.000000,0.000000,2.000000,2.000000,0.000000,9.000000,LOW,True,geography=5; occupation=2; channel=2
C001280,5.000000,0.000000,0.000000,2.000000,2.000000,0.000000,9.000000,LOW,True,geography=5; occupation=2; channel=2
C001281,5.000000,22.000000,0.000000,20.000000,8.000000,0.000000,55.000000,HIGH,False,PEP=22; occupation=20; channel=8
C001282,5.000000,0.000000,0.000000,2.000000,2.000000,0.000000,9.000000,LOW,False,geography=5; occupation=2; channel=2
C001283,14.000000,0.000000,0.000000,10.000000,2.000000,0.000000,26.000000,LOW,True,geography=14; occupation=10; channel=2
C001284,5.000000,0.000000,0.000000,2.000000,5.000000,0.000000,12.000000,LOW,False,geography=5; channel=5; occupation=2
C001285,5.000000,0.000000,0.000000,2.000000,8.000000,0.000000,15.000000,LOW,False,channel=8; geography=5; occupation=2
C001286,5.000000,0.000000,0.000000,10.000000,8.000000,0.000000,23.000000,LOW,True,occupation=10; channel=8; geography=5
C001287,5.000000,0.000000,0.000000,10.000000,8.000000,0.000000,23.000000,LOW,False,occupation=10; channel=8; geography=5
C001288,14.000000,0.000000,0.000000,2.000000,8.000000,0.000000,24.000000,LOW,False,geography=14; channel=8; occupation=2
C001289,5.000000,0.000000,0.000000,10.000000,8.000000,0.000000,23.000000,LOW,False,occupation=10; channel=8; geography=5
C001290,4.000000,0.000000,0.000000,20.000000,5.000000,0.000000,29.000000,MEDIUM,False,occupation=20; channel=5; geography=4
C001291,14.000000,0.000000,0.000000,10.000000,2.000000,0.000000,26.000000,LOW,False,geography=14; occupation=10; channel=2
C001292,5.000000,0.000000,0.000000,10.000000,8.000000,0.000000,23.000000,LOW,True,occupation=10; channel=8; geography=5
C001293,5.000000,0.000000,0.000000,2.000000,2.000000,0.000000,9.000000,LOW,True,geography=5; occupation=2; channel=2
C001294,5.000000,0.000000,0.000000,2.000000,2.000000,0.000000,9.000000,LOW,False,geography=5; occupation=2; channel=2
C001295,5.000000,0.000000,0.000000,10.000000,8.000000,0.000000,23.000000,LOW,False,occupation=10; channel=8; geography=5
C001296,5.000000,0.000000,0.000000,2.000000,5.000000,0.000000,12.000000,LOW,False,geography=5; channel=5; occupation=2
C001297,4.000000,0.000000,0.000000,10.000000,2.000000,0.000000,16.000000,LOW,True,occupation=10; geography=4; channel=2
C001298,5.000000,0.000000,0.000000,2.000000,2.000000,0.000000,9.000000,LOW,True,geography=5; occupation=2; channel=2
C001299,5.000000,0.000000,0.000000,10.000000,8.000000,0.000000,23.000000,LOW,True,occupation=10; channel=8; geography=5
C001300,5.000000,0.000000,0.000000,2.000000,2.000000,0.000000,9.000000,LOW,True,geography=5; occupation=2; channel=2
C001301,5.000000,0.000000,0.000000,10.000000,2.000000,12.000000,29.000000,MEDIUM,True,KYC control gap=12; occupation=10; geography=5
C001302,5.000000,0.000000,0.000000,2.000000,2.000000,0.000000,9.000000,LOW,True,geography=5; occupation=2; channel=2
C001303,5.000000,0.000000,0.000000,10.000000,2.000000,0.000000,17.000000,LOW,True,occupation=10; geography=5; channel=2
C001304,5.000000,0.000000,0.000000,10.000000,8.000000,0.000000,23.000000,LOW,False,occupation=10; channel=8; geography=5
C001305,5.000000,0.000000,0.000000,2.000000,2.000000,0.000000,9.000000,LOW,False,geography=5; occupation=2; channel=2
C001306,5.000000,0.000000,0.000000,20.000000,2.000000,0.000000,27.000000,LOW,True,occupation=20; geography=5; channel=2
C001307,5.000000,0.000000,0.000000,2.000000,2.000000,0.000000,9.000000,LOW,False,geography=5; occupation=2; channel=2
C001308,5.000000,0.000000,0.000000,10.000000,8.000000,0.000000,23.000000,LOW,False,occupation=10; channel=8; geography=5
C001309,5.000000,0.000000,0.000000,2.000000,2.000000,0.000000,9.000000,LOW,True,geography=5; occupation=2; channel=2
C001310,5.000000,22.000000,0.000000,2.000000,2.000000,12.000000,43.000000,MEDIUM,True,PEP=22; KYC control gap=12; geography=5
C001311,5.000000,0.000000,0.000000,2.000000,2.000000,0.000000,9.000000,LOW,True,geography=5; occupation=2; channel=2
C001312,5.000000,0.000000,0.000000,2.000000,5.000000,0.000000,12.000000,LOW,True,geography=5; channel=5; occupation=2
C001313,18.000000,0.000000,0.000000,20.000000,8.000000,0.000000,46.000000,HIGH,True,occupation=20; geography=18; channel=8
C001314,5.000000,0.000000,0.000000,2.000000,8.000000,0.000000,15.000000,LOW,True,channel=8; geography=5; occupation=2
C001315,5.000000,0.000000,0.000000,10.000000,2.000000,0.000000,17.000000,LOW,False,occupation=10; geography=5; channel=2
C001316,5.000000,0.000000,0.000000,2.000000,2.000000,0.000000,9.000000,LOW,False,geography=5; occupation=2; channel=2
C001317,4.000000,0.000000,0.000000,10.000000,8.000000,0.000000,22.000000,LOW,True,occupation=10; channel=8; geography=4
C001318,5.000000,0.000000,0.000000,2.000000,2.000000,0.000000,9.000000,LOW,False,geography=5; occupation=2; channel=2
C001319,5.000000,0.000000,0.000000,2.000000,2.000000,0.000000,9.000000,LOW,False,geography=5; occupation=2; channel=2
C001320,5.000000,22.000000,0.000000,2.000000,8.000000,0.000000,37.000000,MEDIUM,True,PEP=22; channel=8; geography=5
C001321,5.000000,0.000000,0.000000,2.000000,2.000000,0.000000,9.000000,LOW,True,geography=5; occupation=2; channel=2
C001322,5.000000,0.000000,0.000000,10.000000,8.000000,0.000000,23.000000,LOW,True,occupation=10; channel=8; geography=5
C001323,5.000000,0.000000,0.000000,10.000000,8.000000,0.000000,23.000000,LOW,False,occupation=10; channel=8; geography=5
C001324,5.000000,22.000000,0.000000,2.000000,5.000000,0.000000,34.000000,MEDIUM,False,PEP=22; geography=5; channel=5
C001325,5.000000,0.000000,0.000000,2.000000,2.000000,0.000000,9.000000,LOW,True,geography=5; occupation=2; channel=2
C001326,5.000000,0.000000,35.000000,10.000000,2.000000,0.000000,52.000000,HIGH,False,synthetic screening=35; occupation=10; geography=5
C001327,5.000000,0.000000,0.000000,2.000000,5.000000,0.000000,12.000000,LOW,True,geography=5; channel=5; occupation=2
C001328,5.000000,0.000000,0.000000,10.000000,5.000000,0.000000,20.000000,LOW,True,occupation=10; geography=5; channel=5
C001329,4.000000,0.000000,0.000000,10.000000,2.000000,0.000000,16.000000,LOW,True,occupation=10; geography=4; channel=2
C001330,5.000000,0.000000,0.000000,2.000000,8.000000,0.000000,15.000000,LOW,True,channel=8; geography=5; occupation=2
C001331,5.000000,0.000000,0.000000,2.000000,8.000000,0.000000,15.000000,LOW,False,channel=8; geography=5; occupation=2
C001332,5.000000,0.000000,0.000000,10.000000,8.000000,0.000000,23.000000,LOW,True,occupation=10; channel=8; geography=5
C001333,5.000000,22.000000,0.000000,10.000000,2.000000,13.000000,52.000000,HIGH,True,PEP=22; KYC control gap=13; occupation=10
C001334,5.000000,0.000000,0.000000,20.000000,8.000000,0.000000,33.000000,MEDIUM,False,occupation=20; channel=8; geography=5
C001335,16.000000,0.000000,0.000000,2.000000,8.000000,13.000000,39.000000,MEDIUM,False,geography=16; KYC control gap=13; channel=8
C001336,5.000000,0.000000,0.000000,2.000000,2.000000,0.000000,9.000000,LOW,False,geography=5; occupation=2; channel=2
C001337,5.000000,0.000000,0.000000,2.000000,2.000000,12.000000,21.000000,LOW,True,KYC control gap=12; geography=5; occupation=2
C001338,5.000000,0.000000,0.000000,10.000000,8.000000,0.000000,23.000000,LOW,False,occupation=10; channel=8; geography=5
C001339,5.000000,0.000000,0.000000,2.000000,8.000000,0.000000,15.000000,LOW,True,channel=8; geography=5; occupation=2
C001340,5.000000,22.000000,0.000000,2.000000,5.000000,0.000000,34.000000,MEDIUM,False,PEP=22; geography=5; channel=5
C001341,5.000000,0.000000,0.000000,2.000000,2.000000,0.000000,9.000000,LOW,True,geography=5; occupation=2; channel=2
C001342,5.000000,0.000000,0.000000,10.000000,8.000000,0.000000,23.000000,LOW,False,occupation=10; channel=8; geography=5
C001343,14.000000,0.000000,0.000000,2.000000,2.000000,0.000000,18.000000,LOW,True,geography=14; occupation=2; channel=2
C001344,5.000000,0.000000,0.000000,2.000000,2.000000,0.000000,9.000000,LOW,True,geography=5; occupation=2; channel=2
C001345,5.000000,0.000000,0.000000,2.000000,8.000000,0.000000,15.000000,LOW,False,channel=8; geography=5; occupation=2
C001346,5.000000,0.000000,0.000000,2.000000,2.000000,0.000000,9.000000,LOW,True,geography=5; occupation=2; channel=2
C001347,14.000000,0.000000,0.000000,10.000000,2.000000,0.000000,26.000000,LOW,True,geography=14; occupation=10; channel=2
C001348,5.000000,0.000000,0.000000,10.000000,2.000000,13.000000,30.000000,MEDIUM,True,KYC control gap=13; occupation=10; geography=5
C001349,5.000000,0.000000,0.000000,10.000000,2.000000,0.000000,17.000000,LOW,False,occupation=10; geography=5; channel=2
C001350,4.000000,0.000000,0.000000,10.000000,2.000000,0.000000,16.000000,LOW,False,occupation=10; geography=4; channel=2
C001351,5.000000,0.000000,0.000000,2.000000,8.000000,0.000000,15.000000,LOW,True,channel=8; geography=5; occupation=2
C001352,5.000000,0.000000,0.000000,2.000000,2.000000,0.000000,9.000000,LOW,False,geography=5; occupation=2; channel=2
C001353,5.000000,0.000000,0.000000,2.000000,8.000000,0.000000,15.000000,LOW,False,channel=8; geography=5; occupation=2
C001354,5.000000,0.000000,0.000000,2.000000,8.000000,0.000000,15.000000,LOW,True,channel=8; geography=5; occupation=2
C001355,5.000000,22.000000,0.000000,2.000000,5.000000,0.000000,34.000000,MEDIUM,True,PEP=22; geography=5; channel=5
C001356,5.000000,0.000000,0.000000,2.000000,2.000000,0.000000,9.000000,LOW,True,geography=5; occupation=2; channel=2
C001357,5.000000,0.000000,0.000000,2.000000,8.000000,0.000000,15.000000,LOW,True,channel=8; geography=5; occupation=2
C001358,4.000000,0.000000,0.000000,10.000000,2.000000,0.000000,16.000000,LOW,True,occupation=10; geography=4; channel=2
C001359,5.000000,0.000000,0.000000,2.000000,2.000000,0.000000,9.000000,LOW,False,geography=5; occupation=2; channel=2
C001360,18.000000,0.000000,0.000000,10.000000,8.000000,0.000000,36.000000,MEDIUM,False,geography=18; occupation=10; channel=8
C001361,5.000000,0.000000,0.000000,2.000000,2.000000,0.000000,9.000000,LOW,True,geography=5; occupation=2; channel=2
C001362,16.000000,0.000000,0.000000,2.000000,8.000000,0.000000,26.000000,LOW,True,geography=16; channel=8; occupation=2
C001363,5.000000,0.000000,0.000000,2.000000,8.000000,0.000000,15.000000,LOW,False,channel=8; geography=5; occupation=2
C001364,5.000000,0.000000,0.000000,2.000000,2.000000,0.000000,9.000000,LOW,True,geography=5; occupation=2; channel=2
C001365,5.000000,0.000000,0.000000,2.000000,2.000000,0.000000,9.000000,LOW,True,geography=5; occupation=2; channel=2
C001366,5.000000,0.000000,0.000000,2.000000,8.000000,0.000000,15.000000,LOW,False,channel=8; geography=5; occupation=2
C001367,14.000000,0.000000,0.000000,10.000000,2.000000,12.000000,38.000000,MEDIUM,True,geography=14; KYC control gap=12; occupation=10
C001368,5.000000,0.000000,0.000000,2.000000,2.000000,0.000000,9.000000,LOW,True,geography=5; occupation=2; channel=2
C001369,5.000000,22.000000,0.000000,2.000000,2.000000,0.000000,31.000000,MEDIUM,True,PEP=22; geography=5; occupation=2
C001370,5.000000,0.000000,0.000000,2.000000,2.000000,0.000000,9.000000,LOW,True,geography=5; occupation=2; channel=2
C001371,5.000000,22.000000,0.000000,10.000000,8.000000,0.000000,45.000000,HIGH,True,PEP=22; occupation=10; channel=8
C001372,5.000000,0.000000,0.000000,10.000000,8.000000,0.000000,23.000000,LOW,True,occupation=10; channel=8; geography=5
C001373,5.000000,0.000000,0.000000,2.000000,5.000000,0.000000,12.000000,LOW,True,geography=5; channel=5; occupation=2
C001374,5.000000,0.000000,0.000000,2.000000,2.000000,0.000000,9.000000,LOW,False,geography=5; occupation=2; channel=2
C001375,5.000000,0.000000,0.000000,2.000000,8.000000,0.000000,15.000000,LOW,True,channel=8; geography=5; occupation=2
C001376,5.000000,0.000000,0.000000,2.000000,8.000000,0.000000,15.000000,LOW,False,channel=8; geography=5; occupation=2
C001377,5.000000,0.000000,0.000000,2.000000,8.000000,0.000000,15.000000,LOW,False,channel=8; geography=5; occupation=2
C001378,5.000000,0.000000,0.000000,20.000000,8.000000,0.000000,33.000000,MEDIUM,True,occupation=20; channel=8; geography=5
C001379,5.000000,0.000000,0.000000,20.000000,8.000000,0.000000,33.000000,MEDIUM,True,occupation=20; channel=8; geography=5
C001380,5.000000,0.000000,0.000000,10.000000,2.000000,0.000000,17.000000,LOW,True,occupation=10; geography=5; channel=2
C001381,5.000000,0.000000,0.000000,10.000000,2.000000,0.000000,17.000000,LOW,True,occupation=10; geography=5; channel=2
C001382,5.000000,0.000000,0.000000,20.000000,8.000000,0.000000,33.000000,MEDIUM,True,occupation=20; channel=8; geography=5
C001383,6.000000,0.000000,0.000000,10.000000,2.000000,0.000000,18.000000,LOW,True,occupation=10; geography=6; channel=2
C001384,5.000000,0.000000,0.000000,2.000000,8.000000,0.000000,15.000000,LOW,True,channel=8; geography=5; occupation=2
C001385,16.000000,0.000000,0.000000,10.000000,2.000000,0.000000,28.000000,MEDIUM,False,geography=16; occupation=10; channel=2
C001386,5.000000,0.000000,0.000000,2.000000,2.000000,0.000000,9.000000,LOW,False,geography=5; occupation=2; channel=2
C001387,5.000000,0.000000,0.000000,20.000000,2.000000,0.000000,27.000000,LOW,False,occupation=20; geography=5; channel=2
C001388,16.000000,0.000000,0.000000,2.000000,8.000000,0.000000,26.000000,LOW,True,geography=16; channel=8; occupation=2
C001389,5.000000,0.000000,0.000000,10.000000,5.000000,0.000000,20.000000,LOW,False,occupation=10; geography=5; channel=5
C001390,5.000000,0.000000,0.000000,2.000000,2.000000,0.000000,9.000000,LOW,True,geography=5; occupation=2; channel=2
C001391,5.000000,0.000000,0.000000,2.000000,2.000000,0.000000,9.000000,LOW,True,geography=5; occupation=2; channel=2
C001392,5.000000,0.000000,0.000000,2.000000,8.000000,0.000000,15.000000,LOW,False,channel=8; geography=5; occupation=2
C001393,6.000000,0.000000,0.000000,10.000000,8.000000,0.000000,24.000000,LOW,False,occupation=10; channel=8; geography=6
C001394,18.000000,0.000000,0.000000,2.000000,8.000000,0.000000,28.000000,MEDIUM,True,geography=18; channel=8; occupation=2
C001395,5.000000,0.000000,0.000000,10.000000,5.000000,0.000000,20.000000,LOW,True,occupation=10; geography=5; channel=5
C001396,5.000000,0.000000,0.000000,2.000000,2.000000,0.000000,9.000000,LOW,False,geography=5; occupation=2; channel=2
C001397,5.000000,0.000000,0.000000,2.000000,8.000000,0.000000,15.000000,LOW,True,channel=8; geography=5; occupation=2
C001398,5.000000,0.000000,0.000000,10.000000,8.000000,0.000000,23.000000,LOW,True,occupation=10; channel=8; geography=5
C001399,5.000000,0.000000,0.000000,10.000000,2.000000,0.000000,17.000000,LOW,True,occupation=10; geography=5; channel=2
C001400,5.000000,0.000000,0.000000,2.000000,8.000000,0.000000,15.000000,LOW,True,channel=8; geography=5; occupation=2
C001401,5.000000,0.000000,0.000000,2.000000,2.000000,0.000000,9.000000,LOW,False,geography=5; occupation=2; channel=2
C001402,5.000000,0.000000,0.000000,2.000000,2.000000,0.000000,9.000000,LOW,True,geography=5; occupation=2; channel=2
C001403,14.000000,0.000000,0.000000,10.000000,2.000000,0.000000,26.000000,LOW,False,geography=14; occupation=10; channel=2
C001404,5.000000,0.000000,0.000000,10.000000,8.000000,0.000000,23.000000,LOW,True,occupation=10; channel=8; geography=5
C001405,5.000000,0.000000,0.000000,2.000000,8.000000,0.000000,15.000000,LOW,True,channel=8; geography=5; occupation=2
C001406,5.000000,0.000000,0.000000,2.000000,2.000000,0.000000,9.000000,LOW,False,geography=5; occupation=2; channel=2
C001407,5.000000,0.000000,0.000000,2.000000,8.000000,0.000000,15.000000,LOW,False,channel=8; geography=5; occupation=2
C001408,5.000000,0.000000,0.000000,2.000000,2.000000,0.000000,9.000000,LOW,True,geography=5; occupation=2; channel=2
C001409,6.000000,0.000000,0.000000,2.000000,8.000000,0.000000,16.000000,LOW,False,channel=8; geography=6; occupation=2
C001410,5.000000,0.000000,0.000000,10.000000,2.000000,0.000000,17.000000,LOW,True,occupation=10; geography=5; channel=2
C001411,5.000000,0.000000,0.000000,2.000000,8.000000,0.000000,15.000000,LOW,False,channel=8; geography=5; occupation=2
C001412,5.000000,0.000000,0.000000,2.000000,2.000000,0.000000,9.000000,LOW,True,geography=5; occupation=2; channel=2
C001413,5.000000,0.000000,0.000000,2.000000,5.000000,0.000000,12.000000,LOW,False,geography=5; channel=5; occupation=2
C001414,5.000000,0.000000,0.000000,2.000000,8.000000,0.000000,15.000000,LOW,True,channel=8; geography=5; occupation=2
C001415,16.000000,0.000000,0.000000,10.000000,2.000000,0.000000,28.000000,MEDIUM,False,geography=16; occupation=10; channel=2
C001416,5.000000,0.000000,0.000000,10.000000,8.000000,12.000000,35.000000,MEDIUM,True,KYC control gap=12; occupation=10; channel=8
C001417,16.000000,0.000000,0.000000,10.000000,2.000000,0.000000,28.000000,MEDIUM,False,geography=16; occupation=10; channel=2
C001418,5.000000,0.000000,0.000000,2.000000,2.000000,0.000000,9.000000,LOW,True,geography=5; occupation=2; channel=2
C001419,5.000000,0.000000,0.000000,2.000000,2.000000,0.000000,9.000000,LOW,False,geography=5; occupation=2; channel=2
C001420,5.000000,0.000000,0.000000,2.000000,8.000000,12.000000,27.000000,LOW,False,KYC control gap=12; channel=8; geography=5
C001421,14.000000,0.000000,0.000000,10.000000,8.000000,0.000000,32.000000,MEDIUM,False,geography=14; occupation=10; channel=8
C001422,5.000000,0.000000,0.000000,2.000000,2.000000,0.000000,9.000000,LOW,False,geography=5; occupation=2; channel=2
C001423,5.000000,0.000000,0.000000,2.000000,2.000000,12.000000,21.000000,LOW,False,KYC control gap=12; geography=5; occupation=2
C001424,5.000000,0.000000,0.000000,2.000000,2.000000,0.000000,9.000000,LOW,False,geography=5; occupation=2; channel=2
C001425,5.000000,0.000000,0.000000,2.000000,8.000000,0.000000,15.000000,LOW,False,channel=8; geography=5; occupation=2
C001426,5.000000,0.000000,0.000000,10.000000,5.000000,0.000000,20.000000,LOW,True,occupation=10; geography=5; channel=5
C001427,5.000000,0.000000,0.000000,20.000000,8.000000,0.000000,33.000000,MEDIUM,True,occupation=20; channel=8; geography=5
C001428,5.000000,0.000000,0.000000,2.000000,2.000000,0.000000,9.000000,LOW,True,geography=5; occupation=2; channel=2
C001429,5.000000,0.000000,0.000000,2.000000,5.000000,0.000000,12.000000,LOW,False,geography=5; channel=5; occupation=2
C001430,5.000000,0.000000,0.000000,2.000000,5.000000,0.000000,12.000000,LOW,False,geography=5; channel=5; occupation=2
C001431,5.000000,0.000000,0.000000,2.000000,8.000000,0.000000,15.000000,LOW,True,channel=8; geography=5; occupation=2
C001432,14.000000,0.000000,0.000000,2.000000,2.000000,0.000000,18.000000,LOW,False,geography=14; occupation=2; channel=2
C001433,5.000000,0.000000,0.000000,10.000000,8.000000,0.000000,23.000000,LOW,True,occupation=10; channel=8; geography=5
C001434,5.000000,0.000000,0.000000,10.000000,2.000000,12.000000,29.000000,MEDIUM,True,KYC control gap=12; occupation=10; geography=5
C001435,5.000000,0.000000,0.000000,2.000000,8.000000,0.000000,15.000000,LOW,False,channel=8; geography=5; occupation=2
C001436,5.000000,0.000000,0.000000,2.000000,2.000000,0.000000,9.000000,LOW,False,geography=5; occupation=2; channel=2
C001437,5.000000,0.000000,0.000000,2.000000,8.000000,0.000000,15.000000,LOW,False,channel=8; geography=5; occupation=2
C001438,5.000000,0.000000,0.000000,2.000000,8.000000,0.000000,15.000000,LOW,True,channel=8; geography=5; occupation=2
C001439,5.000000,0.000000,0.000000,2.000000,2.000000,0.000000,9.000000,LOW,True,geography=5; occupation=2; channel=2
C001440,6.000000,0.000000,0.000000,10.000000,2.000000,0.000000,18.000000,LOW,True,occupation=10; geography=6; channel=2
C001441,5.000000,0.000000,0.000000,2.000000,8.000000,0.000000,15.000000,LOW,True,channel=8; geography=5; occupation=2
C001442,5.000000,0.000000,0.000000,2.000000,2.000000,0.000000,9.000000,LOW,True,geography=5; occupation=2; channel=2
C001443,5.000000,0.000000,0.000000,20.000000,2.000000,0.000000,27.000000,LOW,True,occupation=20; geography=5; channel=2
C001444,5.000000,0.000000,0.000000,10.000000,2.000000,0.000000,17.000000,LOW,False,occupation=10; geography=5; channel=2
C001445,5.000000,22.000000,0.000000,2.000000,8.000000,0.000000,37.000000,MEDIUM,False,PEP=22; channel=8; geography=5
C001446,14.000000,0.000000,0.000000,2.000000,8.000000,0.000000,24.000000,LOW,True,geography=14; channel=8; occupation=2
C001447,16.000000,0.000000,0.000000,10.000000,8.000000,0.000000,34.000000,MEDIUM,True,geography=16; occupation=10; channel=8
C001448,5.000000,0.000000,0.000000,10.000000,5.000000,0.000000,20.000000,LOW,False,occupation=10; geography=5; channel=5
C001449,5.000000,0.000000,0.000000,2.000000,8.000000,0.000000,15.000000,LOW,False,channel=8; geography=5; occupation=2
C001450,5.000000,0.000000,0.000000,2.000000,2.000000,0.000000,9.000000,LOW,False,geography=5; occupation=2; channel=2
C001451,5.000000,0.000000,0.000000,2.000000,2.000000,13.000000,22.000000,LOW,True,KYC control gap=13; geography=5; occupation=2
C001452,5.000000,0.000000,0.000000,2.000000,8.000000,0.000000,15.000000,LOW,True,channel=8; geography=5; occupation=2
C001453,5.000000,0.000000,0.000000,10.000000,8.000000,0.000000,23.000000,LOW,False,occupation=10; channel=8; geography=5
C001454,16.000000,0.000000,0.000000,10.000000,8.000000,0.000000,34.000000,MEDIUM,True,geography=16; occupation=10; channel=8
C001455,5.000000,0.000000,0.000000,2.000000,8.000000,0.000000,15.000000,LOW,False,channel=8; geography=5; occupation=2
C001456,5.000000,0.000000,0.000000,2.000000,2.000000,0.000000,9.000000,LOW,True,geography=5; occupation=2; channel=2
C001457,5.000000,0.000000,0.000000,2.000000,8.000000,0.000000,15.000000,LOW,True,channel=8; geography=5; occupation=2
C001458,5.000000,0.000000,0.000000,10.000000,2.000000,0.000000,17.000000,LOW,False,occupation=10; geography=5; channel=2
C001459,5.000000,0.000000,0.000000,10.000000,2.000000,0.000000,17.000000,LOW,True,occupation=10; geography=5; channel=2
C001460,5.000000,0.000000,0.000000,2.000000,8.000000,0.000000,15.000000,LOW,False,channel=8; geography=5; occupation=2
C001461,5.000000,0.000000,0.000000,20.000000,2.000000,0.000000,27.000000,LOW,False,occupation=20; geography=5; channel=2
C001462,16.000000,0.000000,0.000000,2.000000,8.000000,0.000000,26.000000,LOW,False,geography=16; channel=8; occupation=2
C001463,5.000000,0.000000,0.000000,10.000000,8.000000,0.000000,23.000000,LOW,True,occupation=10; channel=8; geography=5
C001464,5.000000,0.000000,0.000000,2.000000,8.000000,0.000000,15.000000,LOW,True,channel=8; geography=5; occupation=2
C001465,5.000000,0.000000,0.000000,10.000000,8.000000,13.000000,36.000000,MEDIUM,True,KYC control gap=13; occupation=10; channel=8
C001466,14.000000,0.000000,0.000000,2.000000,8.000000,0.000000,24.000000,LOW,True,geography=14; channel=8; occupation=2
C001467,5.000000,22.000000,0.000000,2.000000,8.000000,0.000000,37.000000,MEDIUM,True,PEP=22; channel=8; geography=5
C001468,5.000000,0.000000,0.000000,10.000000,8.000000,0.000000,23.000000,LOW,True,occupation=10; channel=8; geography=5
C001469,5.000000,0.000000,0.000000,2.000000,8.000000,0.000000,15.000000,LOW,True,channel=8; geography=5; occupation=2
C001470,5.000000,0.000000,0.000000,10.000000,2.000000,0.000000,17.000000,LOW,True,occupation=10; geography=5; channel=2
C001471,5.000000,0.000000,0.000000,2.000000,2.000000,0.000000,9.000000,LOW,True,geography=5; occupation=2; channel=2
C001472,5.000000,0.000000,0.000000,2.000000,8.000000,0.000000,15.000000,LOW,False,channel=8; geography=5; occupation=2
C001473,5.000000,0.000000,0.000000,2.000000,8.000000,0.000000,15.000000,LOW,True,channel=8; geography=5; occupation=2
C001474,5.000000,0.000000,0.000000,2.000000,8.000000,0.000000,15.000000,LOW,True,channel=8; geography=5; occupation=2
C001475,5.000000,0.000000,0.000000,2.000000,8.000000,0.000000,15.000000,LOW,True,channel=8; geography=5; occupation=2
C001476,5.000000,0.000000,0.000000,2.000000,5.000000,0.000000,12.000000,LOW,False,geography=5; channel=5; occupation=2
C001477,5.000000,0.000000,0.000000,20.000000,2.000000,13.000000,40.000000,MEDIUM,False,occupation=20; KYC control gap=13; geography=5
C001478,14.000000,0.000000,0.000000,2.000000,2.000000,0.000000,18.000000,LOW,False,geography=14; occupation=2; channel=2
C001479,5.000000,0.000000,0.000000,10.000000,5.000000,0.000000,20.000000,LOW,True,occupation=10; geography=5; channel=5
C001480,5.000000,0.000000,0.000000,20.000000,2.000000,0.000000,27.000000,LOW,True,occupation=20; geography=5; channel=2
C001481,5.000000,0.000000,0.000000,2.000000,8.000000,0.000000,15.000000,LOW,True,channel=8; geography=5; occupation=2
C001482,14.000000,0.000000,0.000000,2.000000,8.000000,0.000000,24.000000,LOW,True,geography=14; channel=8; occupation=2
C001483,5.000000,0.000000,0.000000,2.000000,5.000000,12.000000,24.000000,LOW,True,KYC control gap=12; geography=5; channel=5
C001484,5.000000,0.000000,0.000000,2.000000,8.000000,0.000000,15.000000,LOW,False,channel=8; geography=5; occupation=2
C001485,5.000000,0.000000,0.000000,2.000000,8.000000,0.000000,15.000000,LOW,False,channel=8; geography=5; occupation=2
C001486,14.000000,0.000000,0.000000,2.000000,5.000000,0.000000,21.000000,LOW,True,geography=14; channel=5; occupation=2
C001487,5.000000,0.000000,0.000000,2.000000,2.000000,0.000000,9.000000,LOW,True,geography=5; occupation=2; channel=2
C001488,5.000000,0.000000,0.000000,2.000000,2.000000,0.000000,9.000000,LOW,False,geography=5; occupation=2; channel=2
C001489,5.000000,0.000000,0.000000,2.000000,2.000000,0.000000,9.000000,LOW,True,geography=5; occupation=2; channel=2
C001490,5.000000,0.000000,0.000000,10.000000,8.000000,0.000000,23.000000,LOW,True,occupation=10; channel=8; geography=5
C001491,5.000000,0.000000,0.000000,2.000000,2.000000,0.000000,9.000000,LOW,True,geography=5; occupation=2; channel=2
C001492,5.000000,0.000000,0.000000,2.000000,8.000000,0.000000,15.000000,LOW,True,channel=8; geography=5; occupation=2
C001493,4.000000,0.000000,0.000000,2.000000,8.000000,0.000000,14.000000,LOW,False,channel=8; geography=4; occupation=2
C001494,5.000000,0.000000,0.000000,2.000000,2.000000,12.000000,21.000000,LOW,False,KYC control gap=12; geography=5; occupation=2
C001495,5.000000,0.000000,0.000000,10.000000,8.000000,0.000000,23.000000,LOW,False,occupation=10; channel=8; geography=5
C001496,5.000000,0.000000,0.000000,2.000000,8.000000,0.000000,15.000000,LOW,False,channel=8; geography=5; occupation=2
C001497,5.000000,0.000000,0.000000,10.000000,8.000000,0.000000,23.000000,LOW,True,occupation=10; channel=8; geography=5
C001498,5.000000,0.000000,0.000000,10.000000,5.000000,0.000000,20.000000,LOW,True,occupation=10; geography=5; channel=5
C001499,5.000000,0.000000,0.000000,10.000000,8.000000,0.000000,23.000000,LOW,False,occupation=10; channel=8; geography=5
C001500,5.000000,0.000000,0.000000,2.000000,2.000000,0.000000,9.000000,LOW,True,geography=5; occupation=2; channel=2
C001501,5.000000,0.000000,0.000000,2.000000,2.000000,0.000000,9.000000,LOW,True,geography=5; occupation=2; channel=2
C001502,5.000000,0.000000,0.000000,2.000000,8.000000,0.000000,15.000000,LOW,True,channel=8; geography=5; occupation=2
C001503,6.000000,0.000000,0.000000,2.000000,2.000000,13.000000,23.000000,LOW,False,KYC control gap=13; geography=6; occupation=2
C001504,5.000000,0.000000,0.000000,10.000000,2.000000,0.000000,17.000000,LOW,False,occupation=10; geography=5; channel=2
C001505,5.000000,0.000000,0.000000,2.000000,5.000000,0.000000,12.000000,LOW,True,geography=5; channel=5; occupation=2
C001506,5.000000,0.000000,0.000000,10.000000,2.000000,0.000000,17.000000,LOW,False,occupation=10; geography=5; channel=2
C001507,5.000000,0.000000,0.000000,2.000000,2.000000,0.000000,9.000000,LOW,True,geography=5; occupation=2; channel=2
C001508,5.000000,0.000000,0.000000,10.000000,2.000000,0.000000,17.000000,LOW,True,occupation=10; geography=5; channel=2
C001509,5.000000,0.000000,0.000000,2.000000,2.000000,0.000000,9.000000,LOW,True,geography=5; occupation=2; channel=2
C001510,5.000000,0.000000,0.000000,2.000000,2.000000,0.000000,9.000000,LOW,False,geography=5; occupation=2; channel=2
C001511,5.000000,0.000000,0.000000,2.000000,8.000000,0.000000,15.000000,LOW,False,channel=8; geography=5; occupation=2
C001512,5.000000,0.000000,0.000000,2.000000,8.000000,12.000000,27.000000,LOW,True,KYC control gap=12; channel=8; geography=5
C001513,5.000000,0.000000,0.000000,2.000000,2.000000,0.000000,9.000000,LOW,False,geography=5; occupation=2; channel=2
C001514,5.000000,0.000000,0.000000,10.000000,2.000000,0.000000,17.000000,LOW,False,occupation=10; geography=5; channel=2
C001515,5.000000,0.000000,0.000000,2.000000,8.000000,0.000000,15.000000,LOW,False,channel=8; geography=5; occupation=2
C001516,5.000000,0.000000,0.000000,2.000000,5.000000,0.000000,12.000000,LOW,True,geography=5; channel=5; occupation=2
C001517,5.000000,0.000000,0.000000,2.000000,8.000000,0.000000,15.000000,LOW,True,channel=8; geography=5; occupation=2
C001518,5.000000,0.000000,0.000000,2.000000,2.000000,0.000000,9.000000,LOW,False,geography=5; occupation=2; channel=2
C001519,5.000000,0.000000,0.000000,2.000000,2.000000,0.000000,9.000000,LOW,False,geography=5; occupation=2; channel=2
C001520,5.000000,0.000000,0.000000,2.000000,2.000000,0.000000,9.000000,LOW,False,geography=5; occupation=2; channel=2
C001521,5.000000,0.000000,0.000000,2.000000,5.000000,0.000000,12.000000,LOW,True,geography=5; channel=5; occupation=2
C001522,5.000000,22.000000,0.000000,2.000000,5.000000,13.000000,47.000000,HIGH,False,PEP=22; KYC control gap=13; geography=5
C001523,16.000000,0.000000,0.000000,2.000000,5.000000,0.000000,23.000000,LOW,False,geography=16; channel=5; occupation=2
C001524,5.000000,0.000000,0.000000,2.000000,2.000000,0.000000,9.000000,LOW,True,geography=5; occupation=2; channel=2
C001525,5.000000,0.000000,0.000000,10.000000,8.000000,0.000000,23.000000,LOW,True,occupation=10; channel=8; geography=5
C001526,5.000000,22.000000,0.000000,2.000000,2.000000,0.000000,31.000000,MEDIUM,False,PEP=22; geography=5; occupation=2
C001527,5.000000,0.000000,0.000000,20.000000,8.000000,0.000000,33.000000,MEDIUM,True,occupation=20; channel=8; geography=5
C001528,5.000000,0.000000,0.000000,2.000000,2.000000,0.000000,9.000000,LOW,True,geography=5; occupation=2; channel=2
C001529,5.000000,0.000000,0.000000,10.000000,2.000000,0.000000,17.000000,LOW,False,occupation=10; geography=5; channel=2
C001530,5.000000,0.000000,0.000000,2.000000,2.000000,12.000000,21.000000,LOW,False,KYC control gap=12; geography=5; occupation=2
C001531,5.000000,0.000000,0.000000,10.000000,2.000000,0.000000,17.000000,LOW,True,occupation=10; geography=5; channel=2
C001532,6.000000,0.000000,0.000000,2.000000,8.000000,12.000000,28.000000,MEDIUM,False,KYC control gap=12; channel=8; geography=6
C001533,5.000000,0.000000,0.000000,2.000000,2.000000,0.000000,9.000000,LOW,True,geography=5; occupation=2; channel=2
C001534,5.000000,0.000000,0.000000,2.000000,8.000000,0.000000,15.000000,LOW,False,channel=8; geography=5; occupation=2
C001535,5.000000,0.000000,0.000000,2.000000,8.000000,0.000000,15.000000,LOW,False,channel=8; geography=5; occupation=2
C001536,5.000000,0.000000,0.000000,10.000000,8.000000,0.000000,23.000000,LOW,False,occupation=10; channel=8; geography=5
C001537,5.000000,0.000000,0.000000,2.000000,2.000000,0.000000,9.000000,LOW,True,geography=5; occupation=2; channel=2
C001538,5.000000,0.000000,0.000000,2.000000,5.000000,0.000000,12.000000,LOW,False,geography=5; channel=5; occupation=2
C001539,5.000000,0.000000,0.000000,10.000000,2.000000,0.000000,17.000000,LOW,False,occupation=10; geography=5; channel=2
C001540,5.000000,0.000000,0.000000,2.000000,8.000000,0.000000,15.000000,LOW,True,channel=8; geography=5; occupation=2
C001541,5.000000,0.000000,0.000000,2.000000,2.000000,0.000000,9.000000,LOW,True,geography=5; occupation=2; channel=2
C001542,6.000000,0.000000,35.000000,2.000000,5.000000,0.000000,48.000000,HIGH,True,synthetic screening=35; geography=6; channel=5
C001543,5.000000,0.000000,0.000000,2.000000,2.000000,0.000000,9.000000,LOW,False,geography=5; occupation=2; channel=2
C001544,5.000000,0.000000,0.000000,10.000000,8.000000,0.000000,23.000000,LOW,False,occupation=10; channel=8; geography=5
C001545,6.000000,0.000000,0.000000,10.000000,5.000000,0.000000,21.000000,LOW,True,occupation=10; geography=6; channel=5
C001546,5.000000,0.000000,0.000000,2.000000,5.000000,0.000000,12.000000,LOW,False,geography=5; channel=5; occupation=2
C001547,5.000000,0.000000,0.000000,10.000000,8.000000,0.000000,23.000000,LOW,True,occupation=10; channel=8; geography=5
C001548,5.000000,0.000000,0.000000,10.000000,5.000000,0.000000,20.000000,LOW,True,occupation=10; geography=5; channel=5
C001549,14.000000,0.000000,0.000000,2.000000,8.000000,0.000000,24.000000,LOW,True,geography=14; channel=8; occupation=2
C001550,5.000000,0.000000,0.000000,2.000000,8.000000,0.000000,15.000000,LOW,True,channel=8; geography=5; occupation=2
C001551,5.000000,0.000000,0.000000,2.000000,8.000000,0.000000,15.000000,LOW,False,channel=8; geography=5; occupation=2
C001552,5.000000,0.000000,0.000000,2.000000,8.000000,0.000000,15.000000,LOW,True,channel=8; geography=5; occupation=2
C001553,5.000000,0.000000,0.000000,2.000000,8.000000,0.000000,15.000000,LOW,True,channel=8; geography=5; occupation=2
C001554,5.000000,0.000000,0.000000,10.000000,8.000000,0.000000,23.000000,LOW,False,occupation=10; channel=8; geography=5
C001555,5.000000,0.000000,0.000000,2.000000,2.000000,0.000000,9.000000,LOW,False,geography=5; occupation=2; channel=2
C001556,5.000000,0.000000,0.000000,10.000000,2.000000,0.000000,17.000000,LOW,False,occupation=10; geography=5; channel=2
C001557,5.000000,0.000000,0.000000,2.000000,2.000000,0.000000,9.000000,LOW,True,geography=5; occupation=2; channel=2
C001558,5.000000,0.000000,0.000000,2.000000,8.000000,0.000000,15.000000,LOW,True,channel=8; geography=5; occupation=2
C001559,14.000000,0.000000,0.000000,2.000000,5.000000,0.000000,21.000000,LOW,False,geography=14; channel=5; occupation=2
C001560,5.000000,0.000000,0.000000,10.000000,2.000000,0.000000,17.000000,LOW,False,occupation=10; geography=5; channel=2
C001561,5.000000,0.000000,0.000000,2.000000,2.000000,0.000000,9.000000,LOW,False,geography=5; occupation=2; channel=2
C001562,5.000000,0.000000,0.000000,2.000000,8.000000,0.000000,15.000000,LOW,False,channel=8; geography=5; occupation=2
C001563,5.000000,0.000000,0.000000,2.000000,8.000000,0.000000,15.000000,LOW,False,channel=8; geography=5; occupation=2
C001564,5.000000,0.000000,0.000000,2.000000,8.000000,0.000000,15.000000,LOW,True,channel=8; geography=5; occupation=2
C001565,5.000000,0.000000,0.000000,2.000000,2.000000,0.000000,9.000000,LOW,False,geography=5; occupation=2; channel=2
C001566,5.000000,0.000000,0.000000,2.000000,8.000000,0.000000,15.000000,LOW,True,channel=8; geography=5; occupation=2
C001567,14.000000,0.000000,0.000000,2.000000,8.000000,13.000000,37.000000,MEDIUM,True,geography=14; KYC control gap=13; channel=8
C001568,14.000000,0.000000,0.000000,2.000000,2.000000,0.000000,18.000000,LOW,False,geography=14; occupation=2; channel=2
C001569,5.000000,0.000000,0.000000,2.000000,8.000000,0.000000,15.000000,LOW,False,channel=8; geography=5; occupation=2
C001570,5.000000,22.000000,0.000000,2.000000,2.000000,0.000000,31.000000,MEDIUM,False,PEP=22; geography=5; occupation=2
C001571,5.000000,0.000000,0.000000,20.000000,2.000000,0.000000,27.000000,LOW,False,occupation=20; geography=5; channel=2
C001572,5.000000,0.000000,0.000000,2.000000,2.000000,0.000000,9.000000,LOW,True,geography=5; occupation=2; channel=2
C001573,5.000000,0.000000,0.000000,10.000000,8.000000,0.000000,23.000000,LOW,True,occupation=10; channel=8; geography=5
C001574,5.000000,0.000000,0.000000,10.000000,8.000000,0.000000,23.000000,LOW,False,occupation=10; channel=8; geography=5
C001575,5.000000,0.000000,0.000000,2.000000,2.000000,0.000000,9.000000,LOW,False,geography=5; occupation=2; channel=2
C001576,5.000000,0.000000,0.000000,2.000000,8.000000,0.000000,15.000000,LOW,True,channel=8; geography=5; occupation=2
C001577,5.000000,0.000000,0.000000,2.000000,8.000000,0.000000,15.000000,LOW,False,channel=8; geography=5; occupation=2
C001578,5.000000,0.000000,0.000000,2.000000,5.000000,0.000000,12.000000,LOW,True,geography=5; channel=5; occupation=2
C001579,4.000000,0.000000,0.000000,10.000000,8.000000,0.000000,22.000000,LOW,False,occupation=10; channel=8; geography=4
C001580,5.000000,0.000000,0.000000,2.000000,8.000000,0.000000,15.000000,LOW,True,channel=8; geography=5; occupation=2
C001581,5.000000,0.000000,0.000000,10.000000,2.000000,0.000000,17.000000,LOW,True,occupation=10; geography=5; channel=2
C001582,5.000000,0.000000,0.000000,2.000000,8.000000,0.000000,15.000000,LOW,True,channel=8; geography=5; occupation=2
C001583,5.000000,0.000000,0.000000,10.000000,8.000000,0.000000,23.000000,LOW,True,occupation=10; channel=8; geography=5
C001584,5.000000,0.000000,0.000000,2.000000,2.000000,0.000000,9.000000,LOW,True,geography=5; occupation=2; channel=2
C001585,5.000000,0.000000,0.000000,2.000000,8.000000,0.000000,15.000000,LOW,False,channel=8; geography=5; occupation=2
C001586,4.000000,0.000000,0.000000,10.000000,8.000000,0.000000,22.000000,LOW,True,occupation=10; channel=8; geography=4
C001587,5.000000,0.000000,0.000000,10.000000,2.000000,12.000000,29.000000,MEDIUM,False,KYC control gap=12; occupation=10; geography=5
C001588,5.000000,0.000000,0.000000,2.000000,2.000000,0.000000,9.000000,LOW,False,geography=5; occupation=2; channel=2
C001589,5.000000,0.000000,0.000000,10.000000,8.000000,0.000000,23.000000,LOW,True,occupation=10; channel=8; geography=5
C001590,5.000000,22.000000,0.000000,2.000000,2.000000,0.000000,31.000000,MEDIUM,True,PEP=22; geography=5; occupation=2
C001591,16.000000,0.000000,0.000000,2.000000,2.000000,0.000000,20.000000,LOW,True,geography=16; occupation=2; channel=2
C001592,5.000000,0.000000,0.000000,2.000000,2.000000,0.000000,9.000000,LOW,False,geography=5; occupation=2; channel=2
C001593,5.000000,0.000000,0.000000,10.000000,8.000000,0.000000,23.000000,LOW,False,occupation=10; channel=8; geography=5
C001594,5.000000,0.000000,0.000000,10.000000,2.000000,0.000000,17.000000,LOW,False,occupation=10; geography=5; channel=2
C001595,5.000000,0.000000,0.000000,2.000000,8.000000,0.000000,15.000000,LOW,True,channel=8; geography=5; occupation=2
C001596,30.000000,22.000000,0.000000,2.000000,2.000000,0.000000,56.000000,HIGH,True,geography=30; PEP=22; occupation=2
C001597,5.000000,0.000000,0.000000,20.000000,2.000000,0.000000,27.000000,LOW,False,occupation=20; geography=5; channel=2
C001598,5.000000,0.000000,0.000000,2.000000,2.000000,12.000000,21.000000,LOW,False,KYC control gap=12; geography=5; occupation=2
C001599,5.000000,0.000000,0.000000,10.000000,2.000000,0.000000,17.000000,LOW,False,occupation=10; geography=5; channel=2
C001600,5.000000,0.000000,0.000000,2.000000,5.000000,0.000000,12.000000,LOW,True,geography=5; channel=5; occupation=2
C001601,5.000000,0.000000,0.000000,20.000000,2.000000,0.000000,27.000000,LOW,True,occupation=20; geography=5; channel=2
C001602,5.000000,0.000000,0.000000,2.000000,8.000000,0.000000,15.000000,LOW,True,channel=8; geography=5; occupation=2
C001603,5.000000,0.000000,0.000000,2.000000,5.000000,0.000000,12.000000,LOW,False,geography=5; channel=5; occupation=2
C001604,5.000000,0.000000,0.000000,10.000000,8.000000,0.000000,23.000000,LOW,True,occupation=10; channel=8; geography=5
C001605,5.000000,0.000000,0.000000,10.000000,5.000000,0.000000,20.000000,LOW,False,occupation=10; geography=5; channel=5
C001606,5.000000,0.000000,0.000000,20.000000,8.000000,0.000000,33.000000,MEDIUM,False,occupation=20; channel=8; geography=5
C001607,5.000000,0.000000,0.000000,10.000000,2.000000,0.000000,17.000000,LOW,False,occupation=10; geography=5; channel=2
C001608,5.000000,0.000000,0.000000,2.000000,8.000000,0.000000,15.000000,LOW,False,channel=8; geography=5; occupation=2
C001609,5.000000,0.000000,0.000000,2.000000,2.000000,0.000000,9.000000,LOW,False,geography=5; occupation=2; channel=2
C001610,4.000000,0.000000,0.000000,2.000000,8.000000,0.000000,14.000000,LOW,False,channel=8; geography=4; occupation=2
C001611,5.000000,0.000000,0.000000,10.000000,8.000000,0.000000,23.000000,LOW,False,occupation=10; channel=8; geography=5
C001612,5.000000,0.000000,0.000000,2.000000,2.000000,0.000000,9.000000,LOW,False,geography=5; occupation=2; channel=2
C001613,5.000000,0.000000,0.000000,2.000000,2.000000,0.000000,9.000000,LOW,True,geography=5; occupation=2; channel=2
C001614,4.000000,0.000000,0.000000,10.000000,2.000000,0.000000,16.000000,LOW,False,occupation=10; geography=4; channel=2
C001615,5.000000,0.000000,0.000000,10.000000,2.000000,0.000000,17.000000,LOW,True,occupation=10; geography=5; channel=2
C001616,5.000000,0.000000,0.000000,2.000000,2.000000,0.000000,9.000000,LOW,True,geography=5; occupation=2; channel=2
C001617,5.000000,0.000000,0.000000,2.000000,8.000000,12.000000,27.000000,LOW,True,KYC control gap=12; channel=8; geography=5
C001618,5.000000,0.000000,0.000000,10.000000,8.000000,0.000000,23.000000,LOW,True,occupation=10; channel=8; geography=5
C001619,6.000000,0.000000,0.000000,2.000000,8.000000,0.000000,16.000000,LOW,True,channel=8; geography=6; occupation=2
C001620,5.000000,0.000000,0.000000,10.000000,2.000000,0.000000,17.000000,LOW,False,occupation=10; geography=5; channel=2
C001621,16.000000,0.000000,0.000000,2.000000,8.000000,0.000000,26.000000,LOW,False,geography=16; channel=8; occupation=2
C001622,5.000000,0.000000,0.000000,2.000000,2.000000,0.000000,9.000000,LOW,True,geography=5; occupation=2; channel=2
C001623,5.000000,0.000000,0.000000,10.000000,2.000000,0.000000,17.000000,LOW,False,occupation=10; geography=5; channel=2
C001624,5.000000,0.000000,0.000000,2.000000,2.000000,0.000000,9.000000,LOW,False,geography=5; occupation=2; channel=2
C001625,5.000000,0.000000,0.000000,10.000000,2.000000,13.000000,30.000000,MEDIUM,True,KYC control gap=13; occupation=10; geography=5
C001626,5.000000,0.000000,0.000000,10.000000,2.000000,0.000000,17.000000,LOW,True,occupation=10; geography=5; channel=2
C001627,5.000000,0.000000,0.000000,10.000000,8.000000,0.000000,23.000000,LOW,True,occupation=10; channel=8; geography=5
C001628,5.000000,0.000000,0.000000,2.000000,2.000000,0.000000,9.000000,LOW,False,geography=5; occupation=2; channel=2
C001629,5.000000,0.000000,0.000000,2.000000,8.000000,0.000000,15.000000,LOW,False,channel=8; geography=5; occupation=2
C001630,5.000000,0.000000,0.000000,2.000000,8.000000,0.000000,15.000000,LOW,True,channel=8; geography=5; occupation=2
C001631,14.000000,0.000000,0.000000,2.000000,8.000000,0.000000,24.000000,LOW,True,geography=14; channel=8; occupation=2
C001632,5.000000,0.000000,0.000000,2.000000,8.000000,0.000000,15.000000,LOW,True,channel=8; geography=5; occupation=2
C001633,5.000000,0.000000,0.000000,20.000000,8.000000,0.000000,33.000000,MEDIUM,True,occupation=20; channel=8; geography=5
C001634,5.000000,0.000000,0.000000,10.000000,8.000000,0.000000,23.000000,LOW,False,occupation=10; channel=8; geography=5
C001635,5.000000,0.000000,0.000000,2.000000,8.000000,0.000000,15.000000,LOW,True,channel=8; geography=5; occupation=2
C001636,18.000000,0.000000,0.000000,10.000000,8.000000,0.000000,36.000000,MEDIUM,True,geography=18; occupation=10; channel=8
C001637,5.000000,0.000000,0.000000,2.000000,8.000000,0.000000,15.000000,LOW,True,channel=8; geography=5; occupation=2
C001638,5.000000,0.000000,0.000000,2.000000,8.000000,0.000000,15.000000,LOW,True,channel=8; geography=5; occupation=2
C001639,5.000000,0.000000,0.000000,2.000000,2.000000,0.000000,9.000000,LOW,False,geography=5; occupation=2; channel=2
C001640,5.000000,0.000000,0.000000,2.000000,2.000000,0.000000,9.000000,LOW,False,geography=5; occupation=2; channel=2
C001641,14.000000,0.000000,0.000000,2.000000,2.000000,0.000000,18.000000,LOW,False,geography=14; occupation=2; channel=2
C001642,5.000000,0.000000,0.000000,2.000000,2.000000,0.000000,9.000000,LOW,False,geography=5; occupation=2; channel=2
C001643,5.000000,0.000000,0.000000,10.000000,2.000000,0.000000,17.000000,LOW,False,occupation=10; geography=5; channel=2
C001644,14.000000,0.000000,0.000000,2.000000,2.000000,0.000000,18.000000,LOW,True,geography=14; occupation=2; channel=2
C001645,5.000000,0.000000,0.000000,2.000000,8.000000,12.000000,27.000000,LOW,False,KYC control gap=12; channel=8; geography=5
C001646,5.000000,0.000000,0.000000,2.000000,8.000000,0.000000,15.000000,LOW,False,channel=8; geography=5; occupation=2
C001647,5.000000,0.000000,0.000000,2.000000,8.000000,0.000000,15.000000,LOW,False,channel=8; geography=5; occupation=2
C001648,5.000000,0.000000,0.000000,10.000000,5.000000,0.000000,20.000000,LOW,True,occupation=10; geography=5; channel=5
C001649,5.000000,0.000000,0.000000,10.000000,2.000000,0.000000,17.000000,LOW,True,occupation=10; geography=5; channel=2
C001650,5.000000,0.000000,0.000000,10.000000,2.000000,0.000000,17.000000,LOW,False,occupation=10; geography=5; channel=2
C001651,4.000000,0.000000,0.000000,2.000000,8.000000,0.000000,14.000000,LOW,True,channel=8; geography=4; occupation=2
C001652,16.000000,0.000000,0.000000,2.000000,8.000000,12.000000,38.000000,MEDIUM,True,geography=16; KYC control gap=12; channel=8
C001653,5.000000,0.000000,0.000000,10.000000,2.000000,0.000000,17.000000,LOW,False,occupation=10; geography=5; channel=2
C001654,5.000000,0.000000,0.000000,2.000000,8.000000,0.000000,15.000000,LOW,True,channel=8; geography=5; occupation=2
C001655,5.000000,0.000000,0.000000,2.000000,8.000000,0.000000,15.000000,LOW,True,channel=8; geography=5; occupation=2
C001656,6.000000,0.000000,0.000000,2.000000,8.000000,0.000000,16.000000,LOW,True,channel=8; geography=6; occupation=2
C001657,18.000000,0.000000,0.000000,2.000000,2.000000,0.000000,22.000000,LOW,False,geography=18; occupation=2; channel=2
C001658,5.000000,0.000000,0.000000,2.000000,2.000000,0.000000,9.000000,LOW,False,geography=5; occupation=2; channel=2
C001659,5.000000,0.000000,0.000000,2.000000,2.000000,0.000000,9.000000,LOW,True,geography=5; occupation=2; channel=2
C001660,5.000000,0.000000,0.000000,2.000000,2.000000,0.000000,9.000000,LOW,False,geography=5; occupation=2; channel=2
C001661,5.000000,0.000000,0.000000,2.000000,5.000000,0.000000,12.000000,LOW,True,geography=5; channel=5; occupation=2
C001662,5.000000,0.000000,0.000000,10.000000,5.000000,0.000000,20.000000,LOW,False,occupation=10; geography=5; channel=5
C001663,5.000000,0.000000,0.000000,2.000000,2.000000,0.000000,9.000000,LOW,False,geography=5; occupation=2; channel=2
C001664,5.000000,0.000000,0.000000,20.000000,2.000000,0.000000,27.000000,LOW,False,occupation=20; geography=5; channel=2
C001665,5.000000,0.000000,0.000000,20.000000,5.000000,0.000000,30.000000,MEDIUM,True,occupation=20; geography=5; channel=5
C001666,5.000000,0.000000,0.000000,2.000000,2.000000,0.000000,9.000000,LOW,True,geography=5; occupation=2; channel=2
C001667,5.000000,0.000000,0.000000,10.000000,8.000000,0.000000,23.000000,LOW,False,occupation=10; channel=8; geography=5
C001668,5.000000,0.000000,0.000000,10.000000,2.000000,0.000000,17.000000,LOW,True,occupation=10; geography=5; channel=2
C001669,5.000000,0.000000,0.000000,10.000000,2.000000,0.000000,17.000000,LOW,False,occupation=10; geography=5; channel=2
C001670,5.000000,0.000000,0.000000,2.000000,8.000000,0.000000,15.000000,LOW,True,channel=8; geography=5; occupation=2
C001671,5.000000,0.000000,0.000000,10.000000,2.000000,0.000000,17.000000,LOW,False,occupation=10; geography=5; channel=2
C001672,5.000000,0.000000,0.000000,2.000000,2.000000,0.000000,9.000000,LOW,True,geography=5; occupation=2; channel=2
C001673,5.000000,0.000000,0.000000,10.000000,2.000000,0.000000,17.000000,LOW,False,occupation=10; geography=5; channel=2
C001674,5.000000,0.000000,0.000000,2.000000,2.000000,0.000000,9.000000,LOW,False,geography=5; occupation=2; channel=2
C001675,5.000000,0.000000,0.000000,2.000000,8.000000,0.000000,15.000000,LOW,True,channel=8; geography=5; occupation=2
C001676,18.000000,0.000000,0.000000,2.000000,8.000000,0.000000,28.000000,MEDIUM,False,geography=18; channel=8; occupation=2
C001677,5.000000,0.000000,0.000000,2.000000,5.000000,0.000000,12.000000,LOW,False,geography=5; channel=5; occupation=2
C001678,5.000000,0.000000,0.000000,10.000000,8.000000,0.000000,23.000000,LOW,False,occupation=10; channel=8; geography=5
C001679,5.000000,0.000000,0.000000,2.000000,8.000000,0.000000,15.000000,LOW,False,channel=8; geography=5; occupation=2
C001680,5.000000,0.000000,0.000000,2.000000,2.000000,0.000000,9.000000,LOW,False,geography=5; occupation=2; channel=2
C001681,6.000000,0.000000,0.000000,10.000000,8.000000,0.000000,24.000000,LOW,True,occupation=10; channel=8; geography=6
C001682,5.000000,0.000000,0.000000,2.000000,2.000000,0.000000,9.000000,LOW,True,geography=5; occupation=2; channel=2
C001683,14.000000,0.000000,0.000000,10.000000,8.000000,0.000000,32.000000,MEDIUM,False,geography=14; occupation=10; channel=8
C001684,5.000000,0.000000,0.000000,2.000000,8.000000,0.000000,15.000000,LOW,True,channel=8; geography=5; occupation=2
C001685,5.000000,0.000000,0.000000,2.000000,2.000000,0.000000,9.000000,LOW,False,geography=5; occupation=2; channel=2
C001686,18.000000,0.000000,0.000000,2.000000,8.000000,0.000000,28.000000,MEDIUM,False,geography=18; channel=8; occupation=2
C001687,5.000000,0.000000,0.000000,2.000000,2.000000,0.000000,9.000000,LOW,False,geography=5; occupation=2; channel=2
C001688,14.000000,0.000000,0.000000,2.000000,8.000000,0.000000,24.000000,LOW,True,geography=14; channel=8; occupation=2
C001689,5.000000,0.000000,0.000000,10.000000,8.000000,0.000000,23.000000,LOW,False,occupation=10; channel=8; geography=5
C001690,5.000000,0.000000,0.000000,2.000000,2.000000,0.000000,9.000000,LOW,True,geography=5; occupation=2; channel=2
C001691,5.000000,0.000000,0.000000,10.000000,8.000000,0.000000,23.000000,LOW,False,occupation=10; channel=8; geography=5
C001692,6.000000,0.000000,0.000000,10.000000,8.000000,0.000000,24.000000,LOW,False,occupation=10; channel=8; geography=6
C001693,5.000000,0.000000,0.000000,2.000000,8.000000,0.000000,15.000000,LOW,False,channel=8; geography=5; occupation=2
C001694,5.000000,0.000000,0.000000,2.000000,8.000000,0.000000,15.000000,LOW,False,channel=8; geography=5; occupation=2
C001695,5.000000,0.000000,0.000000,10.000000,2.000000,0.000000,17.000000,LOW,True,occupation=10; geography=5; channel=2
C001696,4.000000,0.000000,0.000000,10.000000,2.000000,0.000000,16.000000,LOW,False,occupation=10; geography=4; channel=2
C001697,5.000000,0.000000,0.000000,2.000000,5.000000,12.000000,24.000000,LOW,True,KYC control gap=12; geography=5; channel=5
C001698,5.000000,0.000000,0.000000,10.000000,2.000000,0.000000,17.000000,LOW,True,occupation=10; geography=5; channel=2
C001699,5.000000,0.000000,0.000000,2.000000,8.000000,0.000000,15.000000,LOW,True,channel=8; geography=5; occupation=2
C001700,5.000000,0.000000,0.000000,10.000000,2.000000,0.000000,17.000000,LOW,False,occupation=10; geography=5; channel=2
C001701,5.000000,0.000000,0.000000,10.000000,8.000000,0.000000,23.000000,LOW,False,occupation=10; channel=8; geography=5
C001702,14.000000,0.000000,0.000000,2.000000,2.000000,0.000000,18.000000,LOW,False,geography=14; occupation=2; channel=2
C001703,5.000000,0.000000,0.000000,2.000000,8.000000,0.000000,15.000000,LOW,False,channel=8; geography=5; occupation=2
C001704,5.000000,0.000000,0.000000,2.000000,2.000000,0.000000,9.000000,LOW,True,geography=5; occupation=2; channel=2
C001705,5.000000,0.000000,0.000000,2.000000,2.000000,0.000000,9.000000,LOW,False,geography=5; occupation=2; channel=2
C001706,5.000000,0.000000,0.000000,2.000000,2.000000,0.000000,9.000000,LOW,False,geography=5; occupation=2; channel=2
C001707,5.000000,0.000000,0.000000,10.000000,2.000000,0.000000,17.000000,LOW,False,occupation=10; geography=5; channel=2
C001708,5.000000,0.000000,0.000000,20.000000,8.000000,0.000000,33.000000,MEDIUM,True,occupation=20; channel=8; geography=5
C001709,5.000000,0.000000,0.000000,20.000000,2.000000,0.000000,27.000000,LOW,True,occupation=20; geography=5; channel=2
C001710,14.000000,22.000000,0.000000,2.000000,8.000000,0.000000,46.000000,HIGH,False,PEP=22; geography=14; channel=8
C001711,5.000000,0.000000,0.000000,10.000000,2.000000,0.000000,17.000000,LOW,True,occupation=10; geography=5; channel=2
C001712,5.000000,0.000000,0.000000,10.000000,8.000000,0.000000,23.000000,LOW,False,occupation=10; channel=8; geography=5
C001713,5.000000,0.000000,0.000000,2.000000,8.000000,0.000000,15.000000,LOW,True,channel=8; geography=5; occupation=2
C001714,5.000000,22.000000,0.000000,2.000000,8.000000,0.000000,37.000000,MEDIUM,True,PEP=22; channel=8; geography=5
C001715,5.000000,0.000000,0.000000,2.000000,5.000000,0.000000,12.000000,LOW,True,geography=5; channel=5; occupation=2
C001716,5.000000,0.000000,0.000000,2.000000,2.000000,0.000000,9.000000,LOW,True,geography=5; occupation=2; channel=2
C001717,5.000000,0.000000,0.000000,2.000000,8.000000,0.000000,15.000000,LOW,False,channel=8; geography=5; occupation=2
C001718,5.000000,0.000000,0.000000,2.000000,8.000000,0.000000,15.000000,LOW,False,channel=8; geography=5; occupation=2
C001719,5.000000,0.000000,0.000000,10.000000,2.000000,0.000000,17.000000,LOW,True,occupation=10; geography=5; channel=2
C001720,14.000000,0.000000,0.000000,2.000000,8.000000,0.000000,24.000000,LOW,False,geography=14; channel=8; occupation=2
C001721,5.000000,0.000000,0.000000,2.000000,8.000000,12.000000,27.000000,LOW,True,KYC control gap=12; channel=8; geography=5
C001722,5.000000,0.000000,0.000000,2.000000,5.000000,13.000000,25.000000,LOW,False,KYC control gap=13; geography=5; channel=5
C001723,5.000000,0.000000,0.000000,10.000000,2.000000,0.000000,17.000000,LOW,True,occupation=10; geography=5; channel=2
C001724,5.000000,0.000000,0.000000,2.000000,2.000000,0.000000,9.000000,LOW,True,geography=5; occupation=2; channel=2
C001725,14.000000,0.000000,0.000000,2.000000,8.000000,12.000000,36.000000,MEDIUM,True,geography=14; KYC control gap=12; channel=8
C001726,5.000000,0.000000,0.000000,10.000000,2.000000,0.000000,17.000000,LOW,False,occupation=10; geography=5; channel=2
C001727,5.000000,0.000000,0.000000,2.000000,2.000000,0.000000,9.000000,LOW,True,geography=5; occupation=2; channel=2
C001728,5.000000,0.000000,35.000000,10.000000,2.000000,0.000000,52.000000,HIGH,False,synthetic screening=35; occupation=10; geography=5
C001729,14.000000,0.000000,0.000000,2.000000,2.000000,0.000000,18.000000,LOW,False,geography=14; occupation=2; channel=2
C001730,14.000000,0.000000,0.000000,2.000000,2.000000,0.000000,18.000000,LOW,True,geography=14; occupation=2; channel=2
C001731,5.000000,0.000000,0.000000,10.000000,8.000000,0.000000,23.000000,LOW,True,occupation=10; channel=8; geography=5
C001732,5.000000,0.000000,0.000000,2.000000,2.000000,0.000000,9.000000,LOW,False,geography=5; occupation=2; channel=2
C001733,5.000000,0.000000,0.000000,2.000000,2.000000,0.000000,9.000000,LOW,False,geography=5; occupation=2; channel=2
C001734,18.000000,0.000000,0.000000,2.000000,2.000000,0.000000,22.000000,LOW,True,geography=18; occupation=2; channel=2
C001735,5.000000,0.000000,0.000000,2.000000,8.000000,0.000000,15.000000,LOW,True,channel=8; geography=5; occupation=2
C001736,5.000000,0.000000,0.000000,2.000000,8.000000,0.000000,15.000000,LOW,True,channel=8; geography=5; occupation=2
C001737,5.000000,0.000000,0.000000,10.000000,8.000000,0.000000,23.000000,LOW,True,occupation=10; channel=8; geography=5
C001738,30.000000,0.000000,0.000000,2.000000,8.000000,0.000000,40.000000,MEDIUM,True,geography=30; channel=8; occupation=2
C001739,5.000000,0.000000,0.000000,2.000000,5.000000,0.000000,12.000000,LOW,False,geography=5; channel=5; occupation=2
C001740,5.000000,0.000000,0.000000,10.000000,2.000000,0.000000,17.000000,LOW,False,occupation=10; geography=5; channel=2
C001741,5.000000,0.000000,0.000000,2.000000,8.000000,0.000000,15.000000,LOW,True,channel=8; geography=5; occupation=2
C001742,5.000000,0.000000,0.000000,2.000000,8.000000,0.000000,15.000000,LOW,True,channel=8; geography=5; occupation=2
C001743,5.000000,0.000000,0.000000,2.000000,2.000000,0.000000,9.000000,LOW,True,geography=5; occupation=2; channel=2
C001744,5.000000,0.000000,0.000000,2.000000,8.000000,12.000000,27.000000,LOW,True,KYC control gap=12; channel=8; geography=5
C001745,5.000000,0.000000,0.000000,2.000000,2.000000,0.000000,9.000000,LOW,False,geography=5; occupation=2; channel=2
C001746,18.000000,0.000000,0.000000,2.000000,2.000000,0.000000,22.000000,LOW,True,geography=18; occupation=2; channel=2
C001747,5.000000,0.000000,0.000000,10.000000,2.000000,13.000000,30.000000,MEDIUM,False,KYC control gap=13; occupation=10; geography=5
C001748,5.000000,0.000000,0.000000,2.000000,2.000000,0.000000,9.000000,LOW,False,geography=5; occupation=2; channel=2
C001749,5.000000,0.000000,0.000000,2.000000,2.000000,12.000000,21.000000,LOW,True,KYC control gap=12; geography=5; occupation=2
C001750,14.000000,0.000000,0.000000,10.000000,8.000000,0.000000,32.000000,MEDIUM,False,geography=14; occupation=10; channel=8
C001751,5.000000,0.000000,0.000000,2.000000,2.000000,0.000000,9.000000,LOW,True,geography=5; occupation=2; channel=2
C001752,5.000000,0.000000,0.000000,2.000000,8.000000,0.000000,15.000000,LOW,True,channel=8; geography=5; occupation=2
C001753,5.000000,0.000000,0.000000,2.000000,8.000000,0.000000,15.000000,LOW,True,channel=8; geography=5; occupation=2
C001754,5.000000,0.000000,0.000000,2.000000,2.000000,0.000000,9.000000,LOW,True,geography=5; occupation=2; channel=2
C001755,5.000000,0.000000,0.000000,10.000000,2.000000,0.000000,17.000000,LOW,True,occupation=10; geography=5; channel=2
C001756,5.000000,0.000000,0.000000,2.000000,2.000000,0.000000,9.000000,LOW,False,geography=5; occupation=2; channel=2
C001757,5.000000,0.000000,0.000000,20.000000,2.000000,0.000000,27.000000,LOW,True,occupation=20; geography=5; channel=2
C001758,5.000000,0.000000,0.000000,2.000000,8.000000,0.000000,15.000000,LOW,True,channel=8; geography=5; occupation=2
C001759,5.000000,0.000000,0.000000,10.000000,8.000000,0.000000,23.000000,LOW,True,occupation=10; channel=8; geography=5
C001760,5.000000,0.000000,0.000000,2.000000,8.000000,0.000000,15.000000,LOW,False,channel=8; geography=5; occupation=2
C001761,14.000000,0.000000,0.000000,10.000000,8.000000,0.000000,32.000000,MEDIUM,False,geography=14; occupation=10; channel=8
C001762,5.000000,0.000000,0.000000,20.000000,8.000000,0.000000,33.000000,MEDIUM,False,occupation=20; channel=8; geography=5
C001763,6.000000,0.000000,0.000000,2.000000,2.000000,0.000000,10.000000,LOW,True,geography=6; occupation=2; channel=2
C001764,5.000000,0.000000,0.000000,2.000000,8.000000,0.000000,15.000000,LOW,True,channel=8; geography=5; occupation=2
C001765,5.000000,0.000000,0.000000,2.000000,8.000000,0.000000,15.000000,LOW,False,channel=8; geography=5; occupation=2
C001766,18.000000,0.000000,0.000000,2.000000,8.000000,0.000000,28.000000,MEDIUM,True,geography=18; channel=8; occupation=2
C001767,4.000000,0.000000,0.000000,2.000000,5.000000,0.000000,11.000000,LOW,True,channel=5; geography=4; occupation=2
C001768,5.000000,22.000000,0.000000,2.000000,8.000000,0.000000,37.000000,MEDIUM,True,PEP=22; channel=8; geography=5
C001769,18.000000,0.000000,0.000000,2.000000,8.000000,0.000000,28.000000,MEDIUM,False,geography=18; channel=8; occupation=2
C001770,5.000000,0.000000,0.000000,2.000000,5.000000,12.000000,24.000000,LOW,True,KYC control gap=12; geography=5; channel=5
C001771,5.000000,0.000000,0.000000,10.000000,8.000000,0.000000,23.000000,LOW,False,occupation=10; channel=8; geography=5
C001772,5.000000,0.000000,0.000000,2.000000,2.000000,0.000000,9.000000,LOW,True,geography=5; occupation=2; channel=2
C001773,16.000000,0.000000,0.000000,2.000000,2.000000,0.000000,20.000000,LOW,True,geography=16; occupation=2; channel=2
C001774,5.000000,0.000000,0.000000,2.000000,5.000000,0.000000,12.000000,LOW,True,geography=5; channel=5; occupation=2
C001775,5.000000,0.000000,0.000000,2.000000,8.000000,0.000000,15.000000,LOW,True,channel=8; geography=5; occupation=2
C001776,16.000000,0.000000,0.000000,2.000000,8.000000,0.000000,26.000000,LOW,False,geography=16; channel=8; occupation=2
C001777,5.000000,0.000000,0.000000,2.000000,2.000000,0.000000,9.000000,LOW,True,geography=5; occupation=2; channel=2
C001778,5.000000,0.000000,0.000000,10.000000,5.000000,0.000000,20.000000,LOW,True,occupation=10; geography=5; channel=5
C001779,5.000000,0.000000,0.000000,2.000000,2.000000,0.000000,9.000000,LOW,False,geography=5; occupation=2; channel=2
C001780,18.000000,0.000000,0.000000,2.000000,2.000000,0.000000,22.000000,LOW,True,geography=18; occupation=2; channel=2
C001781,5.000000,0.000000,0.000000,2.000000,2.000000,12.000000,21.000000,LOW,True,KYC control gap=12; geography=5; occupation=2
C001782,5.000000,0.000000,0.000000,10.000000,8.000000,0.000000,23.000000,LOW,False,occupation=10; channel=8; geography=5
C001783,5.000000,0.000000,0.000000,2.000000,8.000000,0.000000,15.000000,LOW,False,channel=8; geography=5; occupation=2
C001784,5.000000,0.000000,0.000000,2.000000,2.000000,0.000000,9.000000,LOW,True,geography=5; occupation=2; channel=2
C001785,5.000000,0.000000,0.000000,2.000000,2.000000,0.000000,9.000000,LOW,False,geography=5; occupation=2; channel=2
C001786,5.000000,0.000000,0.000000,2.000000,8.000000,0.000000,15.000000,LOW,True,channel=8; geography=5; occupation=2
C001787,5.000000,0.000000,0.000000,2.000000,8.000000,0.000000,15.000000,LOW,False,channel=8; geography=5; occupation=2
C001788,5.000000,0.000000,0.000000,10.000000,8.000000,0.000000,23.000000,LOW,False,occupation=10; channel=8; geography=5
C001789,5.000000,0.000000,0.000000,2.000000,8.000000,0.000000,15.000000,LOW,True,channel=8; geography=5; occupation=2
C001790,5.000000,0.000000,0.000000,2.000000,8.000000,0.000000,15.000000,LOW,True,channel=8; geography=5; occupation=2
C001791,5.000000,0.000000,0.000000,2.000000,8.000000,0.000000,15.000000,LOW,False,channel=8; geography=5; occupation=2
C001792,5.000000,0.000000,0.000000,2.000000,2.000000,0.000000,9.000000,LOW,False,geography=5; occupation=2; channel=2
C001793,5.000000,0.000000,0.000000,2.000000,2.000000,0.000000,9.000000,LOW,False,geography=5; occupation=2; channel=2
C001794,5.000000,0.000000,0.000000,10.000000,5.000000,0.000000,20.000000,LOW,True,occupation=10; geography=5; channel=5
C001795,5.000000,0.000000,0.000000,10.000000,8.000000,0.000000,23.000000,LOW,False,occupation=10; channel=8; geography=5
C001796,5.000000,0.000000,0.000000,2.000000,8.000000,0.000000,15.000000,LOW,False,channel=8; geography=5; occupation=2
C001797,5.000000,22.000000,0.000000,2.000000,8.000000,0.000000,37.000000,MEDIUM,False,PEP=22; channel=8; geography=5
C001798,14.000000,0.000000,0.000000,2.000000,2.000000,0.000000,18.000000,LOW,False,geography=14; occupation=2; channel=2
C001799,5.000000,0.000000,0.000000,2.000000,8.000000,25.000000,40.000000,MEDIUM,True,KYC control gap=25; channel=8; geography=5
C001800,5.000000,0.000000,0.000000,2.000000,2.000000,0.000000,9.000000,LOW,True,geography=5; occupation=2; channel=2
